2026-08-28 17:19:43 | INFO | amazon_scrapper | Reading keyword workbook: data/Search Keyword Lists.xlsx
2026-08-28 17:19:43 | INFO | amazon_scrapper | Read 28 rows from keyword workbook
2026-08-28 17:19:43 | INFO | amazon_scrapper | Loaded 28 keywords from the input workbook
2026-08-28 17:19:43 | INFO | amazon_scrapper | Starting scrape for 28 keywords
2026-08-28 17:19:44 | INFO | amazon_scrapper | Searching Amazon for keyword='wireless earbuds'
2026-08-28 17:19:48 | INFO | amazon_scrapper | Found 16 products for keyword='wireless earbuds'; skipped=0
2026-08-28 17:19:48 | INFO | amazon_scrapper | Searching Amazon for keyword='gaming mouse'
2026-08-28 17:19:54 | INFO | amazon_scrapper | Found 16 products for keyword='gaming mouse'; skipped=6
2026-08-28 17:19:54 | INFO | amazon_scrapper | Searching Amazon for keyword='USB-C hub'
2026-08-28 17:19:58 | INFO | amazon_scrapper | Found 16 products for keyword='USB-C hub'; skipped=6
2026-08-28 17:19:58 | INFO | amazon_scrapper | Searching Amazon for keyword='mechanical keyboard'
2026-08-28 17:20:09 | INFO | amazon_scrapper | Found 16 products for keyword='mechanical keyboard'; skipped=6
2026-08-28 17:20:09 | INFO | amazon_scrapper | Searching Amazon for keyword='smartwatch'
2026-08-28 17:20:20 | INFO | amazon_scrapper | Found 16 products for keyword='smartwatch'; skipped=6
2026-08-28 17:20:20 | INFO | amazon_scrapper | Searching Amazon for keyword='phone case'
2026-08-28 17:20:24 | INFO | amazon_scrapper | Found 16 products for keyword='phone case'; skipped=6
2026-08-28 17:20:24 | INFO | amazon_scrapper | Searching Amazon for keyword='portable charger'
2026-08-28 17:20:28 | INFO | amazon_scrapper | Found 16 products for keyword='portable charger'; skipped=6
2026-08-28 17:20:28 | INFO | amazon_scrapper | Searching Amazon for keyword='webcam HD'
2026-08-28 17:20:33 | INFO | amazon_scrapper | Found 16 products for keyword='webcam HD'; skipped=6
2026-08-28 17:20:33 | INFO | amazon_scrapper | Searching Amazon for keyword='desk lamp LED'
2026-08-28 17:20:40 | INFO | amazon_scrapper | Found 48 products for keyword='desk lamp LED'; skipped=12
2026-08-28 17:20:40 | INFO | amazon_scrapper | Searching Amazon for keyword='air purifier'
2026-08-28 17:20:46 | INFO | amazon_scrapper | Found 16 products for keyword='air purifier'; skipped=6
2026-08-28 17:20:46 | INFO | amazon_scrapper | Searching Amazon for keyword='instant pot'
2026-08-28 17:20:52 | INFO | amazon_scrapper | Found 16 products for keyword='instant pot'; skipped=6
2026-08-28 17:20:52 | INFO | amazon_scrapper | Searching Amazon for keyword='electric toothbrush'
2026-08-28 17:20:58 | INFO | amazon_scrapper | Found 48 products for keyword='electric toothbrush'; skipped=12
2026-08-28 17:20:58 | INFO | amazon_scrapper | Searching Amazon for keyword='budget laptop'
2026-08-28 17:21:04 | INFO | amazon_scrapper | Found 16 products for keyword='budget laptop'; skipped=6
2026-08-28 17:21:04 | INFO | amazon_scrapper | Searching Amazon for keyword='bluetooth speaker'
2026-08-28 17:21:09 | INFO | amazon_scrapper | Found 16 products for keyword='bluetooth speaker'; skipped=6
2026-08-28 17:21:09 | INFO | amazon_scrapper | Searching Amazon for keyword='kitchen knife set'
2026-08-28 17:21:15 | INFO | amazon_scrapper | Found 48 products for keyword='kitchen knife set'; skipped=0
2026-08-28 17:21:15 | INFO | amazon_scrapper | Searching Amazon for keyword='DSLR camera'
2026-08-28 17:21:20 | INFO | amazon_scrapper | Found 16 products for keyword='DSLR camera'; skipped=6
2026-08-28 17:21:20 | INFO | amazon_scrapper | Searching Amazon for keyword='coffee maker'
2026-08-28 17:21:29 | INFO | amazon_scrapper | Found 48 products for keyword='coffee maker'; skipped=12
2026-08-28 17:21:29 | INFO | amazon_scrapper | Searching Amazon for keyword='gaming chair'
2026-08-28 17:21:36 | INFO | amazon_scrapper | Found 48 products for keyword='gaming chair'; skipped=12
2026-08-28 17:21:36 | INFO | amazon_scrapper | Searching Amazon for keyword='backpack'
2026-08-28 17:21:41 | INFO | amazon_scrapper | Found 16 products for keyword='backpack'; skipped=6
2026-08-28 17:21:41 | INFO | amazon_scrapper | Searching Amazon for keyword='monitor 27 inch'
2026-08-28 17:21:47 | INFO | amazon_scrapper | Found 16 products for keyword='monitor 27 inch'; skipped=6
2026-08-28 17:21:47 | INFO | amazon_scrapper | Searching Amazon for keyword='water bottle'
2026-08-28 17:21:53 | INFO | amazon_scrapper | Found 48 products for keyword='water bottle'; skipped=0
2026-08-28 17:21:53 | INFO | amazon_scrapper | Searching Amazon for keyword='t-shirt'
2026-08-28 17:21:59 | INFO | amazon_scrapper | Found 48 products for keyword='t-shirt'; skipped=12
2026-08-28 17:21:59 | INFO | amazon_scrapper | Searching Amazon for keyword='notebook journal'
2026-08-28 17:22:06 | INFO | amazon_scrapper | Found 48 products for keyword='notebook journal'; skipped=12
2026-08-28 17:22:06 | INFO | amazon_scrapper | Searching Amazon for keyword='sneakers'
2026-08-28 17:22:12 | INFO | amazon_scrapper | Found 48 products for keyword='sneakers'; skipped=0
2026-08-28 17:22:12 | INFO | amazon_scrapper | Searching Amazon for keyword='candle'
2026-08-28 17:22:20 | INFO | amazon_scrapper | Found 48 products for keyword='candle'; skipped=12
2026-08-28 17:22:20 | INFO | amazon_scrapper | Searching Amazon for keyword='sunglasses'
2026-08-28 17:22:26 | INFO | amazon_scrapper | Found 48 products for keyword='sunglasses'; skipped=0
2026-08-28 17:22:26 | INFO | amazon_scrapper | Searching Amazon for keyword='phone stand'
2026-08-28 17:22:30 | INFO | amazon_scrapper | Found 16 products for keyword='phone stand'; skipped=6
2026-08-28 17:22:30 | INFO | amazon_scrapper | Searching Amazon for keyword='yamaha accoustic guitar'
2026-08-28 17:22:35 | INFO | amazon_scrapper | Found 48 products for keyword='yamaha accoustic guitar'; skipped=12
2026-08-28 17:22:38 | INFO | amazon_scrapper | Collected 832 product URLs
2026-08-28 17:22:38 | INFO | amazon_scrapper | Fetching 832 product pages
2026-08-28 17:22:41 | INFO | amazon_scrapper | [1:2] HTTP 200 https://www.amazon.com/Wireless-Earbuds-Bluetooth-Headphones-Earhooks/dp/B0G7H6K1WN/ref=sr_1_2?dib=eyJ2IjoiMSJ9.cHcgliAzcUuJZVVrUBrTMStX2abZeLX8EZ0edgi2DEZbMYT4ZwUqHKs4TB2l6K5y9zzqkRxomM4dC8rAd4yqe_7Dxy0Jl-PxpYqEGj_R3ykaRgjwOq64r_9Ju4V62q15d9hGomNSL4lAF6zArlxks_42uedPs1PAc123J7M2Xsk7-GOzNYyGlolw6HF0-0XzR15fgXZDFNYLd8D_lhapHWLCcGsSSi7vWbXoMvNjnqI.MDQvF_2dtwi838VSt6gBulSTDWhCZJxnBLUbajbFVcs&dib_tag=se&keywords=wireless+earbuds&qid=1787915985&sr=8-2
2026-08-28 17:22:41 | INFO | amazon_scrapper | [1:2] Saved D:\Amazon Scrapper\AmazonScrapper\data\products\keyword_01_product_002.html
2026-08-28 17:22:41 | INFO | amazon_scrapper | [1:5] HTTP 200 https://www.amazon.com/HAOYUYAN-Bluetooth-Headphones-Waterproof-Running%EF%BC%88Rose/dp/B0H5W2YR99/ref=sr_1_5?dib=eyJ2IjoiMSJ9.cHcgliAzcUuJZVVrUBrTMStX2abZeLX8EZ0edgi2DEZbMYT4ZwUqHKs4TB2l6K5y9zzqkRxomM4dC8rAd4yqe_7Dxy0Jl-PxpYqEGj_R3ykaRgjwOq64r_9Ju4V62q15d9hGomNSL4lAF6zArlxks_42uedPs1PAc123J7M2Xsk7-GOzNYyGlolw6HF0-0XzR15fgXZDFNYLd8D_lhapHWLCcGsSSi7vWbXoMvNjnqI.MDQvF_2dtwi838VSt6gBulSTDWhCZJxnBLUbajbFVcs&dib_tag=se&keywords=wireless+earbuds&qid=1787915985&sr=8-5
2026-08-28 17:22:41 | INFO | amazon_scrapper | [1:5] Saved D:\Amazon Scrapper\AmazonScrapper\data\products\keyword_01_product_005.html
2026-08-28 17:22:41 | INFO | amazon_scrapper | [1:1] HTTP 200 https://www.amazon.com/Fhumsh-Bluetooth-Headphones-Canceling-Waterproof/dp/B0HBWW3958/ref=sr_1_1?dib=eyJ2IjoiMSJ9.cHcgliAzcUuJZVVrUBrTMStX2abZeLX8EZ0edgi2DEZbMYT4ZwUqHKs4TB2l6K5y9zzqkRxomM4dC8rAd4yqe_7Dxy0Jl-PxpYqEGj_R3ykaRgjwOq64r_9Ju4V62q15d9hGomNSL4lAF6zArlxks_42uedPs1PAc123J7M2Xsk7-GOzNYyGlolw6HF0-0XzR15fgXZDFNYLd8D_lhapHWLCcGsSSi7vWbXoMvNjnqI.MDQvF_2dtwi838VSt6gBulSTDWhCZJxnBLUbajbFVcs&dib_tag=se&keywords=wireless+earbuds&qid=1787915985&sr=8-1
2026-08-28 17:22:41 | INFO | amazon_scrapper | [1:1] Saved D:\Amazon Scrapper\AmazonScrapper\data\products\keyword_01_product_001.html
2026-08-28 17:22:41 | INFO | amazon_scrapper | [1:4] HTTP 200 https://www.amazon.com/Wireless-Earbuds-Touchscreen-Headphones-Bluetooth/dp/B0HBVXBZPZ/ref=sr_1_4?dib=eyJ2IjoiMSJ9.cHcgliAzcUuJZVVrUBrTMStX2abZeLX8EZ0edgi2DEZbMYT4ZwUqHKs4TB2l6K5y9zzqkRxomM4dC8rAd4yqe_7Dxy0Jl-PxpYqEGj_R3ykaRgjwOq64r_9Ju4V62q15d9hGomNSL4lAF6zArlxks_42uedPs1PAc123J7M2Xsk7-GOzNYyGlolw6HF0-0XzR15fgXZDFNYLd8D_lhapHWLCcGsSSi7vWbXoMvNjnqI.MDQvF_2dtwi838VSt6gBulSTDWhCZJxnBLUbajbFVcs&dib_tag=se&keywords=wireless+earbuds&qid=1787915985&sr=8-4
2026-08-28 17:22:41 | INFO | amazon_scrapper | [1:4] Saved D:\Amazon Scrapper\AmazonScrapper\data\products\keyword_01_product_004.html
2026-08-28 17:22:41 | INFO | amazon_scrapper | [1:3] HTTP 200 https://www.amazon.com/Wireless-Earbuds-Bluetooth-Headphones-Crystal/dp/B0HBW8PTYN/ref=sr_1_3?dib=eyJ2IjoiMSJ9.cHcgliAzcUuJZVVrUBrTMStX2abZeLX8EZ0edgi2DEZbMYT4ZwUqHKs4TB2l6K5y9zzqkRxomM4dC8rAd4yqe_7Dxy0Jl-PxpYqEGj_R3ykaRgjwOq64r_9Ju4V62q15d9hGomNSL4lAF6zArlxks_42uedPs1PAc123J7M2Xsk7-GOzNYyGlolw6HF0-0XzR15fgXZDFNYLd8D_lhapHWLCcGsSSi7vWbXoMvNjnqI.MDQvF_2dtwi838VSt6gBulSTDWhCZJxnBLUbajbFVcs&dib_tag=se&keywords=wireless+earbuds&qid=1787915985&sr=8-3
2026-08-28 17:22:42 | INFO | amazon_scrapper | [1:3] Saved D:\Amazon Scrapper\AmazonScrapper\data\products\keyword_01_product_003.html
2026-08-28 17:22:43 | INFO | amazon_scrapper | [1:7] HTTP 200 https://www.amazon.com/Bluetooth-Headphones-Cancelling-Waterproof-Earphones/dp/B0H8Y9LL1G/ref=sr_1_7?dib=eyJ2IjoiMSJ9.cHcgliAzcUuJZVVrUBrTMStX2abZeLX8EZ0edgi2DEZbMYT4ZwUqHKs4TB2l6K5y9zzqkRxomM4dC8rAd4yqe_7Dxy0Jl-PxpYqEGj_R3ykaRgjwOq64r_9Ju4V62q15d9hGomNSL4lAF6zArlxks_42uedPs1PAc123J7M2Xsk7-GOzNYyGlolw6HF0-0XzR15fgXZDFNYLd8D_lhapHWLCcGsSSi7vWbXoMvNjnqI.MDQvF_2dtwi838VSt6gBulSTDWhCZJxnBLUbajbFVcs&dib_tag=se&keywords=wireless+earbuds&qid=1787915985&sr=8-7
2026-08-28 17:22:44 | INFO | amazon_scrapper | [1:7] Saved D:\Amazon Scrapper\AmazonScrapper\data\products\keyword_01_product_007.html
2026-08-28 17:22:44 | INFO | amazon_scrapper | [1:6] HTTP 200 https://www.amazon.com/Bluetooth-Headphones-Cancelling-Earphones-Waterproof/dp/B0H9LRGB3B/ref=sr_1_6?dib=eyJ2IjoiMSJ9.cHcgliAzcUuJZVVrUBrTMStX2abZeLX8EZ0edgi2DEZbMYT4ZwUqHKs4TB2l6K5y9zzqkRxomM4dC8rAd4yqe_7Dxy0Jl-PxpYqEGj_R3ykaRgjwOq64r_9Ju4V62q15d9hGomNSL4lAF6zArlxks_42uedPs1PAc123J7M2Xsk7-GOzNYyGlolw6HF0-0XzR15fgXZDFNYLd8D_lhapHWLCcGsSSi7vWbXoMvNjnqI.MDQvF_2dtwi838VSt6gBulSTDWhCZJxnBLUbajbFVcs&dib_tag=se&keywords=wireless+earbuds&qid=1787915985&sr=8-6
2026-08-28 17:22:44 | INFO | amazon_scrapper | [1:6] Saved D:\Amazon Scrapper\AmazonScrapper\data\products\keyword_01_product_006.html
2026-08-28 17:22:44 | INFO | amazon_scrapper | [1:8] HTTP 200 https://www.amazon.com/TOZO-Cancelling-Waterproof-Bluetooth-Headphones/dp/B0DD41G2NZ/ref=sr_1_8?dib=eyJ2IjoiMSJ9.cHcgliAzcUuJZVVrUBrTMStX2abZeLX8EZ0edgi2DEZbMYT4ZwUqHKs4TB2l6K5y9zzqkRxomM4dC8rAd4yqe_7Dxy0Jl-PxpYqEGj_R3ykaRgjwOq64r_9Ju4V62q15d9hGomNSL4lAF6zArlxks_42uedPs1PAc123J7M2Xsk7-GOzNYyGlolw6HF0-0XzR15fgXZDFNYLd8D_lhapHWLCcGsSSi7vWbXoMvNjnqI.MDQvF_2dtwi838VSt6gBulSTDWhCZJxnBLUbajbFVcs&dib_tag=se&keywords=wireless+earbuds&qid=1787915985&sr=8-8
2026-08-28 17:22:44 | INFO | amazon_scrapper | [1:8] Saved D:\Amazon Scrapper\AmazonScrapper\data\products\keyword_01_product_008.html
2026-08-28 17:22:44 | INFO | amazon_scrapper | [1:9] HTTP 200 https://www.amazon.com/HAOYUYAN-Bluetooth-Headphones-Canceling-Waterproof/dp/B0H5W39V6T/ref=sr_1_9?dib=eyJ2IjoiMSJ9.cHcgliAzcUuJZVVrUBrTMStX2abZeLX8EZ0edgi2DEZbMYT4ZwUqHKs4TB2l6K5y9zzqkRxomM4dC8rAd4yqe_7Dxy0Jl-PxpYqEGj_R3ykaRgjwOq64r_9Ju4V62q15d9hGomNSL4lAF6zArlxks_42uedPs1PAc123J7M2Xsk7-GOzNYyGlolw6HF0-0XzR15fgXZDFNYLd8D_lhapHWLCcGsSSi7vWbXoMvNjnqI.MDQvF_2dtwi838VSt6gBulSTDWhCZJxnBLUbajbFVcs&dib_tag=se&keywords=wireless+earbuds&qid=1787915985&sr=8-9
2026-08-28 17:22:44 | INFO | amazon_scrapper | [1:9] Saved D:\Amazon Scrapper\AmazonScrapper\data\products\keyword_01_product_009.html
2026-08-28 17:22:44 | INFO | amazon_scrapper | [1:10] HTTP 200 https://www.amazon.com/A1/dp/B09FT58QQP/ref=sr_1_10?dib=eyJ2IjoiMSJ9.cHcgliAzcUuJZVVrUBrTMStX2abZeLX8EZ0edgi2DEZbMYT4ZwUqHKs4TB2l6K5y9zzqkRxomM4dC8rAd4yqe_7Dxy0Jl-PxpYqEGj_R3ykaRgjwOq64r_9Ju4V62q15d9hGomNSL4lAF6zArlxks_42uedPs1PAc123J7M2Xsk7-GOzNYyGlolw6HF0-0XzR15fgXZDFNYLd8D_lhapHWLCcGsSSi7vWbXoMvNjnqI.MDQvF_2dtwi838VSt6gBulSTDWhCZJxnBLUbajbFVcs&dib_tag=se&keywords=wireless+earbuds&qid=1787915985&sr=8-10
2026-08-28 17:22:44 | INFO | amazon_scrapper | [1:10] Saved D:\Amazon Scrapper\AmazonScrapper\data\products\keyword_01_product_010.html
2026-08-28 17:22:46 | INFO | amazon_scrapper | [1:12] HTTP 200 https://www.amazon.com/Bluetooth-Headphones-Cancelling-Earphones-Waterproof/dp/B0H9LHWBDK/ref=sr_1_12?dib=eyJ2IjoiMSJ9.cHcgliAzcUuJZVVrUBrTMStX2abZeLX8EZ0edgi2DEZbMYT4ZwUqHKs4TB2l6K5y9zzqkRxomM4dC8rAd4yqe_7Dxy0Jl-PxpYqEGj_R3ykaRgjwOq64r_9Ju4V62q15d9hGomNSL4lAF6zArlxks_42uedPs1PAc123J7M2Xsk7-GOzNYyGlolw6HF0-0XzR15fgXZDFNYLd8D_lhapHWLCcGsSSi7vWbXoMvNjnqI.MDQvF_2dtwi838VSt6gBulSTDWhCZJxnBLUbajbFVcs&dib_tag=se&keywords=wireless+earbuds&qid=1787915985&sr=8-12
2026-08-28 17:22:46 | INFO | amazon_scrapper | [1:12] Saved D:\Amazon Scrapper\AmazonScrapper\data\products\keyword_01_product_012.html
2026-08-28 17:22:46 | INFO | amazon_scrapper | [1:13] HTTP 200 https://www.amazon.com/Soundcore-Cancelling-Powerful-Playtime-Bluetooth/dp/B0CRTYZG5C/ref=sr_1_13?dib=eyJ2IjoiMSJ9.cHcgliAzcUuJZVVrUBrTMStX2abZeLX8EZ0edgi2DEZbMYT4ZwUqHKs4TB2l6K5y9zzqkRxomM4dC8rAd4yqe_7Dxy0Jl-PxpYqEGj_R3ykaRgjwOq64r_9Ju4V62q15d9hGomNSL4lAF6zArlxks_42uedPs1PAc123J7M2Xsk7-GOzNYyGlolw6HF0-0XzR15fgXZDFNYLd8D_lhapHWLCcGsSSi7vWbXoMvNjnqI.MDQvF_2dtwi838VSt6gBulSTDWhCZJxnBLUbajbFVcs&dib_tag=se&keywords=wireless+earbuds&qid=1787915985&sr=8-13
2026-08-28 17:22:46 | INFO | amazon_scrapper | [1:13] Saved D:\Amazon Scrapper\AmazonScrapper\data\products\keyword_01_product_013.html
2026-08-28 17:22:46 | INFO | amazon_scrapper | [1:11] HTTP 200 https://www.amazon.com/TOZO-T6-Headphones-Customizable-Waterproof/dp/B0F53L8J78/ref=sr_1_11?dib=eyJ2IjoiMSJ9.cHcgliAzcUuJZVVrUBrTMStX2abZeLX8EZ0edgi2DEZbMYT4ZwUqHKs4TB2l6K5y9zzqkRxomM4dC8rAd4yqe_7Dxy0Jl-PxpYqEGj_R3ykaRgjwOq64r_9Ju4V62q15d9hGomNSL4lAF6zArlxks_42uedPs1PAc123J7M2Xsk7-GOzNYyGlolw6HF0-0XzR15fgXZDFNYLd8D_lhapHWLCcGsSSi7vWbXoMvNjnqI.MDQvF_2dtwi838VSt6gBulSTDWhCZJxnBLUbajbFVcs&dib_tag=se&keywords=wireless+earbuds&qid=1787915985&sr=8-11
2026-08-28 17:22:46 | INFO | amazon_scrapper | [1:11] Saved D:\Amazon Scrapper\AmazonScrapper\data\products\keyword_01_product_011.html
2026-08-28 17:22:46 | INFO | amazon_scrapper | [1:14] HTTP 200 https://www.amazon.com/Sony-Bluetooth-Headphones-Multipoint-Connection-Resistance/dp/B0D9R4GYTN/ref=sr_1_14?dib=eyJ2IjoiMSJ9.cHcgliAzcUuJZVVrUBrTMStX2abZeLX8EZ0edgi2DEZbMYT4ZwUqHKs4TB2l6K5y9zzqkRxomM4dC8rAd4yqe_7Dxy0Jl-PxpYqEGj_R3ykaRgjwOq64r_9Ju4V62q15d9hGomNSL4lAF6zArlxks_42uedPs1PAc123J7M2Xsk7-GOzNYyGlolw6HF0-0XzR15fgXZDFNYLd8D_lhapHWLCcGsSSi7vWbXoMvNjnqI.MDQvF_2dtwi838VSt6gBulSTDWhCZJxnBLUbajbFVcs&dib_tag=se&keywords=wireless+earbuds&qid=1787915985&sr=8-14
2026-08-28 17:22:46 | INFO | amazon_scrapper | [1:14] Saved D:\Amazon Scrapper\AmazonScrapper\data\products\keyword_01_product_014.html
2026-08-28 17:22:46 | INFO | amazon_scrapper | [1:15] HTTP 200 https://www.amazon.com/Wireless-Earbuds-Playtime-Bluetooth-Headphones/dp/B0H9LG1L6W/ref=sr_1_15?dib=eyJ2IjoiMSJ9.cHcgliAzcUuJZVVrUBrTMStX2abZeLX8EZ0edgi2DEZbMYT4ZwUqHKs4TB2l6K5y9zzqkRxomM4dC8rAd4yqe_7Dxy0Jl-PxpYqEGj_R3ykaRgjwOq64r_9Ju4V62q15d9hGomNSL4lAF6zArlxks_42uedPs1PAc123J7M2Xsk7-GOzNYyGlolw6HF0-0XzR15fgXZDFNYLd8D_lhapHWLCcGsSSi7vWbXoMvNjnqI.MDQvF_2dtwi838VSt6gBulSTDWhCZJxnBLUbajbFVcs&dib_tag=se&keywords=wireless+earbuds&qid=1787915985&sr=8-15
2026-08-28 17:22:46 | INFO | amazon_scrapper | [1:15] Saved D:\Amazon Scrapper\AmazonScrapper\data\products\keyword_01_product_015.html
2026-08-28 17:22:48 | INFO | amazon_scrapper | [2:2] HTTP 200 https://www.amazon.com/Logitech-SUPERSTRIKE-Performance-Lightweight-Customizable/dp/B0G12HGHGM/ref=sr_1_4?dib=eyJ2IjoiMSJ9.Rp27K2g5EEEsiVTy8NUc0U-REtbHBThXxI-IWski2RCnsFpaXuJ6qvGTloP1RylhIrEPKgJrDmkUVBLip3HhpIE93itmSbzvSSooZaQjByrrOV82ppGFQLTWeTVVK2KVlgeNuF1gsNdBVXYfhPJdPPbMnkf0etLrpYa6vMuB0OcQyjoIbZIhBreIU4l_M83aDupvQF2dLHY7DASh_9BJyAwMdlUZtKpUsRDxqfYgFTk.X8vMwBnoa2vlbdxc1QxfHzLSQ0acpZ-wrNb6KDlF7as&dib_tag=se&keywords=gaming+mouse&qid=1787915991&sr=8-4
2026-08-28 17:22:48 | INFO | amazon_scrapper | [2:2] Saved D:\Amazon Scrapper\AmazonScrapper\data\products\keyword_02_product_002.html
2026-08-28 17:22:48 | INFO | amazon_scrapper | [1:16] HTTP 200 https://www.amazon.com/Cancelling-Bluetooth-Headphones-Earphones-Waterproof/dp/B0H6VZSB53/ref=sr_1_16?dib=eyJ2IjoiMSJ9.cHcgliAzcUuJZVVrUBrTMStX2abZeLX8EZ0edgi2DEZbMYT4ZwUqHKs4TB2l6K5y9zzqkRxomM4dC8rAd4yqe_7Dxy0Jl-PxpYqEGj_R3ykaRgjwOq64r_9Ju4V62q15d9hGomNSL4lAF6zArlxks_42uedPs1PAc123J7M2Xsk7-GOzNYyGlolw6HF0-0XzR15fgXZDFNYLd8D_lhapHWLCcGsSSi7vWbXoMvNjnqI.MDQvF_2dtwi838VSt6gBulSTDWhCZJxnBLUbajbFVcs&dib_tag=se&keywords=wireless+earbuds&qid=1787915985&sr=8-16
2026-08-28 17:22:48 | INFO | amazon_scrapper | [1:16] Saved D:\Amazon Scrapper\AmazonScrapper\data\products\keyword_01_product_016.html
2026-08-28 17:22:48 | INFO | amazon_scrapper | [2:4] HTTP 200 https://www.amazon.com/Razer-Basilisk-HyperSpeed-Customizable-Wireless/dp/B0BXBC26X8/ref=sr_1_6?dib=eyJ2IjoiMSJ9.Rp27K2g5EEEsiVTy8NUc0U-REtbHBThXxI-IWski2RCnsFpaXuJ6qvGTloP1RylhIrEPKgJrDmkUVBLip3HhpIE93itmSbzvSSooZaQjByrrOV82ppGFQLTWeTVVK2KVlgeNuF1gsNdBVXYfhPJdPPbMnkf0etLrpYa6vMuB0OcQyjoIbZIhBreIU4l_M83aDupvQF2dLHY7DASh_9BJyAwMdlUZtKpUsRDxqfYgFTk.X8vMwBnoa2vlbdxc1QxfHzLSQ0acpZ-wrNb6KDlF7as&dib_tag=se&keywords=gaming+mouse&qid=1787915991&sr=8-6
2026-08-28 17:22:48 | INFO | amazon_scrapper | [2:4] Saved D:\Amazon Scrapper\AmazonScrapper\data\products\keyword_02_product_004.html
2026-08-28 17:22:48 | INFO | amazon_scrapper | [2:3] HTTP 200 https://www.amazon.com/Razer-DeathAdder-Essential-Gaming-Mouse/dp/B094PS5RZQ/ref=sr_1_5?dib=eyJ2IjoiMSJ9.Rp27K2g5EEEsiVTy8NUc0U-REtbHBThXxI-IWski2RCnsFpaXuJ6qvGTloP1RylhIrEPKgJrDmkUVBLip3HhpIE93itmSbzvSSooZaQjByrrOV82ppGFQLTWeTVVK2KVlgeNuF1gsNdBVXYfhPJdPPbMnkf0etLrpYa6vMuB0OcQyjoIbZIhBreIU4l_M83aDupvQF2dLHY7DASh_9BJyAwMdlUZtKpUsRDxqfYgFTk.X8vMwBnoa2vlbdxc1QxfHzLSQ0acpZ-wrNb6KDlF7as&dib_tag=se&keywords=gaming+mouse&qid=1787915991&sr=8-5
2026-08-28 17:22:48 | INFO | amazon_scrapper | [2:3] Saved D:\Amazon Scrapper\AmazonScrapper\data\products\keyword_02_product_003.html
2026-08-28 17:22:48 | INFO | amazon_scrapper | [2:1] HTTP 200 https://www.amazon.com/Razer-Basilisk-Customizable-Ergonomic-Gaming/dp/B09C13PZX7/ref=sr_1_3?dib=eyJ2IjoiMSJ9.Rp27K2g5EEEsiVTy8NUc0U-REtbHBThXxI-IWski2RCnsFpaXuJ6qvGTloP1RylhIrEPKgJrDmkUVBLip3HhpIE93itmSbzvSSooZaQjByrrOV82ppGFQLTWeTVVK2KVlgeNuF1gsNdBVXYfhPJdPPbMnkf0etLrpYa6vMuB0OcQyjoIbZIhBreIU4l_M83aDupvQF2dLHY7DASh_9BJyAwMdlUZtKpUsRDxqfYgFTk.X8vMwBnoa2vlbdxc1QxfHzLSQ0acpZ-wrNb6KDlF7as&dib_tag=se&keywords=gaming+mouse&qid=1787915991&sr=8-3
2026-08-28 17:22:48 | INFO | amazon_scrapper | [2:1] Saved D:\Amazon Scrapper\AmazonScrapper\data\products\keyword_02_product_001.html
2026-08-28 17:22:50 | INFO | amazon_scrapper | [2:5] HTTP 200 https://www.amazon.com/Redragon-M602-Ergonomic-High-Precision-Programmable/dp/B011HMDZ0Q/ref=sr_1_8?dib=eyJ2IjoiMSJ9.Rp27K2g5EEEsiVTy8NUc0U-REtbHBThXxI-IWski2RCnsFpaXuJ6qvGTloP1RylhIrEPKgJrDmkUVBLip3HhpIE93itmSbzvSSooZaQjByrrOV82ppGFQLTWeTVVK2KVlgeNuF1gsNdBVXYfhPJdPPbMnkf0etLrpYa6vMuB0OcQyjoIbZIhBreIU4l_M83aDupvQF2dLHY7DASh_9BJyAwMdlUZtKpUsRDxqfYgFTk.X8vMwBnoa2vlbdxc1QxfHzLSQ0acpZ-wrNb6KDlF7as&dib_tag=se&keywords=gaming+mouse&qid=1787915991&sr=8-8
2026-08-28 17:22:50 | INFO | amazon_scrapper | [2:5] Saved D:\Amazon Scrapper\AmazonScrapper\data\products\keyword_02_product_005.html
2026-08-28 17:22:50 | INFO | amazon_scrapper | [2:6] HTTP 200 https://www.amazon.com/INPHIC-A9-Explorer-Wireless-Bluetooth/dp/B0F1D7P51F/ref=sr_1_9?dib=eyJ2IjoiMSJ9.Rp27K2g5EEEsiVTy8NUc0U-REtbHBThXxI-IWski2RCnsFpaXuJ6qvGTloP1RylhIrEPKgJrDmkUVBLip3HhpIE93itmSbzvSSooZaQjByrrOV82ppGFQLTWeTVVK2KVlgeNuF1gsNdBVXYfhPJdPPbMnkf0etLrpYa6vMuB0OcQyjoIbZIhBreIU4l_M83aDupvQF2dLHY7DASh_9BJyAwMdlUZtKpUsRDxqfYgFTk.X8vMwBnoa2vlbdxc1QxfHzLSQ0acpZ-wrNb6KDlF7as&dib_tag=se&keywords=gaming+mouse&qid=1787915991&sr=8-9
2026-08-28 17:22:50 | INFO | amazon_scrapper | [2:6] Saved D:\Amazon Scrapper\AmazonScrapper\data\products\keyword_02_product_006.html
2026-08-28 17:22:50 | INFO | amazon_scrapper | [2:8] HTTP 200 https://www.amazon.com/ATTACK-X3-Ultra-Lightweight-Wireless-Gaming/dp/B0CCF6J2Q6/ref=sr_1_11?dib=eyJ2IjoiMSJ9.Rp27K2g5EEEsiVTy8NUc0U-REtbHBThXxI-IWski2RCnsFpaXuJ6qvGTloP1RylhIrEPKgJrDmkUVBLip3HhpIE93itmSbzvSSooZaQjByrrOV82ppGFQLTWeTVVK2KVlgeNuF1gsNdBVXYfhPJdPPbMnkf0etLrpYa6vMuB0OcQyjoIbZIhBreIU4l_M83aDupvQF2dLHY7DASh_9BJyAwMdlUZtKpUsRDxqfYgFTk.X8vMwBnoa2vlbdxc1QxfHzLSQ0acpZ-wrNb6KDlF7as&dib_tag=se&keywords=gaming+mouse&qid=1787915991&sr=8-11
2026-08-28 17:22:50 | INFO | amazon_scrapper | [2:8] Saved D:\Amazon Scrapper\AmazonScrapper\data\products\keyword_02_product_008.html
2026-08-28 17:22:50 | INFO | amazon_scrapper | [2:7] HTTP 200 https://www.amazon.com/Razer-HyperSpeed-Wireless-Esports-Gaming/dp/B0CF4DJM7F/ref=sr_1_10?dib=eyJ2IjoiMSJ9.Rp27K2g5EEEsiVTy8NUc0U-REtbHBThXxI-IWski2RCnsFpaXuJ6qvGTloP1RylhIrEPKgJrDmkUVBLip3HhpIE93itmSbzvSSooZaQjByrrOV82ppGFQLTWeTVVK2KVlgeNuF1gsNdBVXYfhPJdPPbMnkf0etLrpYa6vMuB0OcQyjoIbZIhBreIU4l_M83aDupvQF2dLHY7DASh_9BJyAwMdlUZtKpUsRDxqfYgFTk.X8vMwBnoa2vlbdxc1QxfHzLSQ0acpZ-wrNb6KDlF7as&dib_tag=se&keywords=gaming+mouse&qid=1787915991&sr=8-10
2026-08-28 17:22:50 | INFO | amazon_scrapper | [2:7] Saved D:\Amazon Scrapper\AmazonScrapper\data\products\keyword_02_product_007.html
2026-08-28 17:22:50 | INFO | amazon_scrapper | [2:9] HTTP 200 https://www.amazon.com/SC620-Wireless-Tri-Mode-Computer-Programmable/dp/B0G4V76JFT/ref=sr_1_13?dib=eyJ2IjoiMSJ9.Rp27K2g5EEEsiVTy8NUc0U-REtbHBThXxI-IWski2RCnsFpaXuJ6qvGTloP1RylhIrEPKgJrDmkUVBLip3HhpIE93itmSbzvSSooZaQjByrrOV82ppGFQLTWeTVVK2KVlgeNuF1gsNdBVXYfhPJdPPbMnkf0etLrpYa6vMuB0OcQyjoIbZIhBreIU4l_M83aDupvQF2dLHY7DASh_9BJyAwMdlUZtKpUsRDxqfYgFTk.X8vMwBnoa2vlbdxc1QxfHzLSQ0acpZ-wrNb6KDlF7as&dib_tag=se&keywords=gaming+mouse&qid=1787915991&sr=8-13
2026-08-28 17:22:50 | INFO | amazon_scrapper | [2:9] Saved D:\Amazon Scrapper\AmazonScrapper\data\products\keyword_02_product_009.html
2026-08-28 17:22:52 | INFO | amazon_scrapper | [2:11] HTTP 200 https://www.amazon.com/Typehaven-Wireless-Bluetooth-Rechargeable-Programmable/dp/B0FQNYG9CW/ref=sr_1_15?dib=eyJ2IjoiMSJ9.Rp27K2g5EEEsiVTy8NUc0U-REtbHBThXxI-IWski2RCnsFpaXuJ6qvGTloP1RylhIrEPKgJrDmkUVBLip3HhpIE93itmSbzvSSooZaQjByrrOV82ppGFQLTWeTVVK2KVlgeNuF1gsNdBVXYfhPJdPPbMnkf0etLrpYa6vMuB0OcQyjoIbZIhBreIU4l_M83aDupvQF2dLHY7DASh_9BJyAwMdlUZtKpUsRDxqfYgFTk.X8vMwBnoa2vlbdxc1QxfHzLSQ0acpZ-wrNb6KDlF7as&dib_tag=se&keywords=gaming+mouse&qid=1787915991&sr=8-15
2026-08-28 17:22:52 | INFO | amazon_scrapper | [2:11] Saved D:\Amazon Scrapper\AmazonScrapper\data\products\keyword_02_product_011.html
2026-08-28 17:22:52 | INFO | amazon_scrapper | [2:10] HTTP 200 https://www.amazon.com/Redragon-Bluetooth-Programmable-Ergonomic-M814W/dp/B0GZY5VR22/ref=sr_1_14?dib=eyJ2IjoiMSJ9.Rp27K2g5EEEsiVTy8NUc0U-REtbHBThXxI-IWski2RCnsFpaXuJ6qvGTloP1RylhIrEPKgJrDmkUVBLip3HhpIE93itmSbzvSSooZaQjByrrOV82ppGFQLTWeTVVK2KVlgeNuF1gsNdBVXYfhPJdPPbMnkf0etLrpYa6vMuB0OcQyjoIbZIhBreIU4l_M83aDupvQF2dLHY7DASh_9BJyAwMdlUZtKpUsRDxqfYgFTk.X8vMwBnoa2vlbdxc1QxfHzLSQ0acpZ-wrNb6KDlF7as&dib_tag=se&keywords=gaming+mouse&qid=1787915991&sr=8-14
2026-08-28 17:22:52 | INFO | amazon_scrapper | [2:10] Saved D:\Amazon Scrapper\AmazonScrapper\data\products\keyword_02_product_010.html
2026-08-28 17:22:52 | INFO | amazon_scrapper | [2:14] HTTP 200 https://www.amazon.com/Razer-Wireless-Gaming-Swappable-Plates/dp/B0H4SBT4SH/ref=sr_1_19?dib=eyJ2IjoiMSJ9.Rp27K2g5EEEsiVTy8NUc0U-REtbHBThXxI-IWski2RCnsFpaXuJ6qvGTloP1RylhIrEPKgJrDmkUVBLip3HhpIE93itmSbzvSSooZaQjByrrOV82ppGFQLTWeTVVK2KVlgeNuF1gsNdBVXYfhPJdPPbMnkf0etLrpYa6vMuB0OcQyjoIbZIhBreIU4l_M83aDupvQF2dLHY7DASh_9BJyAwMdlUZtKpUsRDxqfYgFTk.X8vMwBnoa2vlbdxc1QxfHzLSQ0acpZ-wrNb6KDlF7as&dib_tag=se&keywords=gaming+mouse&qid=1787915991&sr=8-19
2026-08-28 17:22:52 | INFO | amazon_scrapper | [2:14] Saved D:\Amazon Scrapper\AmazonScrapper\data\products\keyword_02_product_014.html
2026-08-28 17:22:52 | INFO | amazon_scrapper | [2:12] HTTP 200 https://www.amazon.com/ATTACK-SHARK-Ultra-Lightweight-Wireless-Gaming/dp/B0CF4L9LPR/ref=sr_1_16?dib=eyJ2IjoiMSJ9.Rp27K2g5EEEsiVTy8NUc0U-REtbHBThXxI-IWski2RCnsFpaXuJ6qvGTloP1RylhIrEPKgJrDmkUVBLip3HhpIE93itmSbzvSSooZaQjByrrOV82ppGFQLTWeTVVK2KVlgeNuF1gsNdBVXYfhPJdPPbMnkf0etLrpYa6vMuB0OcQyjoIbZIhBreIU4l_M83aDupvQF2dLHY7DASh_9BJyAwMdlUZtKpUsRDxqfYgFTk.X8vMwBnoa2vlbdxc1QxfHzLSQ0acpZ-wrNb6KDlF7as&dib_tag=se&keywords=gaming+mouse&qid=1787915991&sr=8-16
2026-08-28 17:22:52 | INFO | amazon_scrapper | [2:12] Saved D:\Amazon Scrapper\AmazonScrapper\data\products\keyword_02_product_012.html
2026-08-28 17:22:53 | INFO | amazon_scrapper | [2:13] HTTP 200 https://www.amazon.com/BENGOO-Changing-Ergonomic-Computer-Adjustable/dp/B00Z9V0NKC/ref=sr_1_18?dib=eyJ2IjoiMSJ9.Rp27K2g5EEEsiVTy8NUc0U-REtbHBThXxI-IWski2RCnsFpaXuJ6qvGTloP1RylhIrEPKgJrDmkUVBLip3HhpIE93itmSbzvSSooZaQjByrrOV82ppGFQLTWeTVVK2KVlgeNuF1gsNdBVXYfhPJdPPbMnkf0etLrpYa6vMuB0OcQyjoIbZIhBreIU4l_M83aDupvQF2dLHY7DASh_9BJyAwMdlUZtKpUsRDxqfYgFTk.X8vMwBnoa2vlbdxc1QxfHzLSQ0acpZ-wrNb6KDlF7as&dib_tag=se&keywords=gaming+mouse&qid=1787915991&sr=8-18
2026-08-28 17:22:53 | INFO | amazon_scrapper | [2:13] Saved D:\Amazon Scrapper\AmazonScrapper\data\products\keyword_02_product_013.html
2026-08-28 17:22:54 | INFO | amazon_scrapper | [2:15] HTTP 200 https://www.amazon.com/Razer-HyperSpeed-Wireless-Gaming-Mouse/dp/B0BGJT87N2/ref=sr_1_20?dib=eyJ2IjoiMSJ9.Rp27K2g5EEEsiVTy8NUc0U-REtbHBThXxI-IWski2RCnsFpaXuJ6qvGTloP1RylhIrEPKgJrDmkUVBLip3HhpIE93itmSbzvSSooZaQjByrrOV82ppGFQLTWeTVVK2KVlgeNuF1gsNdBVXYfhPJdPPbMnkf0etLrpYa6vMuB0OcQyjoIbZIhBreIU4l_M83aDupvQF2dLHY7DASh_9BJyAwMdlUZtKpUsRDxqfYgFTk.X8vMwBnoa2vlbdxc1QxfHzLSQ0acpZ-wrNb6KDlF7as&dib_tag=se&keywords=gaming+mouse&qid=1787915991&sr=8-20
2026-08-28 17:22:54 | INFO | amazon_scrapper | [2:15] Saved D:\Amazon Scrapper\AmazonScrapper\data\products\keyword_02_product_015.html
2026-08-28 17:22:54 | INFO | amazon_scrapper | [2:16] HTTP 200 https://www.amazon.com/Razer-Viper-Wireless-Esports-Gaming/dp/B0CW25XR5R/ref=sr_1_21?dib=eyJ2IjoiMSJ9.Rp27K2g5EEEsiVTy8NUc0U-REtbHBThXxI-IWski2RCnsFpaXuJ6qvGTloP1RylhIrEPKgJrDmkUVBLip3HhpIE93itmSbzvSSooZaQjByrrOV82ppGFQLTWeTVVK2KVlgeNuF1gsNdBVXYfhPJdPPbMnkf0etLrpYa6vMuB0OcQyjoIbZIhBreIU4l_M83aDupvQF2dLHY7DASh_9BJyAwMdlUZtKpUsRDxqfYgFTk.X8vMwBnoa2vlbdxc1QxfHzLSQ0acpZ-wrNb6KDlF7as&dib_tag=se&keywords=gaming+mouse&qid=1787915991&sr=8-21
2026-08-28 17:22:54 | INFO | amazon_scrapper | [2:16] Saved D:\Amazon Scrapper\AmazonScrapper\data\products\keyword_02_product_016.html
2026-08-28 17:22:55 | INFO | amazon_scrapper | [3:3] HTTP 200 https://www.amazon.com/Anker-Laptops-USB-C-Multiport-Adapter/dp/B0DKT8BB4M/ref=sr_1_5?dib=eyJ2IjoiMSJ9.Y2vgZbD5DdeE4_jPEmmt6N5MyOdPvrvHIr9hvZ28MgpmUiMVyWV-fbEqlUvE79aEvSN7Cpox6tkS0BbrAGOgyhlteTOZIVD5Vzp_1vtrx3fqQoh4YK_BBZVJv_43-e2RmEX40QXTXs30L_LIDiuTXVkvlLwJo4aLTJIsfYEEFV3ZXfDpnEiAtdzB3iDCqtox9tAtUdhTskfjzHrytvtCPdLaG0aiO84n_MiG67yivoo.gEO5UA8w_3OLYPxQRoR5z4fpOymbhw5UXy1iccjD9Ik&dib_tag=se&keywords=USB-C+hub&qid=1787915995&sr=8-5
2026-08-28 17:22:55 | INFO | amazon_scrapper | [3:3] Saved D:\Amazon Scrapper\AmazonScrapper\data\products\keyword_03_product_003.html
2026-08-28 17:22:55 | INFO | amazon_scrapper | [3:1] HTTP 200 https://www.amazon.com/Anker-Multi-Port-Splitter-Delivery-Included/dp/B0DXJQT19B/ref=sr_1_3?dib=eyJ2IjoiMSJ9.Y2vgZbD5DdeE4_jPEmmt6N5MyOdPvrvHIr9hvZ28MgpmUiMVyWV-fbEqlUvE79aEvSN7Cpox6tkS0BbrAGOgyhlteTOZIVD5Vzp_1vtrx3fqQoh4YK_BBZVJv_43-e2RmEX40QXTXs30L_LIDiuTXVkvlLwJo4aLTJIsfYEEFV3ZXfDpnEiAtdzB3iDCqtox9tAtUdhTskfjzHrytvtCPdLaG0aiO84n_MiG67yivoo.gEO5UA8w_3OLYPxQRoR5z4fpOymbhw5UXy1iccjD9Ik&dib_tag=se&keywords=USB-C+hub&qid=1787915995&sr=8-3
2026-08-28 17:22:55 | INFO | amazon_scrapper | [3:1] Saved D:\Amazon Scrapper\AmazonScrapper\data\products\keyword_03_product_001.html
2026-08-28 17:22:55 | INFO | amazon_scrapper | [3:2] HTTP 200 https://www.amazon.com/UGREEN-Delivery-Multiport-Adapter-Thinkpad/dp/B0BR3M8XHK/ref=sr_1_4?dib=eyJ2IjoiMSJ9.Y2vgZbD5DdeE4_jPEmmt6N5MyOdPvrvHIr9hvZ28MgpmUiMVyWV-fbEqlUvE79aEvSN7Cpox6tkS0BbrAGOgyhlteTOZIVD5Vzp_1vtrx3fqQoh4YK_BBZVJv_43-e2RmEX40QXTXs30L_LIDiuTXVkvlLwJo4aLTJIsfYEEFV3ZXfDpnEiAtdzB3iDCqtox9tAtUdhTskfjzHrytvtCPdLaG0aiO84n_MiG67yivoo.gEO5UA8w_3OLYPxQRoR5z4fpOymbhw5UXy1iccjD9Ik&dib_tag=se&keywords=USB-C+hub&qid=1787915995&sr=8-4
2026-08-28 17:22:55 | INFO | amazon_scrapper | [3:2] Saved D:\Amazon Scrapper\AmazonScrapper\data\products\keyword_03_product_002.html
2026-08-28 17:22:57 | INFO | amazon_scrapper | [3:4] HTTP 200 https://www.amazon.com/Splitter-Transfer-Multiport-Adapter-Compatible/dp/B0F5HSNDXF/ref=sr_1_6?dib=eyJ2IjoiMSJ9.Y2vgZbD5DdeE4_jPEmmt6N5MyOdPvrvHIr9hvZ28MgpmUiMVyWV-fbEqlUvE79aEvSN7Cpox6tkS0BbrAGOgyhlteTOZIVD5Vzp_1vtrx3fqQoh4YK_BBZVJv_43-e2RmEX40QXTXs30L_LIDiuTXVkvlLwJo4aLTJIsfYEEFV3ZXfDpnEiAtdzB3iDCqtox9tAtUdhTskfjzHrytvtCPdLaG0aiO84n_MiG67yivoo.gEO5UA8w_3OLYPxQRoR5z4fpOymbhw5UXy1iccjD9Ik&dib_tag=se&keywords=USB-C+hub&qid=1787915995&sr=8-6
2026-08-28 17:22:57 | INFO | amazon_scrapper | [3:4] Saved D:\Amazon Scrapper\AmazonScrapper\data\products\keyword_03_product_004.html
2026-08-28 17:22:57 | INFO | amazon_scrapper | [3:5] HTTP 200 https://www.amazon.com/Rosonway-Powered-Aluminum-Splitter-RSH-H7C4/dp/B0G11F8FHR/ref=sr_1_8?dib=eyJ2IjoiMSJ9.Y2vgZbD5DdeE4_jPEmmt6N5MyOdPvrvHIr9hvZ28MgpmUiMVyWV-fbEqlUvE79aEvSN7Cpox6tkS0BbrAGOgyhlteTOZIVD5Vzp_1vtrx3fqQoh4YK_BBZVJv_43-e2RmEX40QXTXs30L_LIDiuTXVkvlLwJo4aLTJIsfYEEFV3ZXfDpnEiAtdzB3iDCqtox9tAtUdhTskfjzHrytvtCPdLaG0aiO84n_MiG67yivoo.gEO5UA8w_3OLYPxQRoR5z4fpOymbhw5UXy1iccjD9Ik&dib_tag=se&keywords=USB-C+hub&qid=1787915995&sr=8-8
2026-08-28 17:22:57 | INFO | amazon_scrapper | [3:5] Saved D:\Amazon Scrapper\AmazonScrapper\data\products\keyword_03_product_005.html
2026-08-28 17:22:57 | INFO | amazon_scrapper | [3:6] HTTP 200 https://www.amazon.com/UGREEN-Adapter-Splitter-Extender-MacBook/dp/B0CR6JBJDH/ref=sr_1_9?dib=eyJ2IjoiMSJ9.Y2vgZbD5DdeE4_jPEmmt6N5MyOdPvrvHIr9hvZ28MgpmUiMVyWV-fbEqlUvE79aEvSN7Cpox6tkS0BbrAGOgyhlteTOZIVD5Vzp_1vtrx3fqQoh4YK_BBZVJv_43-e2RmEX40QXTXs30L_LIDiuTXVkvlLwJo4aLTJIsfYEEFV3ZXfDpnEiAtdzB3iDCqtox9tAtUdhTskfjzHrytvtCPdLaG0aiO84n_MiG67yivoo.gEO5UA8w_3OLYPxQRoR5z4fpOymbhw5UXy1iccjD9Ik&dib_tag=se&keywords=USB-C+hub&qid=1787915995&sr=8-9
2026-08-28 17:22:57 | INFO | amazon_scrapper | [3:6] Saved D:\Amazon Scrapper\AmazonScrapper\data\products\keyword_03_product_006.html
2026-08-28 17:22:57 | INFO | amazon_scrapper | [3:7] HTTP 200 https://www.amazon.com/Belkin-Connect-Multiport-Transfer-Chromebook/dp/B0BY27XSJ3/ref=sr_1_10?dib=eyJ2IjoiMSJ9.Y2vgZbD5DdeE4_jPEmmt6N5MyOdPvrvHIr9hvZ28MgpmUiMVyWV-fbEqlUvE79aEvSN7Cpox6tkS0BbrAGOgyhlteTOZIVD5Vzp_1vtrx3fqQoh4YK_BBZVJv_43-e2RmEX40QXTXs30L_LIDiuTXVkvlLwJo4aLTJIsfYEEFV3ZXfDpnEiAtdzB3iDCqtox9tAtUdhTskfjzHrytvtCPdLaG0aiO84n_MiG67yivoo.gEO5UA8w_3OLYPxQRoR5z4fpOymbhw5UXy1iccjD9Ik&dib_tag=se&keywords=USB-C+hub&qid=1787915995&sr=8-10
2026-08-28 17:22:57 | INFO | amazon_scrapper | [3:7] Saved D:\Amazon Scrapper\AmazonScrapper\data\products\keyword_03_product_007.html
2026-08-28 17:22:57 | INFO | amazon_scrapper | [3:8] HTTP 200 https://www.amazon.com/BENFEI-Delivery-Silicone-Aluminum-Compatible/dp/B0CSYYKB97/ref=sr_1_11?dib=eyJ2IjoiMSJ9.Y2vgZbD5DdeE4_jPEmmt6N5MyOdPvrvHIr9hvZ28MgpmUiMVyWV-fbEqlUvE79aEvSN7Cpox6tkS0BbrAGOgyhlteTOZIVD5Vzp_1vtrx3fqQoh4YK_BBZVJv_43-e2RmEX40QXTXs30L_LIDiuTXVkvlLwJo4aLTJIsfYEEFV3ZXfDpnEiAtdzB3iDCqtox9tAtUdhTskfjzHrytvtCPdLaG0aiO84n_MiG67yivoo.gEO5UA8w_3OLYPxQRoR5z4fpOymbhw5UXy1iccjD9Ik&dib_tag=se&keywords=USB-C+hub&qid=1787915995&sr=8-11
2026-08-28 17:22:57 | INFO | amazon_scrapper | [3:8] Saved D:\Amazon Scrapper\AmazonScrapper\data\products\keyword_03_product_008.html
2026-08-28 17:22:59 | INFO | amazon_scrapper | [3:10] HTTP 200 https://www.amazon.com/UGREEN-Ethernet-Delivery-Compatible-Chromebook/dp/B0BW2TLQ8S/ref=sr_1_14?dib=eyJ2IjoiMSJ9.Y2vgZbD5DdeE4_jPEmmt6N5MyOdPvrvHIr9hvZ28MgpmUiMVyWV-fbEqlUvE79aEvSN7Cpox6tkS0BbrAGOgyhlteTOZIVD5Vzp_1vtrx3fqQoh4YK_BBZVJv_43-e2RmEX40QXTXs30L_LIDiuTXVkvlLwJo4aLTJIsfYEEFV3ZXfDpnEiAtdzB3iDCqtox9tAtUdhTskfjzHrytvtCPdLaG0aiO84n_MiG67yivoo.gEO5UA8w_3OLYPxQRoR5z4fpOymbhw5UXy1iccjD9Ik&dib_tag=se&keywords=USB-C+hub&qid=1787915995&sr=8-14
2026-08-28 17:22:59 | INFO | amazon_scrapper | [3:10] Saved D:\Amazon Scrapper\AmazonScrapper\data\products\keyword_03_product_010.html
2026-08-28 17:22:59 | INFO | amazon_scrapper | [3:12] HTTP 200 https://www.amazon.com/Anker-PowerExpand-Adapter-Delivery-Ethernet/dp/B087QZVQJX/ref=sr_1_16?dib=eyJ2IjoiMSJ9.Y2vgZbD5DdeE4_jPEmmt6N5MyOdPvrvHIr9hvZ28MgpmUiMVyWV-fbEqlUvE79aEvSN7Cpox6tkS0BbrAGOgyhlteTOZIVD5Vzp_1vtrx3fqQoh4YK_BBZVJv_43-e2RmEX40QXTXs30L_LIDiuTXVkvlLwJo4aLTJIsfYEEFV3ZXfDpnEiAtdzB3iDCqtox9tAtUdhTskfjzHrytvtCPdLaG0aiO84n_MiG67yivoo.gEO5UA8w_3OLYPxQRoR5z4fpOymbhw5UXy1iccjD9Ik&dib_tag=se&keywords=USB-C+hub&qid=1787915995&sr=8-16
2026-08-28 17:22:59 | INFO | amazon_scrapper | [3:12] Saved D:\Amazon Scrapper\AmazonScrapper\data\products\keyword_03_product_012.html
2026-08-28 17:22:59 | INFO | amazon_scrapper | [3:11] HTTP 200 https://www.amazon.com/Ethernet-Hiearcool-Adapter-Multiport-Compatible/dp/B09T9PXW35/ref=sr_1_15?dib=eyJ2IjoiMSJ9.Y2vgZbD5DdeE4_jPEmmt6N5MyOdPvrvHIr9hvZ28MgpmUiMVyWV-fbEqlUvE79aEvSN7Cpox6tkS0BbrAGOgyhlteTOZIVD5Vzp_1vtrx3fqQoh4YK_BBZVJv_43-e2RmEX40QXTXs30L_LIDiuTXVkvlLwJo4aLTJIsfYEEFV3ZXfDpnEiAtdzB3iDCqtox9tAtUdhTskfjzHrytvtCPdLaG0aiO84n_MiG67yivoo.gEO5UA8w_3OLYPxQRoR5z4fpOymbhw5UXy1iccjD9Ik&dib_tag=se&keywords=USB-C+hub&qid=1787915995&sr=8-15
2026-08-28 17:22:59 | INFO | amazon_scrapper | [3:11] Saved D:\Amazon Scrapper\AmazonScrapper\data\products\keyword_03_product_011.html
2026-08-28 17:22:59 | INFO | amazon_scrapper | [3:9] HTTP 200 https://www.amazon.com/UGREEN-Revodok-Delivery-MacBook-Thinkpad/dp/B0D1XLNWP2/ref=sr_1_13?dib=eyJ2IjoiMSJ9.Y2vgZbD5DdeE4_jPEmmt6N5MyOdPvrvHIr9hvZ28MgpmUiMVyWV-fbEqlUvE79aEvSN7Cpox6tkS0BbrAGOgyhlteTOZIVD5Vzp_1vtrx3fqQoh4YK_BBZVJv_43-e2RmEX40QXTXs30L_LIDiuTXVkvlLwJo4aLTJIsfYEEFV3ZXfDpnEiAtdzB3iDCqtox9tAtUdhTskfjzHrytvtCPdLaG0aiO84n_MiG67yivoo.gEO5UA8w_3OLYPxQRoR5z4fpOymbhw5UXy1iccjD9Ik&dib_tag=se&keywords=USB-C+hub&qid=1787915995&sr=8-13
2026-08-28 17:22:59 | INFO | amazon_scrapper | [3:9] Saved D:\Amazon Scrapper\AmazonScrapper\data\products\keyword_03_product_009.html
2026-08-28 17:22:59 | INFO | amazon_scrapper | [3:13] HTTP 200 https://www.amazon.com/Anker-PowerExpand-Adapter-Delivery-Ethernet/dp/B0874M3KW4/ref=sr_1_18?dib=eyJ2IjoiMSJ9.Y2vgZbD5DdeE4_jPEmmt6N5MyOdPvrvHIr9hvZ28MgpmUiMVyWV-fbEqlUvE79aEvSN7Cpox6tkS0BbrAGOgyhlteTOZIVD5Vzp_1vtrx3fqQoh4YK_BBZVJv_43-e2RmEX40QXTXs30L_LIDiuTXVkvlLwJo4aLTJIsfYEEFV3ZXfDpnEiAtdzB3iDCqtox9tAtUdhTskfjzHrytvtCPdLaG0aiO84n_MiG67yivoo.gEO5UA8w_3OLYPxQRoR5z4fpOymbhw5UXy1iccjD9Ik&dib_tag=se&keywords=USB-C+hub&qid=1787915995&sr=8-18
2026-08-28 17:22:59 | INFO | amazon_scrapper | [3:13] Saved D:\Amazon Scrapper\AmazonScrapper\data\products\keyword_03_product_013.html
2026-08-28 17:23:01 | INFO | amazon_scrapper | [3:15] HTTP 200 https://www.amazon.com/Anker-Docking-Station-Monitor-Windows/dp/B0GWH4ZZ7T/ref=sr_1_20?dib=eyJ2IjoiMSJ9.Y2vgZbD5DdeE4_jPEmmt6N5MyOdPvrvHIr9hvZ28MgpmUiMVyWV-fbEqlUvE79aEvSN7Cpox6tkS0BbrAGOgyhlteTOZIVD5Vzp_1vtrx3fqQoh4YK_BBZVJv_43-e2RmEX40QXTXs30L_LIDiuTXVkvlLwJo4aLTJIsfYEEFV3ZXfDpnEiAtdzB3iDCqtox9tAtUdhTskfjzHrytvtCPdLaG0aiO84n_MiG67yivoo.gEO5UA8w_3OLYPxQRoR5z4fpOymbhw5UXy1iccjD9Ik&dib_tag=se&keywords=USB-C+hub&qid=1787915995&sr=8-20
2026-08-28 17:23:01 | INFO | amazon_scrapper | [3:15] Saved D:\Amazon Scrapper\AmazonScrapper\data\products\keyword_03_product_015.html
2026-08-28 17:23:01 | INFO | amazon_scrapper | [3:16] HTTP 200 https://www.amazon.com/Belkin-USB-C-7-Port-MicroSD-MacBook/dp/B0FYB45MM9/ref=sr_1_21?dib=eyJ2IjoiMSJ9.Y2vgZbD5DdeE4_jPEmmt6N5MyOdPvrvHIr9hvZ28MgpmUiMVyWV-fbEqlUvE79aEvSN7Cpox6tkS0BbrAGOgyhlteTOZIVD5Vzp_1vtrx3fqQoh4YK_BBZVJv_43-e2RmEX40QXTXs30L_LIDiuTXVkvlLwJo4aLTJIsfYEEFV3ZXfDpnEiAtdzB3iDCqtox9tAtUdhTskfjzHrytvtCPdLaG0aiO84n_MiG67yivoo.gEO5UA8w_3OLYPxQRoR5z4fpOymbhw5UXy1iccjD9Ik&dib_tag=se&keywords=USB-C+hub&qid=1787915995&sr=8-21
2026-08-28 17:23:01 | INFO | amazon_scrapper | [3:16] Saved D:\Amazon Scrapper\AmazonScrapper\data\products\keyword_03_product_016.html
2026-08-28 17:23:01 | INFO | amazon_scrapper | [3:14] HTTP 200 https://www.amazon.com/Plugable-USBC-HDMI-Adapter-Multiport/dp/B0H1VKLL2S/ref=sr_1_19?dib=eyJ2IjoiMSJ9.Y2vgZbD5DdeE4_jPEmmt6N5MyOdPvrvHIr9hvZ28MgpmUiMVyWV-fbEqlUvE79aEvSN7Cpox6tkS0BbrAGOgyhlteTOZIVD5Vzp_1vtrx3fqQoh4YK_BBZVJv_43-e2RmEX40QXTXs30L_LIDiuTXVkvlLwJo4aLTJIsfYEEFV3ZXfDpnEiAtdzB3iDCqtox9tAtUdhTskfjzHrytvtCPdLaG0aiO84n_MiG67yivoo.gEO5UA8w_3OLYPxQRoR5z4fpOymbhw5UXy1iccjD9Ik&dib_tag=se&keywords=USB-C+hub&qid=1787915995&sr=8-19
2026-08-28 17:23:01 | INFO | amazon_scrapper | [3:14] Saved D:\Amazon Scrapper\AmazonScrapper\data\products\keyword_03_product_014.html
2026-08-28 17:23:01 | INFO | amazon_scrapper | [4:2] HTTP 200 https://www.amazon.com/F75-Pro/dp/B0D14N2QZF/ref=sr_1_4?dib=eyJ2IjoiMSJ9.Z9I9mJPxaeCv6Lxtlail73NjdnEmWV8XSki31QT26JS60dLb32IygXZdld_GlYVaV3Q9ktequ0fWPDXUL5mJ3tJrIVekOiNrBn4H7HzzixBrK3L9mucu1MvBsnKLTbKFhDKIi7MnWa3ljZThYqVtkixCvXqX6PAVDh9DioWOnGq2x0qsMl-l_T24b7n8wScl-Bo8u1wfuZSxr_HANLMTeoD6ISyXMdZhPeaxM7RmL4A.4I21PnmA6WexmCtSuR0nT09FQx31rG1aXKkiGff7jzM&dib_tag=se&keywords=mechanical+keyboard&qid=1787916000&sr=8-4
2026-08-28 17:23:01 | INFO | amazon_scrapper | [4:2] Saved D:\Amazon Scrapper\AmazonScrapper\data\products\keyword_04_product_002.html
2026-08-28 17:23:01 | INFO | amazon_scrapper | [4:1] HTTP 200 https://www.amazon.com/Redragon-Programmable-Hot-Swappable-Anti-Ghosting-Double-Shot/dp/B0CF3VGQFL/ref=sr_1_3?dib=eyJ2IjoiMSJ9.Z9I9mJPxaeCv6Lxtlail73NjdnEmWV8XSki31QT26JS60dLb32IygXZdld_GlYVaV3Q9ktequ0fWPDXUL5mJ3tJrIVekOiNrBn4H7HzzixBrK3L9mucu1MvBsnKLTbKFhDKIi7MnWa3ljZThYqVtkixCvXqX6PAVDh9DioWOnGq2x0qsMl-l_T24b7n8wScl-Bo8u1wfuZSxr_HANLMTeoD6ISyXMdZhPeaxM7RmL4A.4I21PnmA6WexmCtSuR0nT09FQx31rG1aXKkiGff7jzM&dib_tag=se&keywords=mechanical+keyboard&qid=1787916000&sr=8-3
2026-08-28 17:23:01 | INFO | amazon_scrapper | [4:1] Saved D:\Amazon Scrapper\AmazonScrapper\data\products\keyword_04_product_001.html
2026-08-28 17:23:03 | INFO | amazon_scrapper | [4:3] HTTP 200 https://www.amazon.com/Logitech-Full-Size-Mechanical-Anti-Ghosting-Keys-White/dp/B08Z6X4NK3/ref=sr_1_5?dib=eyJ2IjoiMSJ9.Z9I9mJPxaeCv6Lxtlail73NjdnEmWV8XSki31QT26JS60dLb32IygXZdld_GlYVaV3Q9ktequ0fWPDXUL5mJ3tJrIVekOiNrBn4H7HzzixBrK3L9mucu1MvBsnKLTbKFhDKIi7MnWa3ljZThYqVtkixCvXqX6PAVDh9DioWOnGq2x0qsMl-l_T24b7n8wScl-Bo8u1wfuZSxr_HANLMTeoD6ISyXMdZhPeaxM7RmL4A.4I21PnmA6WexmCtSuR0nT09FQx31rG1aXKkiGff7jzM&dib_tag=se&keywords=mechanical+keyboard&qid=1787916000&sr=8-5
2026-08-28 17:23:03 | INFO | amazon_scrapper | [4:3] Saved D:\Amazon Scrapper\AmazonScrapper\data\products\keyword_04_product_003.html
2026-08-28 17:23:03 | INFO | amazon_scrapper | [4:4] HTTP 200 https://www.amazon.com/Logitech-Mechanical-Illuminated-Performance-Bluetooth/dp/B09LK1P1RD/ref=sr_1_6?dib=eyJ2IjoiMSJ9.Z9I9mJPxaeCv6Lxtlail73NjdnEmWV8XSki31QT26JS60dLb32IygXZdld_GlYVaV3Q9ktequ0fWPDXUL5mJ3tJrIVekOiNrBn4H7HzzixBrK3L9mucu1MvBsnKLTbKFhDKIi7MnWa3ljZThYqVtkixCvXqX6PAVDh9DioWOnGq2x0qsMl-l_T24b7n8wScl-Bo8u1wfuZSxr_HANLMTeoD6ISyXMdZhPeaxM7RmL4A.4I21PnmA6WexmCtSuR0nT09FQx31rG1aXKkiGff7jzM&dib_tag=se&keywords=mechanical+keyboard&qid=1787916000&sr=8-6
2026-08-28 17:23:03 | INFO | amazon_scrapper | [4:4] Saved D:\Amazon Scrapper\AmazonScrapper\data\products\keyword_04_product_004.html
2026-08-28 17:23:03 | INFO | amazon_scrapper | [4:5] HTTP 200 https://www.amazon.com/AULA-F99-Mechanical-Bluetooth-Swappable/dp/B0CLLHSWRL/ref=sr_1_8?dib=eyJ2IjoiMSJ9.Z9I9mJPxaeCv6Lxtlail73NjdnEmWV8XSki31QT26JS60dLb32IygXZdld_GlYVaV3Q9ktequ0fWPDXUL5mJ3tJrIVekOiNrBn4H7HzzixBrK3L9mucu1MvBsnKLTbKFhDKIi7MnWa3ljZThYqVtkixCvXqX6PAVDh9DioWOnGq2x0qsMl-l_T24b7n8wScl-Bo8u1wfuZSxr_HANLMTeoD6ISyXMdZhPeaxM7RmL4A.4I21PnmA6WexmCtSuR0nT09FQx31rG1aXKkiGff7jzM&dib_tag=se&keywords=mechanical+keyboard&qid=1787916000&sr=8-8
2026-08-28 17:23:03 | INFO | amazon_scrapper | [4:5] Saved D:\Amazon Scrapper\AmazonScrapper\data\products\keyword_04_product_005.html
2026-08-28 17:23:03 | INFO | amazon_scrapper | [4:7] HTTP 200 https://www.amazon.com/AULA-F75-Mechanical-Swappable-Pre-lubed/dp/B0G3PTHM36/ref=sr_1_10?dib=eyJ2IjoiMSJ9.Z9I9mJPxaeCv6Lxtlail73NjdnEmWV8XSki31QT26JS60dLb32IygXZdld_GlYVaV3Q9ktequ0fWPDXUL5mJ3tJrIVekOiNrBn4H7HzzixBrK3L9mucu1MvBsnKLTbKFhDKIi7MnWa3ljZThYqVtkixCvXqX6PAVDh9DioWOnGq2x0qsMl-l_T24b7n8wScl-Bo8u1wfuZSxr_HANLMTeoD6ISyXMdZhPeaxM7RmL4A.4I21PnmA6WexmCtSuR0nT09FQx31rG1aXKkiGff7jzM&dib_tag=se&keywords=mechanical+keyboard&qid=1787916000&sr=8-10
2026-08-28 17:23:04 | INFO | amazon_scrapper | [4:7] Saved D:\Amazon Scrapper\AmazonScrapper\data\products\keyword_04_product_007.html
2026-08-28 17:23:04 | INFO | amazon_scrapper | [4:6] HTTP 200 https://www.amazon.com/Mechanical-Keyboard-Ultra-Slim-Anti-Ghosting-Spill-Resistant/dp/B09TR4Y91J/ref=sr_1_9?dib=eyJ2IjoiMSJ9.Z9I9mJPxaeCv6Lxtlail73NjdnEmWV8XSki31QT26JS60dLb32IygXZdld_GlYVaV3Q9ktequ0fWPDXUL5mJ3tJrIVekOiNrBn4H7HzzixBrK3L9mucu1MvBsnKLTbKFhDKIi7MnWa3ljZThYqVtkixCvXqX6PAVDh9DioWOnGq2x0qsMl-l_T24b7n8wScl-Bo8u1wfuZSxr_HANLMTeoD6ISyXMdZhPeaxM7RmL4A.4I21PnmA6WexmCtSuR0nT09FQx31rG1aXKkiGff7jzM&dib_tag=se&keywords=mechanical+keyboard&qid=1787916000&sr=8-9
2026-08-28 17:23:04 | INFO | amazon_scrapper | [4:6] Saved D:\Amazon Scrapper\AmazonScrapper\data\products\keyword_04_product_006.html
2026-08-28 17:23:05 | INFO | amazon_scrapper | [4:9] HTTP 200 https://www.amazon.com/AULA-S99-Keyboards-Bluetooth-Programmable/dp/B0DZ28ZGYL/ref=sr_1_13?dib=eyJ2IjoiMSJ9.Z9I9mJPxaeCv6Lxtlail73NjdnEmWV8XSki31QT26JS60dLb32IygXZdld_GlYVaV3Q9ktequ0fWPDXUL5mJ3tJrIVekOiNrBn4H7HzzixBrK3L9mucu1MvBsnKLTbKFhDKIi7MnWa3ljZThYqVtkixCvXqX6PAVDh9DioWOnGq2x0qsMl-l_T24b7n8wScl-Bo8u1wfuZSxr_HANLMTeoD6ISyXMdZhPeaxM7RmL4A.4I21PnmA6WexmCtSuR0nT09FQx31rG1aXKkiGff7jzM&dib_tag=se&keywords=mechanical+keyboard&qid=1787916000&sr=8-13
2026-08-28 17:23:05 | INFO | amazon_scrapper | [4:9] Saved D:\Amazon Scrapper\AmazonScrapper\data\products\keyword_04_product_009.html
2026-08-28 17:23:05 | INFO | amazon_scrapper | [4:8] HTTP 200 https://www.amazon.com/Razer-BlackWidow-Mechanical-Doubleshot-Stabilizers/dp/B0C8QYB8W6/ref=sr_1_11?dib=eyJ2IjoiMSJ9.Z9I9mJPxaeCv6Lxtlail73NjdnEmWV8XSki31QT26JS60dLb32IygXZdld_GlYVaV3Q9ktequ0fWPDXUL5mJ3tJrIVekOiNrBn4H7HzzixBrK3L9mucu1MvBsnKLTbKFhDKIi7MnWa3ljZThYqVtkixCvXqX6PAVDh9DioWOnGq2x0qsMl-l_T24b7n8wScl-Bo8u1wfuZSxr_HANLMTeoD6ISyXMdZhPeaxM7RmL4A.4I21PnmA6WexmCtSuR0nT09FQx31rG1aXKkiGff7jzM&dib_tag=se&keywords=mechanical+keyboard&qid=1787916000&sr=8-11
2026-08-28 17:23:05 | INFO | amazon_scrapper | [4:8] Saved D:\Amazon Scrapper\AmazonScrapper\data\products\keyword_04_product_008.html
2026-08-28 17:23:06 | INFO | amazon_scrapper | [4:11] HTTP 200 https://www.amazon.com/Redragon-K521-Mechanical-Multimedia-Anti-Ghosting/dp/B0DRFGNWV1/ref=sr_1_15?dib=eyJ2IjoiMSJ9.Z9I9mJPxaeCv6Lxtlail73NjdnEmWV8XSki31QT26JS60dLb32IygXZdld_GlYVaV3Q9ktequ0fWPDXUL5mJ3tJrIVekOiNrBn4H7HzzixBrK3L9mucu1MvBsnKLTbKFhDKIi7MnWa3ljZThYqVtkixCvXqX6PAVDh9DioWOnGq2x0qsMl-l_T24b7n8wScl-Bo8u1wfuZSxr_HANLMTeoD6ISyXMdZhPeaxM7RmL4A.4I21PnmA6WexmCtSuR0nT09FQx31rG1aXKkiGff7jzM&dib_tag=se&keywords=mechanical+keyboard&qid=1787916000&sr=8-15
2026-08-28 17:23:06 | INFO | amazon_scrapper | [4:11] Saved D:\Amazon Scrapper\AmazonScrapper\data\products\keyword_04_product_011.html
2026-08-28 17:23:06 | INFO | amazon_scrapper | [4:10] HTTP 200 https://www.amazon.com/Kisnt-Wireless-Mechanical-Bluetooth-Swappable/dp/B0DBZGH5XM/ref=sr_1_14?dib=eyJ2IjoiMSJ9.Z9I9mJPxaeCv6Lxtlail73NjdnEmWV8XSki31QT26JS60dLb32IygXZdld_GlYVaV3Q9ktequ0fWPDXUL5mJ3tJrIVekOiNrBn4H7HzzixBrK3L9mucu1MvBsnKLTbKFhDKIi7MnWa3ljZThYqVtkixCvXqX6PAVDh9DioWOnGq2x0qsMl-l_T24b7n8wScl-Bo8u1wfuZSxr_HANLMTeoD6ISyXMdZhPeaxM7RmL4A.4I21PnmA6WexmCtSuR0nT09FQx31rG1aXKkiGff7jzM&dib_tag=se&keywords=mechanical+keyboard&qid=1787916000&sr=8-14
2026-08-28 17:23:06 | INFO | amazon_scrapper | [4:10] Saved D:\Amazon Scrapper\AmazonScrapper\data\products\keyword_04_product_010.html
2026-08-28 17:23:06 | INFO | amazon_scrapper | [4:12] HTTP 200 https://www.amazon.com/AULA-Mechanical-Keyboard-Adjustable-Actuation/dp/B0DT43NNNF/ref=sr_1_16?dib=eyJ2IjoiMSJ9.Z9I9mJPxaeCv6Lxtlail73NjdnEmWV8XSki31QT26JS60dLb32IygXZdld_GlYVaV3Q9ktequ0fWPDXUL5mJ3tJrIVekOiNrBn4H7HzzixBrK3L9mucu1MvBsnKLTbKFhDKIi7MnWa3ljZThYqVtkixCvXqX6PAVDh9DioWOnGq2x0qsMl-l_T24b7n8wScl-Bo8u1wfuZSxr_HANLMTeoD6ISyXMdZhPeaxM7RmL4A.4I21PnmA6WexmCtSuR0nT09FQx31rG1aXKkiGff7jzM&dib_tag=se&keywords=mechanical+keyboard&qid=1787916000&sr=8-16
2026-08-28 17:23:06 | INFO | amazon_scrapper | [4:12] Saved D:\Amazon Scrapper\AmazonScrapper\data\products\keyword_04_product_012.html
2026-08-28 17:23:07 | INFO | amazon_scrapper | [4:13] HTTP 200 https://www.amazon.com/SteelSeries-Apex-Hybrid-Mechanical-Gaming-Keyboard/dp/B07ZGDD6B1/ref=sr_1_18?dib=eyJ2IjoiMSJ9.Z9I9mJPxaeCv6Lxtlail73NjdnEmWV8XSki31QT26JS60dLb32IygXZdld_GlYVaV3Q9ktequ0fWPDXUL5mJ3tJrIVekOiNrBn4H7HzzixBrK3L9mucu1MvBsnKLTbKFhDKIi7MnWa3ljZThYqVtkixCvXqX6PAVDh9DioWOnGq2x0qsMl-l_T24b7n8wScl-Bo8u1wfuZSxr_HANLMTeoD6ISyXMdZhPeaxM7RmL4A.4I21PnmA6WexmCtSuR0nT09FQx31rG1aXKkiGff7jzM&dib_tag=se&keywords=mechanical+keyboard&qid=1787916000&sr=8-18
2026-08-28 17:23:07 | INFO | amazon_scrapper | [4:13] Saved D:\Amazon Scrapper\AmazonScrapper\data\products\keyword_04_product_013.html
2026-08-28 17:23:07 | INFO | amazon_scrapper | [4:14] HTTP 200 https://www.amazon.com/RK-ROYAL-KLUDGE-R98-Pro/dp/B0DWMX5TXV/ref=sr_1_19?dib=eyJ2IjoiMSJ9.Z9I9mJPxaeCv6Lxtlail73NjdnEmWV8XSki31QT26JS60dLb32IygXZdld_GlYVaV3Q9ktequ0fWPDXUL5mJ3tJrIVekOiNrBn4H7HzzixBrK3L9mucu1MvBsnKLTbKFhDKIi7MnWa3ljZThYqVtkixCvXqX6PAVDh9DioWOnGq2x0qsMl-l_T24b7n8wScl-Bo8u1wfuZSxr_HANLMTeoD6ISyXMdZhPeaxM7RmL4A.4I21PnmA6WexmCtSuR0nT09FQx31rG1aXKkiGff7jzM&dib_tag=se&keywords=mechanical+keyboard&qid=1787916000&sr=8-19
2026-08-28 17:23:07 | INFO | amazon_scrapper | [4:14] Saved D:\Amazon Scrapper\AmazonScrapper\data\products\keyword_04_product_014.html
2026-08-28 17:23:08 | INFO | amazon_scrapper | [4:15] HTTP 200 https://www.amazon.com/Cherry-Mechanical-Office-Keyboard-switches/dp/B0CLH89X2K/ref=sr_1_20?dib=eyJ2IjoiMSJ9.Z9I9mJPxaeCv6Lxtlail73NjdnEmWV8XSki31QT26JS60dLb32IygXZdld_GlYVaV3Q9ktequ0fWPDXUL5mJ3tJrIVekOiNrBn4H7HzzixBrK3L9mucu1MvBsnKLTbKFhDKIi7MnWa3ljZThYqVtkixCvXqX6PAVDh9DioWOnGq2x0qsMl-l_T24b7n8wScl-Bo8u1wfuZSxr_HANLMTeoD6ISyXMdZhPeaxM7RmL4A.4I21PnmA6WexmCtSuR0nT09FQx31rG1aXKkiGff7jzM&dib_tag=se&keywords=mechanical+keyboard&qid=1787916000&sr=8-20
2026-08-28 17:23:08 | INFO | amazon_scrapper | [4:15] Saved D:\Amazon Scrapper\AmazonScrapper\data\products\keyword_04_product_015.html
2026-08-28 17:23:08 | INFO | amazon_scrapper | [5:1] HTTP 200 https://www.amazon.com/Touchscreen-Smartwatch-Bluetooth-Waterproof-Compatible/dp/B0HDN4SV8F/ref=sr_1_3?dib=eyJ2IjoiMSJ9.QodNsGqoqXVhHaFTChd-6LEf2a0MTRQPOvmd090Bawcria1hbyIHw0FUyhKmxRO0ppGWyAou-leHlfy7ja9j6Bt0C3FSFPMt74D1BTE2eVGiEcus6kDXD2gj87Tf8kk4SmWGL4JpXTQXP56q22gccS2Y8r10JYwne6CyTgeowDfwL4oKwdkPCpMbxYinb2Fy3u856q_zWbw08AooJ0xALt7Y6AhP59N8Zeyjx2hOuLQ.UgNunbm89QFPYpOQqYIzfLfM9HVjZoIPJxwD-Q9QIbg&dib_tag=se&keywords=smartwatch&qid=1787916017&sr=8-3
2026-08-28 17:23:08 | INFO | amazon_scrapper | [5:1] Saved D:\Amazon Scrapper\AmazonScrapper\data\products\keyword_05_product_001.html
2026-08-28 17:23:08 | INFO | amazon_scrapper | [4:16] HTTP 200 https://www.amazon.com/RK-ROYAL-KLUDGE-Mechanical-Swappable/dp/B0CQ2MSP2B/ref=sr_1_21?dib=eyJ2IjoiMSJ9.Z9I9mJPxaeCv6Lxtlail73NjdnEmWV8XSki31QT26JS60dLb32IygXZdld_GlYVaV3Q9ktequ0fWPDXUL5mJ3tJrIVekOiNrBn4H7HzzixBrK3L9mucu1MvBsnKLTbKFhDKIi7MnWa3ljZThYqVtkixCvXqX6PAVDh9DioWOnGq2x0qsMl-l_T24b7n8wScl-Bo8u1wfuZSxr_HANLMTeoD6ISyXMdZhPeaxM7RmL4A.4I21PnmA6WexmCtSuR0nT09FQx31rG1aXKkiGff7jzM&dib_tag=se&keywords=mechanical+keyboard&qid=1787916000&sr=8-21
2026-08-28 17:23:08 | INFO | amazon_scrapper | [4:16] Saved D:\Amazon Scrapper\AmazonScrapper\data\products\keyword_04_product_016.html
2026-08-28 17:23:09 | INFO | amazon_scrapper | [5:2] HTTP 200 https://www.amazon.com/Garmin-v%C3%ADvoactive-Fitness-Smartwatch-Display/dp/B0CG6NR413/ref=sr_1_4?dib=eyJ2IjoiMSJ9.QodNsGqoqXVhHaFTChd-6LEf2a0MTRQPOvmd090Bawcria1hbyIHw0FUyhKmxRO0ppGWyAou-leHlfy7ja9j6Bt0C3FSFPMt74D1BTE2eVGiEcus6kDXD2gj87Tf8kk4SmWGL4JpXTQXP56q22gccS2Y8r10JYwne6CyTgeowDfwL4oKwdkPCpMbxYinb2Fy3u856q_zWbw08AooJ0xALt7Y6AhP59N8Zeyjx2hOuLQ.UgNunbm89QFPYpOQqYIzfLfM9HVjZoIPJxwD-Q9QIbg&dib_tag=se&keywords=smartwatch&qid=1787916017&sr=8-4
2026-08-28 17:23:09 | INFO | amazon_scrapper | [5:2] Saved D:\Amazon Scrapper\AmazonScrapper\data\products\keyword_05_product_002.html
2026-08-28 17:23:10 | INFO | amazon_scrapper | [5:4] HTTP 200 https://www.amazon.com/Garmin-v%C3%ADvoactive-Fitness-Smartwatch-Display/dp/B0CG6NBJ61/ref=sr_1_6?dib=eyJ2IjoiMSJ9.QodNsGqoqXVhHaFTChd-6LEf2a0MTRQPOvmd090Bawcria1hbyIHw0FUyhKmxRO0ppGWyAou-leHlfy7ja9j6Bt0C3FSFPMt74D1BTE2eVGiEcus6kDXD2gj87Tf8kk4SmWGL4JpXTQXP56q22gccS2Y8r10JYwne6CyTgeowDfwL4oKwdkPCpMbxYinb2Fy3u856q_zWbw08AooJ0xALt7Y6AhP59N8Zeyjx2hOuLQ.UgNunbm89QFPYpOQqYIzfLfM9HVjZoIPJxwD-Q9QIbg&dib_tag=se&keywords=smartwatch&qid=1787916017&sr=8-6
2026-08-28 17:23:10 | INFO | amazon_scrapper | [5:4] Saved D:\Amazon Scrapper\AmazonScrapper\data\products\keyword_05_product_004.html
2026-08-28 17:23:10 | INFO | amazon_scrapper | [5:3] HTTP 200 https://www.amazon.com/Touchscreen-Fitness-Tracker-Waterproof-Smartwatch/dp/B0FWR4VJ87/ref=sr_1_5?dib=eyJ2IjoiMSJ9.QodNsGqoqXVhHaFTChd-6LEf2a0MTRQPOvmd090Bawcria1hbyIHw0FUyhKmxRO0ppGWyAou-leHlfy7ja9j6Bt0C3FSFPMt74D1BTE2eVGiEcus6kDXD2gj87Tf8kk4SmWGL4JpXTQXP56q22gccS2Y8r10JYwne6CyTgeowDfwL4oKwdkPCpMbxYinb2Fy3u856q_zWbw08AooJ0xALt7Y6AhP59N8Zeyjx2hOuLQ.UgNunbm89QFPYpOQqYIzfLfM9HVjZoIPJxwD-Q9QIbg&dib_tag=se&keywords=smartwatch&qid=1787916017&sr=8-5
2026-08-28 17:23:10 | INFO | amazon_scrapper | [5:3] Saved D:\Amazon Scrapper\AmazonScrapper\data\products\keyword_05_product_003.html
2026-08-28 17:23:10 | INFO | amazon_scrapper | [5:6] HTTP 200 https://www.amazon.com/Amazfit-Battery-Display-Bluetooth-Water-Resistance/dp/B0DYJKTHYF/ref=sr_1_9?dib=eyJ2IjoiMSJ9.QodNsGqoqXVhHaFTChd-6LEf2a0MTRQPOvmd090Bawcria1hbyIHw0FUyhKmxRO0ppGWyAou-leHlfy7ja9j6Bt0C3FSFPMt74D1BTE2eVGiEcus6kDXD2gj87Tf8kk4SmWGL4JpXTQXP56q22gccS2Y8r10JYwne6CyTgeowDfwL4oKwdkPCpMbxYinb2Fy3u856q_zWbw08AooJ0xALt7Y6AhP59N8Zeyjx2hOuLQ.UgNunbm89QFPYpOQqYIzfLfM9HVjZoIPJxwD-Q9QIbg&dib_tag=se&keywords=smartwatch&qid=1787916017&sr=8-9
2026-08-28 17:23:10 | INFO | amazon_scrapper | [5:6] Saved D:\Amazon Scrapper\AmazonScrapper\data\products\keyword_05_product_006.html
2026-08-28 17:23:10 | INFO | amazon_scrapper | [5:5] HTTP 200 https://www.amazon.com/Garmin-Forerunner-Running-Suggested-Workouts/dp/B092RCLKHN/ref=sr_1_8?dib=eyJ2IjoiMSJ9.QodNsGqoqXVhHaFTChd-6LEf2a0MTRQPOvmd090Bawcria1hbyIHw0FUyhKmxRO0ppGWyAou-leHlfy7ja9j6Bt0C3FSFPMt74D1BTE2eVGiEcus6kDXD2gj87Tf8kk4SmWGL4JpXTQXP56q22gccS2Y8r10JYwne6CyTgeowDfwL4oKwdkPCpMbxYinb2Fy3u856q_zWbw08AooJ0xALt7Y6AhP59N8Zeyjx2hOuLQ.UgNunbm89QFPYpOQqYIzfLfM9HVjZoIPJxwD-Q9QIbg&dib_tag=se&keywords=smartwatch&qid=1787916017&sr=8-8
2026-08-28 17:23:10 | INFO | amazon_scrapper | [5:5] Saved D:\Amazon Scrapper\AmazonScrapper\data\products\keyword_05_product_005.html
2026-08-28 17:23:11 | INFO | amazon_scrapper | [5:7] HTTP 200 https://www.amazon.com/Ultra-Clear-Fitness-Tracker-Smartwatch-Waterproof/dp/B0D7VG4754/ref=sr_1_10?dib=eyJ2IjoiMSJ9.QodNsGqoqXVhHaFTChd-6LEf2a0MTRQPOvmd090Bawcria1hbyIHw0FUyhKmxRO0ppGWyAou-leHlfy7ja9j6Bt0C3FSFPMt74D1BTE2eVGiEcus6kDXD2gj87Tf8kk4SmWGL4JpXTQXP56q22gccS2Y8r10JYwne6CyTgeowDfwL4oKwdkPCpMbxYinb2Fy3u856q_zWbw08AooJ0xALt7Y6AhP59N8Zeyjx2hOuLQ.UgNunbm89QFPYpOQqYIzfLfM9HVjZoIPJxwD-Q9QIbg&dib_tag=se&keywords=smartwatch&qid=1787916017&sr=8-10
2026-08-28 17:23:11 | INFO | amazon_scrapper | [5:7] Saved D:\Amazon Scrapper\AmazonScrapper\data\products\keyword_05_product_007.html
2026-08-28 17:23:12 | INFO | amazon_scrapper | [5:8] HTTP 200 https://www.amazon.com/Smart-Watch-Bluetooth-Answer-Screen/dp/B0H94JPT4S/ref=sr_1_11?dib=eyJ2IjoiMSJ9.QodNsGqoqXVhHaFTChd-6LEf2a0MTRQPOvmd090Bawcria1hbyIHw0FUyhKmxRO0ppGWyAou-leHlfy7ja9j6Bt0C3FSFPMt74D1BTE2eVGiEcus6kDXD2gj87Tf8kk4SmWGL4JpXTQXP56q22gccS2Y8r10JYwne6CyTgeowDfwL4oKwdkPCpMbxYinb2Fy3u856q_zWbw08AooJ0xALt7Y6AhP59N8Zeyjx2hOuLQ.UgNunbm89QFPYpOQqYIzfLfM9HVjZoIPJxwD-Q9QIbg&dib_tag=se&keywords=smartwatch&qid=1787916017&sr=8-11
2026-08-28 17:23:12 | INFO | amazon_scrapper | [5:8] Saved D:\Amazon Scrapper\AmazonScrapper\data\products\keyword_05_product_008.html
2026-08-28 17:23:12 | INFO | amazon_scrapper | [5:9] HTTP 200 https://www.amazon.com/Amazfit-Display-Battery-Offline-Resistant/dp/B0G4F6ZCSV/ref=sr_1_13?dib=eyJ2IjoiMSJ9.QodNsGqoqXVhHaFTChd-6LEf2a0MTRQPOvmd090Bawcria1hbyIHw0FUyhKmxRO0ppGWyAou-leHlfy7ja9j6Bt0C3FSFPMt74D1BTE2eVGiEcus6kDXD2gj87Tf8kk4SmWGL4JpXTQXP56q22gccS2Y8r10JYwne6CyTgeowDfwL4oKwdkPCpMbxYinb2Fy3u856q_zWbw08AooJ0xALt7Y6AhP59N8Zeyjx2hOuLQ.UgNunbm89QFPYpOQqYIzfLfM9HVjZoIPJxwD-Q9QIbg&dib_tag=se&keywords=smartwatch&qid=1787916017&sr=8-13
2026-08-28 17:23:12 | INFO | amazon_scrapper | [5:9] Saved D:\Amazon Scrapper\AmazonScrapper\data\products\keyword_05_product_009.html
2026-08-28 17:23:12 | INFO | amazon_scrapper | [5:11] HTTP 200 https://www.amazon.com/Smartwatch-Compatible-Samsung-Android-Waterproof/dp/B0FSKL8NH1/ref=sr_1_15?dib=eyJ2IjoiMSJ9.QodNsGqoqXVhHaFTChd-6LEf2a0MTRQPOvmd090Bawcria1hbyIHw0FUyhKmxRO0ppGWyAou-leHlfy7ja9j6Bt0C3FSFPMt74D1BTE2eVGiEcus6kDXD2gj87Tf8kk4SmWGL4JpXTQXP56q22gccS2Y8r10JYwne6CyTgeowDfwL4oKwdkPCpMbxYinb2Fy3u856q_zWbw08AooJ0xALt7Y6AhP59N8Zeyjx2hOuLQ.UgNunbm89QFPYpOQqYIzfLfM9HVjZoIPJxwD-Q9QIbg&dib_tag=se&keywords=smartwatch&qid=1787916017&sr=8-15
2026-08-28 17:23:12 | INFO | amazon_scrapper | [5:11] Saved D:\Amazon Scrapper\AmazonScrapper\data\products\keyword_05_product_011.html
2026-08-28 17:23:12 | INFO | amazon_scrapper | [5:10] HTTP 200 https://www.amazon.com/SAMSUNG-Display-Watchfaces-Exercise-International/dp/B0CW3VWC3X/ref=sr_1_14?dib=eyJ2IjoiMSJ9.QodNsGqoqXVhHaFTChd-6LEf2a0MTRQPOvmd090Bawcria1hbyIHw0FUyhKmxRO0ppGWyAou-leHlfy7ja9j6Bt0C3FSFPMt74D1BTE2eVGiEcus6kDXD2gj87Tf8kk4SmWGL4JpXTQXP56q22gccS2Y8r10JYwne6CyTgeowDfwL4oKwdkPCpMbxYinb2Fy3u856q_zWbw08AooJ0xALt7Y6AhP59N8Zeyjx2hOuLQ.UgNunbm89QFPYpOQqYIzfLfM9HVjZoIPJxwD-Q9QIbg&dib_tag=se&keywords=smartwatch&qid=1787916017&sr=8-14
2026-08-28 17:23:12 | INFO | amazon_scrapper | [5:10] Saved D:\Amazon Scrapper\AmazonScrapper\data\products\keyword_05_product_010.html
2026-08-28 17:23:14 | INFO | amazon_scrapper | [5:12] HTTP 200 https://www.amazon.com/SAMSUNG-Resistant-Watchfaces-Exercise-International/dp/B0CTCLBST5/ref=sr_1_16?dib=eyJ2IjoiMSJ9.QodNsGqoqXVhHaFTChd-6LEf2a0MTRQPOvmd090Bawcria1hbyIHw0FUyhKmxRO0ppGWyAou-leHlfy7ja9j6Bt0C3FSFPMt74D1BTE2eVGiEcus6kDXD2gj87Tf8kk4SmWGL4JpXTQXP56q22gccS2Y8r10JYwne6CyTgeowDfwL4oKwdkPCpMbxYinb2Fy3u856q_zWbw08AooJ0xALt7Y6AhP59N8Zeyjx2hOuLQ.UgNunbm89QFPYpOQqYIzfLfM9HVjZoIPJxwD-Q9QIbg&dib_tag=se&keywords=smartwatch&qid=1787916017&sr=8-16
2026-08-28 17:23:14 | INFO | amazon_scrapper | [5:12] Saved D:\Amazon Scrapper\AmazonScrapper\data\products\keyword_05_product_012.html
2026-08-28 17:23:14 | INFO | amazon_scrapper | [5:13] HTTP 200 https://www.amazon.com/Samsung-Bluetooth-Smartwatch-Coaching-Tracking/dp/B0F7QD4HSD/ref=sr_1_18?dib=eyJ2IjoiMSJ9.QodNsGqoqXVhHaFTChd-6LEf2a0MTRQPOvmd090Bawcria1hbyIHw0FUyhKmxRO0ppGWyAou-leHlfy7ja9j6Bt0C3FSFPMt74D1BTE2eVGiEcus6kDXD2gj87Tf8kk4SmWGL4JpXTQXP56q22gccS2Y8r10JYwne6CyTgeowDfwL4oKwdkPCpMbxYinb2Fy3u856q_zWbw08AooJ0xALt7Y6AhP59N8Zeyjx2hOuLQ.UgNunbm89QFPYpOQqYIzfLfM9HVjZoIPJxwD-Q9QIbg&dib_tag=se&keywords=smartwatch&qid=1787916017&sr=8-18
2026-08-28 17:23:14 | INFO | amazon_scrapper | [5:13] Saved D:\Amazon Scrapper\AmazonScrapper\data\products\keyword_05_product_013.html
2026-08-28 17:23:14 | INFO | amazon_scrapper | [5:14] HTTP 200 https://www.amazon.com/Garmin-Forerunner-Smartwatch-Colorful-Training/dp/B0CT3SGHXL/ref=sr_1_19?dib=eyJ2IjoiMSJ9.QodNsGqoqXVhHaFTChd-6LEf2a0MTRQPOvmd090Bawcria1hbyIHw0FUyhKmxRO0ppGWyAou-leHlfy7ja9j6Bt0C3FSFPMt74D1BTE2eVGiEcus6kDXD2gj87Tf8kk4SmWGL4JpXTQXP56q22gccS2Y8r10JYwne6CyTgeowDfwL4oKwdkPCpMbxYinb2Fy3u856q_zWbw08AooJ0xALt7Y6AhP59N8Zeyjx2hOuLQ.UgNunbm89QFPYpOQqYIzfLfM9HVjZoIPJxwD-Q9QIbg&dib_tag=se&keywords=smartwatch&qid=1787916017&sr=8-19
2026-08-28 17:23:14 | INFO | amazon_scrapper | [5:14] Saved D:\Amazon Scrapper\AmazonScrapper\data\products\keyword_05_product_014.html
2026-08-28 17:23:15 | INFO | amazon_scrapper | [5:15] HTTP 200 https://www.amazon.com/Xiaomi-Smart-Band-Global-Version/dp/B0DYF64BV2/ref=sr_1_20?dib=eyJ2IjoiMSJ9.QodNsGqoqXVhHaFTChd-6LEf2a0MTRQPOvmd090Bawcria1hbyIHw0FUyhKmxRO0ppGWyAou-leHlfy7ja9j6Bt0C3FSFPMt74D1BTE2eVGiEcus6kDXD2gj87Tf8kk4SmWGL4JpXTQXP56q22gccS2Y8r10JYwne6CyTgeowDfwL4oKwdkPCpMbxYinb2Fy3u856q_zWbw08AooJ0xALt7Y6AhP59N8Zeyjx2hOuLQ.UgNunbm89QFPYpOQqYIzfLfM9HVjZoIPJxwD-Q9QIbg&dib_tag=se&keywords=smartwatch&qid=1787916017&sr=8-20
2026-08-28 17:23:15 | INFO | amazon_scrapper | [5:15] Saved D:\Amazon Scrapper\AmazonScrapper\data\products\keyword_05_product_015.html
2026-08-28 17:23:15 | INFO | amazon_scrapper | [5:16] HTTP 200 https://www.amazon.com/Fitbit-Smartwatch-Readiness-Exercise-Tracking/dp/B0B4MWCFV4/ref=sr_1_21?dib=eyJ2IjoiMSJ9.QodNsGqoqXVhHaFTChd-6LEf2a0MTRQPOvmd090Bawcria1hbyIHw0FUyhKmxRO0ppGWyAou-leHlfy7ja9j6Bt0C3FSFPMt74D1BTE2eVGiEcus6kDXD2gj87Tf8kk4SmWGL4JpXTQXP56q22gccS2Y8r10JYwne6CyTgeowDfwL4oKwdkPCpMbxYinb2Fy3u856q_zWbw08AooJ0xALt7Y6AhP59N8Zeyjx2hOuLQ.UgNunbm89QFPYpOQqYIzfLfM9HVjZoIPJxwD-Q9QIbg&dib_tag=se&keywords=smartwatch&qid=1787916017&sr=8-21
2026-08-28 17:23:15 | INFO | amazon_scrapper | [5:16] Saved D:\Amazon Scrapper\AmazonScrapper\data\products\keyword_05_product_016.html
2026-08-28 17:23:16 | INFO | amazon_scrapper | [6:1] HTTP 200 https://www.amazon.com/TORRAS-iPhone-Pro-Case-Military-Grade/dp/B0FGC514QH/ref=sr_1_3?dib=eyJ2IjoiMSJ9.I3oZCqy24zQz_mIl_hbBAGLO5MxYgF8mrxL9kDxYE9S9IBFFYDbZ4SJJd8EuOtkufRQoTY6HJGjsChemqMqpcoYlDd8N4v8pqkbGSUEWv3XWu0xruP-GmYk0EIFPITGcFeoRRIn5XUCCbt-fxjTmpA253yJMLOWYrOy7mv9jVasLGfM1k8R_nA6Zm3k1QiDSij5Ewe1Jmf9lMoiFsCF6fSqW4IvIpsNBXexeUHe879U.dFuLZyK5jNyfDAJ34wITv78vdRjuaNlAu0kIGHSnE6w&dib_tag=se&keywords=phone+case&qid=1787916021&sr=8-3
2026-08-28 17:23:16 | INFO | amazon_scrapper | [6:1] Saved D:\Amazon Scrapper\AmazonScrapper\data\products\keyword_06_product_001.html
2026-08-28 17:23:16 | INFO | amazon_scrapper | [6:2] HTTP 200 https://www.amazon.com/SUPFINE-Magnetic-iPhone-Case-Black/dp/B0D9VS4PV7/ref=sr_1_4?dib=eyJ2IjoiMSJ9.I3oZCqy24zQz_mIl_hbBAGLO5MxYgF8mrxL9kDxYE9S9IBFFYDbZ4SJJd8EuOtkufRQoTY6HJGjsChemqMqpcoYlDd8N4v8pqkbGSUEWv3XWu0xruP-GmYk0EIFPITGcFeoRRIn5XUCCbt-fxjTmpA253yJMLOWYrOy7mv9jVasLGfM1k8R_nA6Zm3k1QiDSij5Ewe1Jmf9lMoiFsCF6fSqW4IvIpsNBXexeUHe879U.dFuLZyK5jNyfDAJ34wITv78vdRjuaNlAu0kIGHSnE6w&dib_tag=se&keywords=phone+case&qid=1787916021&sr=8-4
2026-08-28 17:23:16 | INFO | amazon_scrapper | [6:2] Saved D:\Amazon Scrapper\AmazonScrapper\data\products\keyword_06_product_002.html
2026-08-28 17:23:17 | INFO | amazon_scrapper | [6:3] HTTP 200 https://www.amazon.com/FNTCASE-iPhone-15-Case-Protection/dp/B0CFVDX4HT/ref=sr_1_5?dib=eyJ2IjoiMSJ9.I3oZCqy24zQz_mIl_hbBAGLO5MxYgF8mrxL9kDxYE9S9IBFFYDbZ4SJJd8EuOtkufRQoTY6HJGjsChemqMqpcoYlDd8N4v8pqkbGSUEWv3XWu0xruP-GmYk0EIFPITGcFeoRRIn5XUCCbt-fxjTmpA253yJMLOWYrOy7mv9jVasLGfM1k8R_nA6Zm3k1QiDSij5Ewe1Jmf9lMoiFsCF6fSqW4IvIpsNBXexeUHe879U.dFuLZyK5jNyfDAJ34wITv78vdRjuaNlAu0kIGHSnE6w&dib_tag=se&keywords=phone+case&qid=1787916021&sr=8-5
2026-08-28 17:23:17 | INFO | amazon_scrapper | [6:3] Saved D:\Amazon Scrapper\AmazonScrapper\data\products\keyword_06_product_003.html
2026-08-28 17:23:17 | INFO | amazon_scrapper | [6:4] HTTP 200 https://www.amazon.com/FNTCASE-iPhone-15-Case-Matte/dp/B0DFH8SNK5/ref=sr_1_6?dib=eyJ2IjoiMSJ9.I3oZCqy24zQz_mIl_hbBAGLO5MxYgF8mrxL9kDxYE9S9IBFFYDbZ4SJJd8EuOtkufRQoTY6HJGjsChemqMqpcoYlDd8N4v8pqkbGSUEWv3XWu0xruP-GmYk0EIFPITGcFeoRRIn5XUCCbt-fxjTmpA253yJMLOWYrOy7mv9jVasLGfM1k8R_nA6Zm3k1QiDSij5Ewe1Jmf9lMoiFsCF6fSqW4IvIpsNBXexeUHe879U.dFuLZyK5jNyfDAJ34wITv78vdRjuaNlAu0kIGHSnE6w&dib_tag=se&keywords=phone+case&qid=1787916021&sr=8-6
2026-08-28 17:23:17 | INFO | amazon_scrapper | [6:4] Saved D:\Amazon Scrapper\AmazonScrapper\data\products\keyword_06_product_004.html
2026-08-28 17:23:17 | INFO | amazon_scrapper | [6:5] HTTP 200 https://www.amazon.com/FNTCASE-iPhone-16-Case-Transparent/dp/B0DB1B3GH6/ref=sr_1_8?dib=eyJ2IjoiMSJ9.I3oZCqy24zQz_mIl_hbBAGLO5MxYgF8mrxL9kDxYE9S9IBFFYDbZ4SJJd8EuOtkufRQoTY6HJGjsChemqMqpcoYlDd8N4v8pqkbGSUEWv3XWu0xruP-GmYk0EIFPITGcFeoRRIn5XUCCbt-fxjTmpA253yJMLOWYrOy7mv9jVasLGfM1k8R_nA6Zm3k1QiDSij5Ewe1Jmf9lMoiFsCF6fSqW4IvIpsNBXexeUHe879U.dFuLZyK5jNyfDAJ34wITv78vdRjuaNlAu0kIGHSnE6w&dib_tag=se&keywords=phone+case&qid=1787916021&sr=8-8
2026-08-28 17:23:17 | INFO | amazon_scrapper | [6:5] Saved D:\Amazon Scrapper\AmazonScrapper\data\products\keyword_06_product_005.html
2026-08-28 17:23:18 | INFO | amazon_scrapper | [6:6] HTTP 200 https://www.amazon.com/Miracase-6-3-Compatible-Full-Body-Protector/dp/B0FLQ85BVG/ref=sr_1_9?dib=eyJ2IjoiMSJ9.I3oZCqy24zQz_mIl_hbBAGLO5MxYgF8mrxL9kDxYE9S9IBFFYDbZ4SJJd8EuOtkufRQoTY6HJGjsChemqMqpcoYlDd8N4v8pqkbGSUEWv3XWu0xruP-GmYk0EIFPITGcFeoRRIn5XUCCbt-fxjTmpA253yJMLOWYrOy7mv9jVasLGfM1k8R_nA6Zm3k1QiDSij5Ewe1Jmf9lMoiFsCF6fSqW4IvIpsNBXexeUHe879U.dFuLZyK5jNyfDAJ34wITv78vdRjuaNlAu0kIGHSnE6w&dib_tag=se&keywords=phone+case&qid=1787916021&sr=8-9
2026-08-28 17:23:18 | INFO | amazon_scrapper | [6:6] Saved D:\Amazon Scrapper\AmazonScrapper\data\products\keyword_06_product_006.html
2026-08-28 17:23:18 | INFO | amazon_scrapper | [6:7] HTTP 200 https://www.amazon.com/FNTCASE-iPhone-17-Case-Translucent/dp/B0FH59VKMR/ref=sr_1_10?dib=eyJ2IjoiMSJ9.I3oZCqy24zQz_mIl_hbBAGLO5MxYgF8mrxL9kDxYE9S9IBFFYDbZ4SJJd8EuOtkufRQoTY6HJGjsChemqMqpcoYlDd8N4v8pqkbGSUEWv3XWu0xruP-GmYk0EIFPITGcFeoRRIn5XUCCbt-fxjTmpA253yJMLOWYrOy7mv9jVasLGfM1k8R_nA6Zm3k1QiDSij5Ewe1Jmf9lMoiFsCF6fSqW4IvIpsNBXexeUHe879U.dFuLZyK5jNyfDAJ34wITv78vdRjuaNlAu0kIGHSnE6w&dib_tag=se&keywords=phone+case&qid=1787916021&sr=8-10
2026-08-28 17:23:18 | INFO | amazon_scrapper | [6:7] Saved D:\Amazon Scrapper\AmazonScrapper\data\products\keyword_06_product_007.html
2026-08-28 17:23:19 | INFO | amazon_scrapper | [6:8] HTTP 200 https://www.amazon.com/FNTCASE-Samsung-Galaxy-A16-5G-Case/dp/B0DGXBJ51X/ref=sr_1_11?dib=eyJ2IjoiMSJ9.I3oZCqy24zQz_mIl_hbBAGLO5MxYgF8mrxL9kDxYE9S9IBFFYDbZ4SJJd8EuOtkufRQoTY6HJGjsChemqMqpcoYlDd8N4v8pqkbGSUEWv3XWu0xruP-GmYk0EIFPITGcFeoRRIn5XUCCbt-fxjTmpA253yJMLOWYrOy7mv9jVasLGfM1k8R_nA6Zm3k1QiDSij5Ewe1Jmf9lMoiFsCF6fSqW4IvIpsNBXexeUHe879U.dFuLZyK5jNyfDAJ34wITv78vdRjuaNlAu0kIGHSnE6w&dib_tag=se&keywords=phone+case&qid=1787916021&sr=8-11
2026-08-28 17:23:19 | INFO | amazon_scrapper | [6:8] Saved D:\Amazon Scrapper\AmazonScrapper\data\products\keyword_06_product_008.html
2026-08-28 17:23:19 | INFO | amazon_scrapper | [6:9] HTTP 200 https://www.amazon.com/Yeddabox-iPhone-Striped-Phone-Shockproof/dp/B0FNCYK7X4/ref=sr_1_13?dib=eyJ2IjoiMSJ9.I3oZCqy24zQz_mIl_hbBAGLO5MxYgF8mrxL9kDxYE9S9IBFFYDbZ4SJJd8EuOtkufRQoTY6HJGjsChemqMqpcoYlDd8N4v8pqkbGSUEWv3XWu0xruP-GmYk0EIFPITGcFeoRRIn5XUCCbt-fxjTmpA253yJMLOWYrOy7mv9jVasLGfM1k8R_nA6Zm3k1QiDSij5Ewe1Jmf9lMoiFsCF6fSqW4IvIpsNBXexeUHe879U.dFuLZyK5jNyfDAJ34wITv78vdRjuaNlAu0kIGHSnE6w&dib_tag=se&keywords=phone+case&qid=1787916021&sr=8-13
2026-08-28 17:23:19 | INFO | amazon_scrapper | [6:9] Saved D:\Amazon Scrapper\AmazonScrapper\data\products\keyword_06_product_009.html
2026-08-28 17:23:19 | INFO | amazon_scrapper | [6:10] HTTP 200 https://www.amazon.com/OtterBox-Commuter-iPhone-Pocket-Friendly-Protection/dp/B09D51Z5TR/ref=sr_1_14?dib=eyJ2IjoiMSJ9.I3oZCqy24zQz_mIl_hbBAGLO5MxYgF8mrxL9kDxYE9S9IBFFYDbZ4SJJd8EuOtkufRQoTY6HJGjsChemqMqpcoYlDd8N4v8pqkbGSUEWv3XWu0xruP-GmYk0EIFPITGcFeoRRIn5XUCCbt-fxjTmpA253yJMLOWYrOy7mv9jVasLGfM1k8R_nA6Zm3k1QiDSij5Ewe1Jmf9lMoiFsCF6fSqW4IvIpsNBXexeUHe879U.dFuLZyK5jNyfDAJ34wITv78vdRjuaNlAu0kIGHSnE6w&dib_tag=se&keywords=phone+case&qid=1787916021&sr=8-14
2026-08-28 17:23:19 | INFO | amazon_scrapper | [6:10] Saved D:\Amazon Scrapper\AmazonScrapper\data\products\keyword_06_product_010.html
2026-08-28 17:23:20 | INFO | amazon_scrapper | [6:12] HTTP 200 https://www.amazon.com/ESR-iPhone-Pro-Military-Grade-Scratch-Resistant/dp/B0CC1F5CGH/ref=sr_1_16?dib=eyJ2IjoiMSJ9.I3oZCqy24zQz_mIl_hbBAGLO5MxYgF8mrxL9kDxYE9S9IBFFYDbZ4SJJd8EuOtkufRQoTY6HJGjsChemqMqpcoYlDd8N4v8pqkbGSUEWv3XWu0xruP-GmYk0EIFPITGcFeoRRIn5XUCCbt-fxjTmpA253yJMLOWYrOy7mv9jVasLGfM1k8R_nA6Zm3k1QiDSij5Ewe1Jmf9lMoiFsCF6fSqW4IvIpsNBXexeUHe879U.dFuLZyK5jNyfDAJ34wITv78vdRjuaNlAu0kIGHSnE6w&dib_tag=se&keywords=phone+case&qid=1787916021&sr=8-16
2026-08-28 17:23:20 | INFO | amazon_scrapper | [6:12] Saved D:\Amazon Scrapper\AmazonScrapper\data\products\keyword_06_product_012.html
2026-08-28 17:23:21 | INFO | amazon_scrapper | [6:11] HTTP 200 https://www.amazon.com/ESR-iPhone-15-Military-Grade-Scratch-Resistant/dp/B0CC1FTGMB/ref=sr_1_15?dib=eyJ2IjoiMSJ9.I3oZCqy24zQz_mIl_hbBAGLO5MxYgF8mrxL9kDxYE9S9IBFFYDbZ4SJJd8EuOtkufRQoTY6HJGjsChemqMqpcoYlDd8N4v8pqkbGSUEWv3XWu0xruP-GmYk0EIFPITGcFeoRRIn5XUCCbt-fxjTmpA253yJMLOWYrOy7mv9jVasLGfM1k8R_nA6Zm3k1QiDSij5Ewe1Jmf9lMoiFsCF6fSqW4IvIpsNBXexeUHe879U.dFuLZyK5jNyfDAJ34wITv78vdRjuaNlAu0kIGHSnE6w&dib_tag=se&keywords=phone+case&qid=1787916021&sr=8-15
2026-08-28 17:23:21 | INFO | amazon_scrapper | [6:11] Saved D:\Amazon Scrapper\AmazonScrapper\data\products\keyword_06_product_011.html
2026-08-28 17:23:21 | INFO | amazon_scrapper | [6:13] HTTP 200 https://www.amazon.com/CASETiFY-Compact-Compatible-Military-Protection/dp/B0FLDWKJDM/ref=sr_1_18?dib=eyJ2IjoiMSJ9.I3oZCqy24zQz_mIl_hbBAGLO5MxYgF8mrxL9kDxYE9S9IBFFYDbZ4SJJd8EuOtkufRQoTY6HJGjsChemqMqpcoYlDd8N4v8pqkbGSUEWv3XWu0xruP-GmYk0EIFPITGcFeoRRIn5XUCCbt-fxjTmpA253yJMLOWYrOy7mv9jVasLGfM1k8R_nA6Zm3k1QiDSij5Ewe1Jmf9lMoiFsCF6fSqW4IvIpsNBXexeUHe879U.dFuLZyK5jNyfDAJ34wITv78vdRjuaNlAu0kIGHSnE6w&dib_tag=se&keywords=phone+case&qid=1787916021&sr=8-18
2026-08-28 17:23:21 | INFO | amazon_scrapper | [6:13] Saved D:\Amazon Scrapper\AmazonScrapper\data\products\keyword_06_product_013.html
2026-08-28 17:23:21 | INFO | amazon_scrapper | [6:14] HTTP 200 https://www.amazon.com/OtterBox-Commuter-Non-Plus-Pocket-Friendly-Protection/dp/B08NC14JF6/ref=sr_1_19?dib=eyJ2IjoiMSJ9.I3oZCqy24zQz_mIl_hbBAGLO5MxYgF8mrxL9kDxYE9S9IBFFYDbZ4SJJd8EuOtkufRQoTY6HJGjsChemqMqpcoYlDd8N4v8pqkbGSUEWv3XWu0xruP-GmYk0EIFPITGcFeoRRIn5XUCCbt-fxjTmpA253yJMLOWYrOy7mv9jVasLGfM1k8R_nA6Zm3k1QiDSij5Ewe1Jmf9lMoiFsCF6fSqW4IvIpsNBXexeUHe879U.dFuLZyK5jNyfDAJ34wITv78vdRjuaNlAu0kIGHSnE6w&dib_tag=se&keywords=phone+case&qid=1787916021&sr=8-19
2026-08-28 17:23:21 | INFO | amazon_scrapper | [6:14] Saved D:\Amazon Scrapper\AmazonScrapper\data\products\keyword_06_product_014.html
2026-08-28 17:23:21 | INFO | amazon_scrapper | [6:15] HTTP 200 https://www.amazon.com/OtterBox-Symmetry-MagSafe-Ultra-Sleek-Protect/dp/B0CGC8CFDZ/ref=sr_1_20?dib=eyJ2IjoiMSJ9.I3oZCqy24zQz_mIl_hbBAGLO5MxYgF8mrxL9kDxYE9S9IBFFYDbZ4SJJd8EuOtkufRQoTY6HJGjsChemqMqpcoYlDd8N4v8pqkbGSUEWv3XWu0xruP-GmYk0EIFPITGcFeoRRIn5XUCCbt-fxjTmpA253yJMLOWYrOy7mv9jVasLGfM1k8R_nA6Zm3k1QiDSij5Ewe1Jmf9lMoiFsCF6fSqW4IvIpsNBXexeUHe879U.dFuLZyK5jNyfDAJ34wITv78vdRjuaNlAu0kIGHSnE6w&dib_tag=se&keywords=phone+case&qid=1787916021&sr=8-20
2026-08-28 17:23:21 | INFO | amazon_scrapper | [6:15] Saved D:\Amazon Scrapper\AmazonScrapper\data\products\keyword_06_product_015.html
2026-08-28 17:23:23 | INFO | amazon_scrapper | [6:16] HTTP 200 https://www.amazon.com/OtterBox-iPhone-Symmetry-Case-ultra-sleek/dp/B0CGCFDLVZ/ref=sr_1_21?dib=eyJ2IjoiMSJ9.I3oZCqy24zQz_mIl_hbBAGLO5MxYgF8mrxL9kDxYE9S9IBFFYDbZ4SJJd8EuOtkufRQoTY6HJGjsChemqMqpcoYlDd8N4v8pqkbGSUEWv3XWu0xruP-GmYk0EIFPITGcFeoRRIn5XUCCbt-fxjTmpA253yJMLOWYrOy7mv9jVasLGfM1k8R_nA6Zm3k1QiDSij5Ewe1Jmf9lMoiFsCF6fSqW4IvIpsNBXexeUHe879U.dFuLZyK5jNyfDAJ34wITv78vdRjuaNlAu0kIGHSnE6w&dib_tag=se&keywords=phone+case&qid=1787916021&sr=8-21
2026-08-28 17:23:23 | INFO | amazon_scrapper | [6:16] Saved D:\Amazon Scrapper\AmazonScrapper\data\products\keyword_06_product_016.html
2026-08-28 17:23:23 | INFO | amazon_scrapper | [7:1] HTTP 200 https://www.amazon.com/UGREEN-10000mAh-Compact-Portable-Charging/dp/B0DZ1TGX6T/ref=sr_1_3?dib=eyJ2IjoiMSJ9.usV9Pdie1zNZ4ZIPFit7prMbM3jHeWnKqwZnzSerhb4OD51puJl63RSqdLRjuwqVC4hqNJrzDRjzaLR1bM4OnpnAYnKpsdDrBnQo9uN2_xGKTomcH5XhfOSsG-dY8UYfuBm-lYgkA0i3YUDuFlN-Utk-rytldmXscN3Mpb8AcJ4dJ2AWocaZtFqzlMsHDW1n-frknI4OEm3IVZ7Bl2SNP7P7q3Pm9f8opgXOlgZQnVM.1Yp-lHHAKZ2jI-0_NW_kEPIwRisviFjwpPDb7x2OJqo&dib_tag=se&keywords=portable+charger&qid=1787916025&sr=8-3
2026-08-28 17:23:23 | INFO | amazon_scrapper | [7:1] Saved D:\Amazon Scrapper\AmazonScrapper\data\products\keyword_07_product_001.html
2026-08-28 17:23:23 | INFO | amazon_scrapper | [7:2] HTTP 200 https://www.amazon.com/UGREEN-20000mAh-Portable-Charger-Charging/dp/B0CXHNGDC1/ref=sr_1_4?dib=eyJ2IjoiMSJ9.usV9Pdie1zNZ4ZIPFit7prMbM3jHeWnKqwZnzSerhb4OD51puJl63RSqdLRjuwqVC4hqNJrzDRjzaLR1bM4OnpnAYnKpsdDrBnQo9uN2_xGKTomcH5XhfOSsG-dY8UYfuBm-lYgkA0i3YUDuFlN-Utk-rytldmXscN3Mpb8AcJ4dJ2AWocaZtFqzlMsHDW1n-frknI4OEm3IVZ7Bl2SNP7P7q3Pm9f8opgXOlgZQnVM.1Yp-lHHAKZ2jI-0_NW_kEPIwRisviFjwpPDb7x2OJqo&dib_tag=se&keywords=portable+charger&qid=1787916025&sr=8-4
2026-08-28 17:23:23 | INFO | amazon_scrapper | [7:2] Saved D:\Amazon Scrapper\AmazonScrapper\data\products\keyword_07_product_002.html
2026-08-28 17:23:23 | INFO | amazon_scrapper | [7:3] HTTP 200 https://www.amazon.com/Portable-Charger-Lightning-Connector-Compatible/dp/B0FTL9CR3T/ref=sr_1_5?dib=eyJ2IjoiMSJ9.usV9Pdie1zNZ4ZIPFit7prMbM3jHeWnKqwZnzSerhb4OD51puJl63RSqdLRjuwqVC4hqNJrzDRjzaLR1bM4OnpnAYnKpsdDrBnQo9uN2_xGKTomcH5XhfOSsG-dY8UYfuBm-lYgkA0i3YUDuFlN-Utk-rytldmXscN3Mpb8AcJ4dJ2AWocaZtFqzlMsHDW1n-frknI4OEm3IVZ7Bl2SNP7P7q3Pm9f8opgXOlgZQnVM.1Yp-lHHAKZ2jI-0_NW_kEPIwRisviFjwpPDb7x2OJqo&dib_tag=se&keywords=portable+charger&qid=1787916025&sr=8-5
2026-08-28 17:23:23 | INFO | amazon_scrapper | [7:3] Saved D:\Amazon Scrapper\AmazonScrapper\data\products\keyword_07_product_003.html
2026-08-28 17:23:23 | INFO | amazon_scrapper | [7:4] HTTP 200 https://www.amazon.com/Charging-Magnetic-Wireless-Portable-Powerbank/dp/B0GD84LCGF/ref=sr_1_6?dib=eyJ2IjoiMSJ9.usV9Pdie1zNZ4ZIPFit7prMbM3jHeWnKqwZnzSerhb4OD51puJl63RSqdLRjuwqVC4hqNJrzDRjzaLR1bM4OnpnAYnKpsdDrBnQo9uN2_xGKTomcH5XhfOSsG-dY8UYfuBm-lYgkA0i3YUDuFlN-Utk-rytldmXscN3Mpb8AcJ4dJ2AWocaZtFqzlMsHDW1n-frknI4OEm3IVZ7Bl2SNP7P7q3Pm9f8opgXOlgZQnVM.1Yp-lHHAKZ2jI-0_NW_kEPIwRisviFjwpPDb7x2OJqo&dib_tag=se&keywords=portable+charger&qid=1787916025&sr=8-6
2026-08-28 17:23:23 | INFO | amazon_scrapper | [7:4] Saved D:\Amazon Scrapper\AmazonScrapper\data\products\keyword_07_product_004.html
2026-08-28 17:23:25 | INFO | amazon_scrapper | [7:5] HTTP 200 https://www.amazon.com/Magnetic-Foldable-Wireless-Portable-Delivery/dp/B0G4FQ6CZT/ref=sr_1_8?dib=eyJ2IjoiMSJ9.usV9Pdie1zNZ4ZIPFit7prMbM3jHeWnKqwZnzSerhb4OD51puJl63RSqdLRjuwqVC4hqNJrzDRjzaLR1bM4OnpnAYnKpsdDrBnQo9uN2_xGKTomcH5XhfOSsG-dY8UYfuBm-lYgkA0i3YUDuFlN-Utk-rytldmXscN3Mpb8AcJ4dJ2AWocaZtFqzlMsHDW1n-frknI4OEm3IVZ7Bl2SNP7P7q3Pm9f8opgXOlgZQnVM.1Yp-lHHAKZ2jI-0_NW_kEPIwRisviFjwpPDb7x2OJqo&dib_tag=se&keywords=portable+charger&qid=1787916025&sr=8-8
2026-08-28 17:23:25 | INFO | amazon_scrapper | [7:5] Saved D:\Amazon Scrapper\AmazonScrapper\data\products\keyword_07_product_005.html
2026-08-28 17:23:25 | INFO | amazon_scrapper | [7:6] HTTP 200 https://www.amazon.com/MagSafe-25W-Magnetic-Wireless-Charger/dp/B0GGPBR4YP/ref=sr_1_9?dib=eyJ2IjoiMSJ9.usV9Pdie1zNZ4ZIPFit7prMbM3jHeWnKqwZnzSerhb4OD51puJl63RSqdLRjuwqVC4hqNJrzDRjzaLR1bM4OnpnAYnKpsdDrBnQo9uN2_xGKTomcH5XhfOSsG-dY8UYfuBm-lYgkA0i3YUDuFlN-Utk-rytldmXscN3Mpb8AcJ4dJ2AWocaZtFqzlMsHDW1n-frknI4OEm3IVZ7Bl2SNP7P7q3Pm9f8opgXOlgZQnVM.1Yp-lHHAKZ2jI-0_NW_kEPIwRisviFjwpPDb7x2OJqo&dib_tag=se&keywords=portable+charger&qid=1787916025&sr=8-9
2026-08-28 17:23:25 | INFO | amazon_scrapper | [7:6] Saved D:\Amazon Scrapper\AmazonScrapper\data\products\keyword_07_product_006.html
2026-08-28 17:23:25 | INFO | amazon_scrapper | [7:7] HTTP 200 https://www.amazon.com/Battery-Operated-Emergency-Portable-Batteries/dp/B0D4MGQBVR/ref=sr_1_10?dib=eyJ2IjoiMSJ9.usV9Pdie1zNZ4ZIPFit7prMbM3jHeWnKqwZnzSerhb4OD51puJl63RSqdLRjuwqVC4hqNJrzDRjzaLR1bM4OnpnAYnKpsdDrBnQo9uN2_xGKTomcH5XhfOSsG-dY8UYfuBm-lYgkA0i3YUDuFlN-Utk-rytldmXscN3Mpb8AcJ4dJ2AWocaZtFqzlMsHDW1n-frknI4OEm3IVZ7Bl2SNP7P7q3Pm9f8opgXOlgZQnVM.1Yp-lHHAKZ2jI-0_NW_kEPIwRisviFjwpPDb7x2OJqo&dib_tag=se&keywords=portable+charger&qid=1787916025&sr=8-10
2026-08-28 17:23:25 | INFO | amazon_scrapper | [7:7] Saved D:\Amazon Scrapper\AmazonScrapper\data\products\keyword_07_product_007.html
2026-08-28 17:23:25 | INFO | amazon_scrapper | [7:8] HTTP 200 https://www.amazon.com/NOCO-GENIUS1-Fully-Automatic-Temperature-Compensation/dp/B07W46BX31/ref=sr_1_11?dib=eyJ2IjoiMSJ9.usV9Pdie1zNZ4ZIPFit7prMbM3jHeWnKqwZnzSerhb4OD51puJl63RSqdLRjuwqVC4hqNJrzDRjzaLR1bM4OnpnAYnKpsdDrBnQo9uN2_xGKTomcH5XhfOSsG-dY8UYfuBm-lYgkA0i3YUDuFlN-Utk-rytldmXscN3Mpb8AcJ4dJ2AWocaZtFqzlMsHDW1n-frknI4OEm3IVZ7Bl2SNP7P7q3Pm9f8opgXOlgZQnVM.1Yp-lHHAKZ2jI-0_NW_kEPIwRisviFjwpPDb7x2OJqo&dib_tag=se&keywords=portable+charger&qid=1787916025&sr=8-11
2026-08-28 17:23:25 | INFO | amazon_scrapper | [7:8] Saved D:\Amazon Scrapper\AmazonScrapper\data\products\keyword_07_product_008.html
2026-08-28 17:23:26 | INFO | amazon_scrapper | [7:9] HTTP 200 https://www.amazon.com/iWALK-Portable-Charging-Multiple-Family-Sized/dp/B0BN81XGG7/ref=sr_1_13?dib=eyJ2IjoiMSJ9.usV9Pdie1zNZ4ZIPFit7prMbM3jHeWnKqwZnzSerhb4OD51puJl63RSqdLRjuwqVC4hqNJrzDRjzaLR1bM4OnpnAYnKpsdDrBnQo9uN2_xGKTomcH5XhfOSsG-dY8UYfuBm-lYgkA0i3YUDuFlN-Utk-rytldmXscN3Mpb8AcJ4dJ2AWocaZtFqzlMsHDW1n-frknI4OEm3IVZ7Bl2SNP7P7q3Pm9f8opgXOlgZQnVM.1Yp-lHHAKZ2jI-0_NW_kEPIwRisviFjwpPDb7x2OJqo&dib_tag=se&keywords=portable+charger&qid=1787916025&sr=8-13
2026-08-28 17:23:26 | INFO | amazon_scrapper | [7:9] Saved D:\Amazon Scrapper\AmazonScrapper\data\products\keyword_07_product_009.html
2026-08-28 17:23:26 | INFO | amazon_scrapper | [7:10] HTTP 200 https://www.amazon.com/LZDICITARU-Battery-Operated-Charger-Emergency%EF%BC%88White%EF%BC%89/dp/B0GXPVPGKG/ref=sr_1_14?dib=eyJ2IjoiMSJ9.usV9Pdie1zNZ4ZIPFit7prMbM3jHeWnKqwZnzSerhb4OD51puJl63RSqdLRjuwqVC4hqNJrzDRjzaLR1bM4OnpnAYnKpsdDrBnQo9uN2_xGKTomcH5XhfOSsG-dY8UYfuBm-lYgkA0i3YUDuFlN-Utk-rytldmXscN3Mpb8AcJ4dJ2AWocaZtFqzlMsHDW1n-frknI4OEm3IVZ7Bl2SNP7P7q3Pm9f8opgXOlgZQnVM.1Yp-lHHAKZ2jI-0_NW_kEPIwRisviFjwpPDb7x2OJqo&dib_tag=se&keywords=portable+charger&qid=1787916025&sr=8-14
2026-08-28 17:23:26 | INFO | amazon_scrapper | [7:10] Saved D:\Amazon Scrapper\AmazonScrapper\data\products\keyword_07_product_010.html
2026-08-28 17:23:27 | INFO | amazon_scrapper | [7:11] HTTP 200 https://www.amazon.com/iPhone-Charger-Anker-AirPods-Included/dp/B0C8HHV9DK/ref=sr_1_15?dib=eyJ2IjoiMSJ9.usV9Pdie1zNZ4ZIPFit7prMbM3jHeWnKqwZnzSerhb4OD51puJl63RSqdLRjuwqVC4hqNJrzDRjzaLR1bM4OnpnAYnKpsdDrBnQo9uN2_xGKTomcH5XhfOSsG-dY8UYfuBm-lYgkA0i3YUDuFlN-Utk-rytldmXscN3Mpb8AcJ4dJ2AWocaZtFqzlMsHDW1n-frknI4OEm3IVZ7Bl2SNP7P7q3Pm9f8opgXOlgZQnVM.1Yp-lHHAKZ2jI-0_NW_kEPIwRisviFjwpPDb7x2OJqo&dib_tag=se&keywords=portable+charger&qid=1787916025&sr=8-15
2026-08-28 17:23:27 | INFO | amazon_scrapper | [7:11] Saved D:\Amazon Scrapper\AmazonScrapper\data\products\keyword_07_product_011.html
2026-08-28 17:23:27 | INFO | amazon_scrapper | [7:12] HTTP 200 https://www.amazon.com/Charging-Keychain-Portable-Lightning-Ultra-Compact/dp/B0GHZG18B1/ref=sr_1_16?dib=eyJ2IjoiMSJ9.usV9Pdie1zNZ4ZIPFit7prMbM3jHeWnKqwZnzSerhb4OD51puJl63RSqdLRjuwqVC4hqNJrzDRjzaLR1bM4OnpnAYnKpsdDrBnQo9uN2_xGKTomcH5XhfOSsG-dY8UYfuBm-lYgkA0i3YUDuFlN-Utk-rytldmXscN3Mpb8AcJ4dJ2AWocaZtFqzlMsHDW1n-frknI4OEm3IVZ7Bl2SNP7P7q3Pm9f8opgXOlgZQnVM.1Yp-lHHAKZ2jI-0_NW_kEPIwRisviFjwpPDb7x2OJqo&dib_tag=se&keywords=portable+charger&qid=1787916025&sr=8-16
2026-08-28 17:23:27 | INFO | amazon_scrapper | [7:12] Saved D:\Amazon Scrapper\AmazonScrapper\data\products\keyword_07_product_012.html
2026-08-28 17:23:27 | INFO | amazon_scrapper | [7:13] HTTP 200 https://www.amazon.com/UGREEN-5000mAh-Ultra-Magnetic-Power/dp/B0F6NFHB31/ref=sr_1_18?dib=eyJ2IjoiMSJ9.usV9Pdie1zNZ4ZIPFit7prMbM3jHeWnKqwZnzSerhb4OD51puJl63RSqdLRjuwqVC4hqNJrzDRjzaLR1bM4OnpnAYnKpsdDrBnQo9uN2_xGKTomcH5XhfOSsG-dY8UYfuBm-lYgkA0i3YUDuFlN-Utk-rytldmXscN3Mpb8AcJ4dJ2AWocaZtFqzlMsHDW1n-frknI4OEm3IVZ7Bl2SNP7P7q3Pm9f8opgXOlgZQnVM.1Yp-lHHAKZ2jI-0_NW_kEPIwRisviFjwpPDb7x2OJqo&dib_tag=se&keywords=portable+charger&qid=1787916025&sr=8-18
2026-08-28 17:23:27 | INFO | amazon_scrapper | [7:13] Saved D:\Amazon Scrapper\AmazonScrapper\data\products\keyword_07_product_013.html
2026-08-28 17:23:28 | INFO | amazon_scrapper | [7:14] HTTP 200 https://www.amazon.com/NOCO-GENIUS10-Fully-Automatic-Temperature-Compensation/dp/B07W3QT226/ref=sr_1_19?dib=eyJ2IjoiMSJ9.usV9Pdie1zNZ4ZIPFit7prMbM3jHeWnKqwZnzSerhb4OD51puJl63RSqdLRjuwqVC4hqNJrzDRjzaLR1bM4OnpnAYnKpsdDrBnQo9uN2_xGKTomcH5XhfOSsG-dY8UYfuBm-lYgkA0i3YUDuFlN-Utk-rytldmXscN3Mpb8AcJ4dJ2AWocaZtFqzlMsHDW1n-frknI4OEm3IVZ7Bl2SNP7P7q3Pm9f8opgXOlgZQnVM.1Yp-lHHAKZ2jI-0_NW_kEPIwRisviFjwpPDb7x2OJqo&dib_tag=se&keywords=portable+charger&qid=1787916025&sr=8-19
2026-08-28 17:23:28 | INFO | amazon_scrapper | [7:14] Saved D:\Amazon Scrapper\AmazonScrapper\data\products\keyword_07_product_014.html
2026-08-28 17:23:29 | INFO | amazon_scrapper | [7:15] HTTP 200 https://www.amazon.com/MagSafe-Magnetic-Wireless-Charging-Compatible/dp/B0DLP157QH/ref=sr_1_20?dib=eyJ2IjoiMSJ9.usV9Pdie1zNZ4ZIPFit7prMbM3jHeWnKqwZnzSerhb4OD51puJl63RSqdLRjuwqVC4hqNJrzDRjzaLR1bM4OnpnAYnKpsdDrBnQo9uN2_xGKTomcH5XhfOSsG-dY8UYfuBm-lYgkA0i3YUDuFlN-Utk-rytldmXscN3Mpb8AcJ4dJ2AWocaZtFqzlMsHDW1n-frknI4OEm3IVZ7Bl2SNP7P7q3Pm9f8opgXOlgZQnVM.1Yp-lHHAKZ2jI-0_NW_kEPIwRisviFjwpPDb7x2OJqo&dib_tag=se&keywords=portable+charger&qid=1787916025&sr=8-20
2026-08-28 17:23:29 | INFO | amazon_scrapper | [7:15] Saved D:\Amazon Scrapper\AmazonScrapper\data\products\keyword_07_product_015.html
2026-08-28 17:23:29 | INFO | amazon_scrapper | [7:16] HTTP 200 https://www.amazon.com/LOVELEDI-Pxwaxpy-Portable-Charging-Protective/dp/B0DNNWJ1LL/ref=sr_1_21?dib=eyJ2IjoiMSJ9.usV9Pdie1zNZ4ZIPFit7prMbM3jHeWnKqwZnzSerhb4OD51puJl63RSqdLRjuwqVC4hqNJrzDRjzaLR1bM4OnpnAYnKpsdDrBnQo9uN2_xGKTomcH5XhfOSsG-dY8UYfuBm-lYgkA0i3YUDuFlN-Utk-rytldmXscN3Mpb8AcJ4dJ2AWocaZtFqzlMsHDW1n-frknI4OEm3IVZ7Bl2SNP7P7q3Pm9f8opgXOlgZQnVM.1Yp-lHHAKZ2jI-0_NW_kEPIwRisviFjwpPDb7x2OJqo&dib_tag=se&keywords=portable+charger&qid=1787916025&sr=8-21
2026-08-28 17:23:29 | INFO | amazon_scrapper | [7:16] Saved D:\Amazon Scrapper\AmazonScrapper\data\products\keyword_07_product_016.html
2026-08-28 17:23:29 | INFO | amazon_scrapper | [8:1] HTTP 200 https://www.amazon.com/TRAUSI-Noise-Canceling-Correction-Compatible-Streaming/dp/B0H48V9BDW/ref=sr_1_3?dib=eyJ2IjoiMSJ9.mp9fXJXRLZzw2jQBxlD3tFcpDiQA2cUF3RsU5DJdPcvAC5BbByw7g2Lf60a3m5HztYuJsLOZPmaZotRkcKb_4o8AQgvnPOZ-xq4d0SfRGNRnqGXnnm3OAC2ps9ZHsRqG2IpR81koODQ4sDXLDJDQilwbclCWt-fquU00k9NNzP09mbpzER2-XbDxcZZt3veobpYxeRIpTag3v-MLBuukzfwtbkDr0hUZvrkXSOeD02M.JGDMjLEwzyI_Nd26Y8_6ijink3bB43lFq0mr2K0XGR0&dib_tag=se&keywords=webcam+HD&qid=1787916030&sr=8-3
2026-08-28 17:23:29 | INFO | amazon_scrapper | [8:1] Saved D:\Amazon Scrapper\AmazonScrapper\data\products\keyword_08_product_001.html
2026-08-28 17:23:30 | INFO | amazon_scrapper | [8:2] HTTP 200 https://www.amazon.com/Logitech-C920x-Pro-HD-Webcam/dp/B085TFF7M1/ref=sr_1_4?dib=eyJ2IjoiMSJ9.mp9fXJXRLZzw2jQBxlD3tFcpDiQA2cUF3RsU5DJdPcvAC5BbByw7g2Lf60a3m5HztYuJsLOZPmaZotRkcKb_4o8AQgvnPOZ-xq4d0SfRGNRnqGXnnm3OAC2ps9ZHsRqG2IpR81koODQ4sDXLDJDQilwbclCWt-fquU00k9NNzP09mbpzER2-XbDxcZZt3veobpYxeRIpTag3v-MLBuukzfwtbkDr0hUZvrkXSOeD02M.JGDMjLEwzyI_Nd26Y8_6ijink3bB43lFq0mr2K0XGR0&dib_tag=se&keywords=webcam+HD&qid=1787916030&sr=8-4
2026-08-28 17:23:30 | INFO | amazon_scrapper | [8:2] Saved D:\Amazon Scrapper\AmazonScrapper\data\products\keyword_08_product_002.html
2026-08-28 17:23:30 | INFO | amazon_scrapper | [8:3] HTTP 200 https://www.amazon.com/EMEET-Microphone-C960-2025-Version/dp/B0DSPJPRXD/ref=sr_1_5?dib=eyJ2IjoiMSJ9.mp9fXJXRLZzw2jQBxlD3tFcpDiQA2cUF3RsU5DJdPcvAC5BbByw7g2Lf60a3m5HztYuJsLOZPmaZotRkcKb_4o8AQgvnPOZ-xq4d0SfRGNRnqGXnnm3OAC2ps9ZHsRqG2IpR81koODQ4sDXLDJDQilwbclCWt-fquU00k9NNzP09mbpzER2-XbDxcZZt3veobpYxeRIpTag3v-MLBuukzfwtbkDr0hUZvrkXSOeD02M.JGDMjLEwzyI_Nd26Y8_6ijink3bB43lFq0mr2K0XGR0&dib_tag=se&keywords=webcam+HD&qid=1787916030&sr=8-5
2026-08-28 17:23:30 | INFO | amazon_scrapper | [8:3] Saved D:\Amazon Scrapper\AmazonScrapper\data\products\keyword_08_product_003.html
2026-08-28 17:23:31 | INFO | amazon_scrapper | [8:4] HTTP 200 https://www.amazon.com/Logitech-C920S-Pro-HD-Webcam/dp/B07K986YLL/ref=sr_1_6?dib=eyJ2IjoiMSJ9.mp9fXJXRLZzw2jQBxlD3tFcpDiQA2cUF3RsU5DJdPcvAC5BbByw7g2Lf60a3m5HztYuJsLOZPmaZotRkcKb_4o8AQgvnPOZ-xq4d0SfRGNRnqGXnnm3OAC2ps9ZHsRqG2IpR81koODQ4sDXLDJDQilwbclCWt-fquU00k9NNzP09mbpzER2-XbDxcZZt3veobpYxeRIpTag3v-MLBuukzfwtbkDr0hUZvrkXSOeD02M.JGDMjLEwzyI_Nd26Y8_6ijink3bB43lFq0mr2K0XGR0&dib_tag=se&keywords=webcam+HD&qid=1787916030&sr=8-6
2026-08-28 17:23:31 | INFO | amazon_scrapper | [8:4] Saved D:\Amazon Scrapper\AmazonScrapper\data\products\keyword_08_product_004.html
2026-08-28 17:23:31 | INFO | amazon_scrapper | [8:5] HTTP 200 https://www.amazon.com/EMEET-NOVA-Webcam-Noise-Cancelling-Correction/dp/B0CY2C7H6S/ref=sr_1_8?dib=eyJ2IjoiMSJ9.mp9fXJXRLZzw2jQBxlD3tFcpDiQA2cUF3RsU5DJdPcvAC5BbByw7g2Lf60a3m5HztYuJsLOZPmaZotRkcKb_4o8AQgvnPOZ-xq4d0SfRGNRnqGXnnm3OAC2ps9ZHsRqG2IpR81koODQ4sDXLDJDQilwbclCWt-fquU00k9NNzP09mbpzER2-XbDxcZZt3veobpYxeRIpTag3v-MLBuukzfwtbkDr0hUZvrkXSOeD02M.JGDMjLEwzyI_Nd26Y8_6ijink3bB43lFq0mr2K0XGR0&dib_tag=se&keywords=webcam+HD&qid=1787916030&sr=8-8
2026-08-28 17:23:31 | INFO | amazon_scrapper | [8:5] Saved D:\Amazon Scrapper\AmazonScrapper\data\products\keyword_08_product_005.html
2026-08-28 17:23:31 | INFO | amazon_scrapper | [8:6] HTTP 200 https://www.amazon.com/Logitech-BRIO-Pro-701-Webcam/dp/B0BFJ4CRKD/ref=sr_1_9?dib=eyJ2IjoiMSJ9.mp9fXJXRLZzw2jQBxlD3tFcpDiQA2cUF3RsU5DJdPcvAC5BbByw7g2Lf60a3m5HztYuJsLOZPmaZotRkcKb_4o8AQgvnPOZ-xq4d0SfRGNRnqGXnnm3OAC2ps9ZHsRqG2IpR81koODQ4sDXLDJDQilwbclCWt-fquU00k9NNzP09mbpzER2-XbDxcZZt3veobpYxeRIpTag3v-MLBuukzfwtbkDr0hUZvrkXSOeD02M.JGDMjLEwzyI_Nd26Y8_6ijink3bB43lFq0mr2K0XGR0&dib_tag=se&keywords=webcam+HD&qid=1787916030&sr=8-9
2026-08-28 17:23:31 | INFO | amazon_scrapper | [8:6] Saved D:\Amazon Scrapper\AmazonScrapper\data\products\keyword_08_product_006.html
2026-08-28 17:23:32 | INFO | amazon_scrapper | [8:7] HTTP 200 https://www.amazon.com/EMEET-Webcam-Noise-Cancelling-Correction-Privacy/dp/B0CJHZ92P6/ref=sr_1_10?dib=eyJ2IjoiMSJ9.mp9fXJXRLZzw2jQBxlD3tFcpDiQA2cUF3RsU5DJdPcvAC5BbByw7g2Lf60a3m5HztYuJsLOZPmaZotRkcKb_4o8AQgvnPOZ-xq4d0SfRGNRnqGXnnm3OAC2ps9ZHsRqG2IpR81koODQ4sDXLDJDQilwbclCWt-fquU00k9NNzP09mbpzER2-XbDxcZZt3veobpYxeRIpTag3v-MLBuukzfwtbkDr0hUZvrkXSOeD02M.JGDMjLEwzyI_Nd26Y8_6ijink3bB43lFq0mr2K0XGR0&dib_tag=se&keywords=webcam+HD&qid=1787916030&sr=8-10
2026-08-28 17:23:32 | INFO | amazon_scrapper | [8:7] Saved D:\Amazon Scrapper\AmazonScrapper\data\products\keyword_08_product_007.html
2026-08-28 17:23:32 | INFO | amazon_scrapper | [8:8] HTTP 200 https://www.amazon.com/Microphone-Rotatable-Computer-Conferencing-Streaming/dp/B08VJ25PL1/ref=sr_1_11?dib=eyJ2IjoiMSJ9.mp9fXJXRLZzw2jQBxlD3tFcpDiQA2cUF3RsU5DJdPcvAC5BbByw7g2Lf60a3m5HztYuJsLOZPmaZotRkcKb_4o8AQgvnPOZ-xq4d0SfRGNRnqGXnnm3OAC2ps9ZHsRqG2IpR81koODQ4sDXLDJDQilwbclCWt-fquU00k9NNzP09mbpzER2-XbDxcZZt3veobpYxeRIpTag3v-MLBuukzfwtbkDr0hUZvrkXSOeD02M.JGDMjLEwzyI_Nd26Y8_6ijink3bB43lFq0mr2K0XGR0&dib_tag=se&keywords=webcam+HD&qid=1787916030&sr=8-11
2026-08-28 17:23:32 | INFO | amazon_scrapper | [8:8] Saved D:\Amazon Scrapper\AmazonScrapper\data\products\keyword_08_product_008.html
2026-08-28 17:23:33 | INFO | amazon_scrapper | [8:9] HTTP 200 https://www.amazon.com/Webcam-Streaming-Recording-Built-Correction/dp/B07M6Y7355/ref=sr_1_13?dib=eyJ2IjoiMSJ9.mp9fXJXRLZzw2jQBxlD3tFcpDiQA2cUF3RsU5DJdPcvAC5BbByw7g2Lf60a3m5HztYuJsLOZPmaZotRkcKb_4o8AQgvnPOZ-xq4d0SfRGNRnqGXnnm3OAC2ps9ZHsRqG2IpR81koODQ4sDXLDJDQilwbclCWt-fquU00k9NNzP09mbpzER2-XbDxcZZt3veobpYxeRIpTag3v-MLBuukzfwtbkDr0hUZvrkXSOeD02M.JGDMjLEwzyI_Nd26Y8_6ijink3bB43lFq0mr2K0XGR0&dib_tag=se&keywords=webcam+HD&qid=1787916030&sr=8-13
2026-08-28 17:23:33 | INFO | amazon_scrapper | [8:9] Saved D:\Amazon Scrapper\AmazonScrapper\data\products\keyword_08_product_009.html
2026-08-28 17:23:33 | INFO | amazon_scrapper | [8:10] HTTP 200 https://www.amazon.com/Microphone-Cancellation-Wide-Angle-Correction-Streaming%EF%BC%88Black%EF%BC%89-3/dp/B0F21J9J7V/ref=sr_1_14?dib=eyJ2IjoiMSJ9.mp9fXJXRLZzw2jQBxlD3tFcpDiQA2cUF3RsU5DJdPcvAC5BbByw7g2Lf60a3m5HztYuJsLOZPmaZotRkcKb_4o8AQgvnPOZ-xq4d0SfRGNRnqGXnnm3OAC2ps9ZHsRqG2IpR81koODQ4sDXLDJDQilwbclCWt-fquU00k9NNzP09mbpzER2-XbDxcZZt3veobpYxeRIpTag3v-MLBuukzfwtbkDr0hUZvrkXSOeD02M.JGDMjLEwzyI_Nd26Y8_6ijink3bB43lFq0mr2K0XGR0&dib_tag=se&keywords=webcam+HD&qid=1787916030&sr=8-14
2026-08-28 17:23:33 | INFO | amazon_scrapper | [8:10] Saved D:\Amazon Scrapper\AmazonScrapper\data\products\keyword_08_product_010.html
2026-08-28 17:23:34 | INFO | amazon_scrapper | [8:12] HTTP 200 https://www.amazon.com/acer-All-Metal-Reduction-Lightweight-Streaming/dp/B0CQJVSL1Z/ref=sr_1_16?dib=eyJ2IjoiMSJ9.mp9fXJXRLZzw2jQBxlD3tFcpDiQA2cUF3RsU5DJdPcvAC5BbByw7g2Lf60a3m5HztYuJsLOZPmaZotRkcKb_4o8AQgvnPOZ-xq4d0SfRGNRnqGXnnm3OAC2ps9ZHsRqG2IpR81koODQ4sDXLDJDQilwbclCWt-fquU00k9NNzP09mbpzER2-XbDxcZZt3veobpYxeRIpTag3v-MLBuukzfwtbkDr0hUZvrkXSOeD02M.JGDMjLEwzyI_Nd26Y8_6ijink3bB43lFq0mr2K0XGR0&dib_tag=se&keywords=webcam+HD&qid=1787916030&sr=8-16
2026-08-28 17:23:34 | INFO | amazon_scrapper | [8:12] Saved D:\Amazon Scrapper\AmazonScrapper\data\products\keyword_08_product_012.html
2026-08-28 17:23:34 | INFO | amazon_scrapper | [8:11] HTTP 200 https://www.amazon.com/Logitech-Mic-Enabled-Certified-Microsoft-Compatible/dp/B09DVGV7BH/ref=sr_1_15?dib=eyJ2IjoiMSJ9.mp9fXJXRLZzw2jQBxlD3tFcpDiQA2cUF3RsU5DJdPcvAC5BbByw7g2Lf60a3m5HztYuJsLOZPmaZotRkcKb_4o8AQgvnPOZ-xq4d0SfRGNRnqGXnnm3OAC2ps9ZHsRqG2IpR81koODQ4sDXLDJDQilwbclCWt-fquU00k9NNzP09mbpzER2-XbDxcZZt3veobpYxeRIpTag3v-MLBuukzfwtbkDr0hUZvrkXSOeD02M.JGDMjLEwzyI_Nd26Y8_6ijink3bB43lFq0mr2K0XGR0&dib_tag=se&keywords=webcam+HD&qid=1787916030&sr=8-15
2026-08-28 17:23:34 | INFO | amazon_scrapper | [8:11] Saved D:\Amazon Scrapper\AmazonScrapper\data\products\keyword_08_product_011.html
2026-08-28 17:23:34 | INFO | amazon_scrapper | [8:13] HTTP 200 https://www.amazon.com/Acer-Cancellation-Microphones-Computer-Streaming/dp/B0GJD6PHTZ/ref=sr_1_18?dib=eyJ2IjoiMSJ9.mp9fXJXRLZzw2jQBxlD3tFcpDiQA2cUF3RsU5DJdPcvAC5BbByw7g2Lf60a3m5HztYuJsLOZPmaZotRkcKb_4o8AQgvnPOZ-xq4d0SfRGNRnqGXnnm3OAC2ps9ZHsRqG2IpR81koODQ4sDXLDJDQilwbclCWt-fquU00k9NNzP09mbpzER2-XbDxcZZt3veobpYxeRIpTag3v-MLBuukzfwtbkDr0hUZvrkXSOeD02M.JGDMjLEwzyI_Nd26Y8_6ijink3bB43lFq0mr2K0XGR0&dib_tag=se&keywords=webcam+HD&qid=1787916030&sr=8-18
2026-08-28 17:23:34 | INFO | amazon_scrapper | [8:13] Saved D:\Amazon Scrapper\AmazonScrapper\data\products\keyword_08_product_013.html
2026-08-28 17:23:35 | INFO | amazon_scrapper | [8:14] HTTP 200 https://www.amazon.com/Logitech-C922x-Pro-Stream-Webcam/dp/B01LXCDPPK/ref=sr_1_19?dib=eyJ2IjoiMSJ9.mp9fXJXRLZzw2jQBxlD3tFcpDiQA2cUF3RsU5DJdPcvAC5BbByw7g2Lf60a3m5HztYuJsLOZPmaZotRkcKb_4o8AQgvnPOZ-xq4d0SfRGNRnqGXnnm3OAC2ps9ZHsRqG2IpR81koODQ4sDXLDJDQilwbclCWt-fquU00k9NNzP09mbpzER2-XbDxcZZt3veobpYxeRIpTag3v-MLBuukzfwtbkDr0hUZvrkXSOeD02M.JGDMjLEwzyI_Nd26Y8_6ijink3bB43lFq0mr2K0XGR0&dib_tag=se&keywords=webcam+HD&qid=1787916030&sr=8-19
2026-08-28 17:23:35 | INFO | amazon_scrapper | [8:14] Saved D:\Amazon Scrapper\AmazonScrapper\data\products\keyword_08_product_014.html
2026-08-28 17:23:35 | INFO | amazon_scrapper | [8:15] HTTP 200 https://www.amazon.com/NIVEOLI-1080P-Microphone-Correction-Streaming/dp/B0G29MV7GK/ref=sr_1_20?dib=eyJ2IjoiMSJ9.mp9fXJXRLZzw2jQBxlD3tFcpDiQA2cUF3RsU5DJdPcvAC5BbByw7g2Lf60a3m5HztYuJsLOZPmaZotRkcKb_4o8AQgvnPOZ-xq4d0SfRGNRnqGXnnm3OAC2ps9ZHsRqG2IpR81koODQ4sDXLDJDQilwbclCWt-fquU00k9NNzP09mbpzER2-XbDxcZZt3veobpYxeRIpTag3v-MLBuukzfwtbkDr0hUZvrkXSOeD02M.JGDMjLEwzyI_Nd26Y8_6ijink3bB43lFq0mr2K0XGR0&dib_tag=se&keywords=webcam+HD&qid=1787916030&sr=8-20
2026-08-28 17:23:35 | INFO | amazon_scrapper | [8:15] Saved D:\Amazon Scrapper\AmazonScrapper\data\products\keyword_08_product_015.html
2026-08-28 17:23:36 | INFO | amazon_scrapper | [8:16] HTTP 200 https://www.amazon.com/Shcngqio-Microphone-Privacy-Wide-Angle-Desktop/dp/B0H1WQ75PQ/ref=sr_1_21?dib=eyJ2IjoiMSJ9.mp9fXJXRLZzw2jQBxlD3tFcpDiQA2cUF3RsU5DJdPcvAC5BbByw7g2Lf60a3m5HztYuJsLOZPmaZotRkcKb_4o8AQgvnPOZ-xq4d0SfRGNRnqGXnnm3OAC2ps9ZHsRqG2IpR81koODQ4sDXLDJDQilwbclCWt-fquU00k9NNzP09mbpzER2-XbDxcZZt3veobpYxeRIpTag3v-MLBuukzfwtbkDr0hUZvrkXSOeD02M.JGDMjLEwzyI_Nd26Y8_6ijink3bB43lFq0mr2K0XGR0&dib_tag=se&keywords=webcam+HD&qid=1787916030&sr=8-21
2026-08-28 17:23:36 | INFO | amazon_scrapper | [8:16] Saved D:\Amazon Scrapper\AmazonScrapper\data\products\keyword_08_product_016.html
2026-08-28 17:23:36 | INFO | amazon_scrapper | [9:1] HTTP 200 https://www.amazon.com/Airlonv-Clamp-Stepless-Dimming-Light/dp/B0C4JTPPYY/ref=sr_1_5?dib=eyJ2IjoiMSJ9.oclPoi4pedGfZO73vX5Y7TF_0MZJ0OQtq97RUIhj2QPZ23ciluUYlcv6wyJeVVE3qDN1ReLWkVgniRRMfri4IOAu5e8JHTu-2hM68-16az2lTAqUv02KqzHFupVJNubwuYWc4zSg3O-e3lG7C4pWwGpu21l9N1wtpO-8Zuat0g8FBT2LO8vayC9s1J8NQlCosPYEsI_nYd_MJpD0meRnqmnkWKouRTNLTAWv2CLHV6PQiPjmHqqjzOC0sTTWUiDNaQu5cUUC1aO1Df8GbNducynfpcJXnbg8bIB2Q9V15jA.dj7mAN7m9SRYgHAMVc4Q5U6zXGxosFipUbMwrHLUZBE&dib_tag=se&keywords=desk+lamp+LED&qid=1787916035&sr=8-5
2026-08-28 17:23:36 | INFO | amazon_scrapper | [9:1] Saved D:\Amazon Scrapper\AmazonScrapper\data\products\keyword_09_product_001.html
2026-08-28 17:23:37 | INFO | amazon_scrapper | [9:2] HTTP 200 https://www.amazon.com/Voncerus-Clamp-Lights-Office-Black/dp/B0BB5ZBT42/ref=sr_1_6?dib=eyJ2IjoiMSJ9.oclPoi4pedGfZO73vX5Y7TF_0MZJ0OQtq97RUIhj2QPZ23ciluUYlcv6wyJeVVE3qDN1ReLWkVgniRRMfri4IOAu5e8JHTu-2hM68-16az2lTAqUv02KqzHFupVJNubwuYWc4zSg3O-e3lG7C4pWwGpu21l9N1wtpO-8Zuat0g8FBT2LO8vayC9s1J8NQlCosPYEsI_nYd_MJpD0meRnqmnkWKouRTNLTAWv2CLHV6PQiPjmHqqjzOC0sTTWUiDNaQu5cUUC1aO1Df8GbNducynfpcJXnbg8bIB2Q9V15jA.dj7mAN7m9SRYgHAMVc4Q5U6zXGxosFipUbMwrHLUZBE&dib_tag=se&keywords=desk+lamp+LED&qid=1787916035&sr=8-6
2026-08-28 17:23:37 | INFO | amazon_scrapper | [9:2] Saved D:\Amazon Scrapper\AmazonScrapper\data\products\keyword_09_product_002.html
2026-08-28 17:23:37 | INFO | amazon_scrapper | [9:3] HTTP 200 https://www.amazon.com/Led-Desk-Lamp-Office-Home/dp/B0BRCJL4MM/ref=sr_1_7?dib=eyJ2IjoiMSJ9.oclPoi4pedGfZO73vX5Y7TF_0MZJ0OQtq97RUIhj2QPZ23ciluUYlcv6wyJeVVE3qDN1ReLWkVgniRRMfri4IOAu5e8JHTu-2hM68-16az2lTAqUv02KqzHFupVJNubwuYWc4zSg3O-e3lG7C4pWwGpu21l9N1wtpO-8Zuat0g8FBT2LO8vayC9s1J8NQlCosPYEsI_nYd_MJpD0meRnqmnkWKouRTNLTAWv2CLHV6PQiPjmHqqjzOC0sTTWUiDNaQu5cUUC1aO1Df8GbNducynfpcJXnbg8bIB2Q9V15jA.dj7mAN7m9SRYgHAMVc4Q5U6zXGxosFipUbMwrHLUZBE&dib_tag=se&keywords=desk+lamp+LED&qid=1787916035&sr=8-7
2026-08-28 17:23:37 | INFO | amazon_scrapper | [9:3] Saved D:\Amazon Scrapper\AmazonScrapper\data\products\keyword_09_product_003.html
2026-08-28 17:23:37 | INFO | amazon_scrapper | [9:4] HTTP 200 https://www.amazon.com/shinelife-Charging-Adjustable-Dimmable-Brightness/dp/B0F22BR222/ref=sr_1_8?dib=eyJ2IjoiMSJ9.oclPoi4pedGfZO73vX5Y7TF_0MZJ0OQtq97RUIhj2QPZ23ciluUYlcv6wyJeVVE3qDN1ReLWkVgniRRMfri4IOAu5e8JHTu-2hM68-16az2lTAqUv02KqzHFupVJNubwuYWc4zSg3O-e3lG7C4pWwGpu21l9N1wtpO-8Zuat0g8FBT2LO8vayC9s1J8NQlCosPYEsI_nYd_MJpD0meRnqmnkWKouRTNLTAWv2CLHV6PQiPjmHqqjzOC0sTTWUiDNaQu5cUUC1aO1Df8GbNducynfpcJXnbg8bIB2Q9V15jA.dj7mAN7m9SRYgHAMVc4Q5U6zXGxosFipUbMwrHLUZBE&dib_tag=se&keywords=desk+lamp+LED&qid=1787916035&sr=8-8
2026-08-28 17:23:37 | INFO | amazon_scrapper | [9:4] Saved D:\Amazon Scrapper\AmazonScrapper\data\products\keyword_09_product_004.html
2026-08-28 17:23:38 | INFO | amazon_scrapper | [9:5] HTTP 200 https://www.amazon.com/Outlets-Bedroom-Bedside-Extension-Essentials/dp/B0CRY97FPB/ref=sr_1_9?dib=eyJ2IjoiMSJ9.oclPoi4pedGfZO73vX5Y7TF_0MZJ0OQtq97RUIhj2QPZ23ciluUYlcv6wyJeVVE3qDN1ReLWkVgniRRMfri4IOAu5e8JHTu-2hM68-16az2lTAqUv02KqzHFupVJNubwuYWc4zSg3O-e3lG7C4pWwGpu21l9N1wtpO-8Zuat0g8FBT2LO8vayC9s1J8NQlCosPYEsI_nYd_MJpD0meRnqmnkWKouRTNLTAWv2CLHV6PQiPjmHqqjzOC0sTTWUiDNaQu5cUUC1aO1Df8GbNducynfpcJXnbg8bIB2Q9V15jA.dj7mAN7m9SRYgHAMVc4Q5U6zXGxosFipUbMwrHLUZBE&dib_tag=se&keywords=desk+lamp+LED&qid=1787916035&sr=8-9
2026-08-28 17:23:38 | INFO | amazon_scrapper | [9:5] Saved D:\Amazon Scrapper\AmazonScrapper\data\products\keyword_09_product_005.html
2026-08-28 17:23:38 | INFO | amazon_scrapper | [9:6] HTTP 200 https://www.amazon.com/BOHON-Charging-Intelligent-Induction-Gooseneck/dp/B08SK4DMHR/ref=sr_1_10?dib=eyJ2IjoiMSJ9.oclPoi4pedGfZO73vX5Y7TF_0MZJ0OQtq97RUIhj2QPZ23ciluUYlcv6wyJeVVE3qDN1ReLWkVgniRRMfri4IOAu5e8JHTu-2hM68-16az2lTAqUv02KqzHFupVJNubwuYWc4zSg3O-e3lG7C4pWwGpu21l9N1wtpO-8Zuat0g8FBT2LO8vayC9s1J8NQlCosPYEsI_nYd_MJpD0meRnqmnkWKouRTNLTAWv2CLHV6PQiPjmHqqjzOC0sTTWUiDNaQu5cUUC1aO1Df8GbNducynfpcJXnbg8bIB2Q9V15jA.dj7mAN7m9SRYgHAMVc4Q5U6zXGxosFipUbMwrHLUZBE&dib_tag=se&keywords=desk+lamp+LED&qid=1787916035&sr=8-10
2026-08-28 17:23:38 | INFO | amazon_scrapper | [9:6] Saved D:\Amazon Scrapper\AmazonScrapper\data\products\keyword_09_product_006.html
2026-08-28 17:23:39 | INFO | amazon_scrapper | [9:7] HTTP 200 https://www.amazon.com/Power-Strip-Outlets-Stepless-Dimming/dp/B0GXV4S23L/ref=sr_1_15?dib=eyJ2IjoiMSJ9.oclPoi4pedGfZO73vX5Y7TF_0MZJ0OQtq97RUIhj2QPZ23ciluUYlcv6wyJeVVE3qDN1ReLWkVgniRRMfri4IOAu5e8JHTu-2hM68-16az2lTAqUv02KqzHFupVJNubwuYWc4zSg3O-e3lG7C4pWwGpu21l9N1wtpO-8Zuat0g8FBT2LO8vayC9s1J8NQlCosPYEsI_nYd_MJpD0meRnqmnkWKouRTNLTAWv2CLHV6PQiPjmHqqjzOC0sTTWUiDNaQu5cUUC1aO1Df8GbNducynfpcJXnbg8bIB2Q9V15jA.dj7mAN7m9SRYgHAMVc4Q5U6zXGxosFipUbMwrHLUZBE&dib_tag=se&keywords=desk+lamp+LED&qid=1787916035&sr=8-15
2026-08-28 17:23:39 | INFO | amazon_scrapper | [9:7] Saved D:\Amazon Scrapper\AmazonScrapper\data\products\keyword_09_product_007.html
2026-08-28 17:23:39 | INFO | amazon_scrapper | [9:9] HTTP 200 https://www.amazon.com/Addtam-Outlets-Charging-Brightness-Essentials/dp/B0D2LGK82V/ref=sr_1_17?dib=eyJ2IjoiMSJ9.oclPoi4pedGfZO73vX5Y7TF_0MZJ0OQtq97RUIhj2QPZ23ciluUYlcv6wyJeVVE3qDN1ReLWkVgniRRMfri4IOAu5e8JHTu-2hM68-16az2lTAqUv02KqzHFupVJNubwuYWc4zSg3O-e3lG7C4pWwGpu21l9N1wtpO-8Zuat0g8FBT2LO8vayC9s1J8NQlCosPYEsI_nYd_MJpD0meRnqmnkWKouRTNLTAWv2CLHV6PQiPjmHqqjzOC0sTTWUiDNaQu5cUUC1aO1Df8GbNducynfpcJXnbg8bIB2Q9V15jA.dj7mAN7m9SRYgHAMVc4Q5U6zXGxosFipUbMwrHLUZBE&dib_tag=se&keywords=desk+lamp+LED&qid=1787916035&sr=8-17
2026-08-28 17:23:39 | INFO | amazon_scrapper | [9:9] Saved D:\Amazon Scrapper\AmazonScrapper\data\products\keyword_09_product_009.html
2026-08-28 17:23:39 | INFO | amazon_scrapper | [9:8] HTTP 200 https://www.amazon.com/15W-Desk-Lamp-Charging-Ports/dp/B0FCS5W2WL/ref=sr_1_16?dib=eyJ2IjoiMSJ9.oclPoi4pedGfZO73vX5Y7TF_0MZJ0OQtq97RUIhj2QPZ23ciluUYlcv6wyJeVVE3qDN1ReLWkVgniRRMfri4IOAu5e8JHTu-2hM68-16az2lTAqUv02KqzHFupVJNubwuYWc4zSg3O-e3lG7C4pWwGpu21l9N1wtpO-8Zuat0g8FBT2LO8vayC9s1J8NQlCosPYEsI_nYd_MJpD0meRnqmnkWKouRTNLTAWv2CLHV6PQiPjmHqqjzOC0sTTWUiDNaQu5cUUC1aO1Df8GbNducynfpcJXnbg8bIB2Q9V15jA.dj7mAN7m9SRYgHAMVc4Q5U6zXGxosFipUbMwrHLUZBE&dib_tag=se&keywords=desk+lamp+LED&qid=1787916035&sr=8-16
2026-08-28 17:23:39 | INFO | amazon_scrapper | [9:8] Saved D:\Amazon Scrapper\AmazonScrapper\data\products\keyword_09_product_008.html
2026-08-28 17:23:40 | INFO | amazon_scrapper | [9:10] HTTP 200 https://www.amazon.com/ROOTRO-Bedside-Dimmable-Multi-Color-Nightstand/dp/B0BR5JHB3Z/ref=sr_1_18?dib=eyJ2IjoiMSJ9.oclPoi4pedGfZO73vX5Y7TF_0MZJ0OQtq97RUIhj2QPZ23ciluUYlcv6wyJeVVE3qDN1ReLWkVgniRRMfri4IOAu5e8JHTu-2hM68-16az2lTAqUv02KqzHFupVJNubwuYWc4zSg3O-e3lG7C4pWwGpu21l9N1wtpO-8Zuat0g8FBT2LO8vayC9s1J8NQlCosPYEsI_nYd_MJpD0meRnqmnkWKouRTNLTAWv2CLHV6PQiPjmHqqjzOC0sTTWUiDNaQu5cUUC1aO1Df8GbNducynfpcJXnbg8bIB2Q9V15jA.dj7mAN7m9SRYgHAMVc4Q5U6zXGxosFipUbMwrHLUZBE&dib_tag=se&keywords=desk+lamp+LED&qid=1787916035&sr=8-18
2026-08-28 17:23:40 | INFO | amazon_scrapper | [9:10] Saved D:\Amazon Scrapper\AmazonScrapper\data\products\keyword_09_product_010.html
2026-08-28 17:23:41 | INFO | amazon_scrapper | [9:11] HTTP 200 https://www.amazon.com/Micomlan-Architect-Atmosphere-Lighting-Tempering/dp/B0BNHNG5CY/ref=sr_1_23?dib=eyJ2IjoiMSJ9.oclPoi4pedGfZO73vX5Y7TF_0MZJ0OQtq97RUIhj2QPZ23ciluUYlcv6wyJeVVE3qDN1ReLWkVgniRRMfri4IOAu5e8JHTu-2hM68-16az2lTAqUv02KqzHFupVJNubwuYWc4zSg3O-e3lG7C4pWwGpu21l9N1wtpO-8Zuat0g8FBT2LO8vayC9s1J8NQlCosPYEsI_nYd_MJpD0meRnqmnkWKouRTNLTAWv2CLHV6PQiPjmHqqjzOC0sTTWUiDNaQu5cUUC1aO1Df8GbNducynfpcJXnbg8bIB2Q9V15jA.dj7mAN7m9SRYgHAMVc4Q5U6zXGxosFipUbMwrHLUZBE&dib_tag=se&keywords=desk+lamp+LED&qid=1787916035&sr=8-23
2026-08-28 17:23:41 | INFO | amazon_scrapper | [9:11] Saved D:\Amazon Scrapper\AmazonScrapper\data\products\keyword_09_product_011.html
2026-08-28 17:23:41 | INFO | amazon_scrapper | [9:12] HTTP 200 https://www.amazon.com/CHARYJOD-Adjustable-Architect-Stepless-Workbench/dp/B0FG7XJWLM/ref=sr_1_24?dib=eyJ2IjoiMSJ9.oclPoi4pedGfZO73vX5Y7TF_0MZJ0OQtq97RUIhj2QPZ23ciluUYlcv6wyJeVVE3qDN1ReLWkVgniRRMfri4IOAu5e8JHTu-2hM68-16az2lTAqUv02KqzHFupVJNubwuYWc4zSg3O-e3lG7C4pWwGpu21l9N1wtpO-8Zuat0g8FBT2LO8vayC9s1J8NQlCosPYEsI_nYd_MJpD0meRnqmnkWKouRTNLTAWv2CLHV6PQiPjmHqqjzOC0sTTWUiDNaQu5cUUC1aO1Df8GbNducynfpcJXnbg8bIB2Q9V15jA.dj7mAN7m9SRYgHAMVc4Q5U6zXGxosFipUbMwrHLUZBE&dib_tag=se&keywords=desk+lamp+LED&qid=1787916035&sr=8-24
2026-08-28 17:23:41 | INFO | amazon_scrapper | [9:12] Saved D:\Amazon Scrapper\AmazonScrapper\data\products\keyword_09_product_012.html
2026-08-28 17:23:41 | INFO | amazon_scrapper | [9:13] HTTP 200 https://www.amazon.com/Govee-Bedside-Changing-Bedroom-Dimmable/dp/B0D41XL87F/ref=sr_1_25?dib=eyJ2IjoiMSJ9.oclPoi4pedGfZO73vX5Y7TF_0MZJ0OQtq97RUIhj2QPZ23ciluUYlcv6wyJeVVE3qDN1ReLWkVgniRRMfri4IOAu5e8JHTu-2hM68-16az2lTAqUv02KqzHFupVJNubwuYWc4zSg3O-e3lG7C4pWwGpu21l9N1wtpO-8Zuat0g8FBT2LO8vayC9s1J8NQlCosPYEsI_nYd_MJpD0meRnqmnkWKouRTNLTAWv2CLHV6PQiPjmHqqjzOC0sTTWUiDNaQu5cUUC1aO1Df8GbNducynfpcJXnbg8bIB2Q9V15jA.dj7mAN7m9SRYgHAMVc4Q5U6zXGxosFipUbMwrHLUZBE&dib_tag=se&keywords=desk+lamp+LED&qid=1787916035&sr=8-25
2026-08-28 17:23:42 | INFO | amazon_scrapper | [9:13] Saved D:\Amazon Scrapper\AmazonScrapper\data\products\keyword_09_product_013.html
2026-08-28 17:23:42 | INFO | amazon_scrapper | [9:14] HTTP 200 https://www.amazon.com/white-crown-Dimmable-Charging-Sensitive/dp/B0868HY623/ref=sr_1_26?dib=eyJ2IjoiMSJ9.oclPoi4pedGfZO73vX5Y7TF_0MZJ0OQtq97RUIhj2QPZ23ciluUYlcv6wyJeVVE3qDN1ReLWkVgniRRMfri4IOAu5e8JHTu-2hM68-16az2lTAqUv02KqzHFupVJNubwuYWc4zSg3O-e3lG7C4pWwGpu21l9N1wtpO-8Zuat0g8FBT2LO8vayC9s1J8NQlCosPYEsI_nYd_MJpD0meRnqmnkWKouRTNLTAWv2CLHV6PQiPjmHqqjzOC0sTTWUiDNaQu5cUUC1aO1Df8GbNducynfpcJXnbg8bIB2Q9V15jA.dj7mAN7m9SRYgHAMVc4Q5U6zXGxosFipUbMwrHLUZBE&dib_tag=se&keywords=desk+lamp+LED&qid=1787916035&sr=8-26
2026-08-28 17:23:42 | INFO | amazon_scrapper | [9:14] Saved D:\Amazon Scrapper\AmazonScrapper\data\products\keyword_09_product_014.html
2026-08-28 17:23:42 | INFO | amazon_scrapper | [9:15] HTTP 200 https://www.amazon.com/Quntis-Computer-Reading-Auto-Dimming-Adjustment/dp/B08DKQ3JG1/ref=sr_1_27?dib=eyJ2IjoiMSJ9.oclPoi4pedGfZO73vX5Y7TF_0MZJ0OQtq97RUIhj2QPZ23ciluUYlcv6wyJeVVE3qDN1ReLWkVgniRRMfri4IOAu5e8JHTu-2hM68-16az2lTAqUv02KqzHFupVJNubwuYWc4zSg3O-e3lG7C4pWwGpu21l9N1wtpO-8Zuat0g8FBT2LO8vayC9s1J8NQlCosPYEsI_nYd_MJpD0meRnqmnkWKouRTNLTAWv2CLHV6PQiPjmHqqjzOC0sTTWUiDNaQu5cUUC1aO1Df8GbNducynfpcJXnbg8bIB2Q9V15jA.dj7mAN7m9SRYgHAMVc4Q5U6zXGxosFipUbMwrHLUZBE&dib_tag=se&keywords=desk+lamp+LED&qid=1787916035&sr=8-27
2026-08-28 17:23:42 | INFO | amazon_scrapper | [9:15] Saved D:\Amazon Scrapper\AmazonScrapper\data\products\keyword_09_product_015.html
2026-08-28 17:23:43 | INFO | amazon_scrapper | [9:16] HTTP 200 https://www.amazon.com/Dimmable-Lighting-5-Level-Touch-Sensitive-Charging/dp/B00KSQ8ZNA/ref=sr_1_28?dib=eyJ2IjoiMSJ9.oclPoi4pedGfZO73vX5Y7TF_0MZJ0OQtq97RUIhj2QPZ23ciluUYlcv6wyJeVVE3qDN1ReLWkVgniRRMfri4IOAu5e8JHTu-2hM68-16az2lTAqUv02KqzHFupVJNubwuYWc4zSg3O-e3lG7C4pWwGpu21l9N1wtpO-8Zuat0g8FBT2LO8vayC9s1J8NQlCosPYEsI_nYd_MJpD0meRnqmnkWKouRTNLTAWv2CLHV6PQiPjmHqqjzOC0sTTWUiDNaQu5cUUC1aO1Df8GbNducynfpcJXnbg8bIB2Q9V15jA.dj7mAN7m9SRYgHAMVc4Q5U6zXGxosFipUbMwrHLUZBE&dib_tag=se&keywords=desk+lamp+LED&qid=1787916035&sr=8-28
2026-08-28 17:23:43 | INFO | amazon_scrapper | [9:16] Saved D:\Amazon Scrapper\AmazonScrapper\data\products\keyword_09_product_016.html
2026-08-28 17:23:43 | INFO | amazon_scrapper | [9:17] HTTP 200 https://www.amazon.com/Eye-Care-Architect-Computer-Adjustable-Gooseneck/dp/B0D4DG2CG2/ref=sr_1_29?dib=eyJ2IjoiMSJ9.oclPoi4pedGfZO73vX5Y7TF_0MZJ0OQtq97RUIhj2QPZ23ciluUYlcv6wyJeVVE3qDN1ReLWkVgniRRMfri4IOAu5e8JHTu-2hM68-16az2lTAqUv02KqzHFupVJNubwuYWc4zSg3O-e3lG7C4pWwGpu21l9N1wtpO-8Zuat0g8FBT2LO8vayC9s1J8NQlCosPYEsI_nYd_MJpD0meRnqmnkWKouRTNLTAWv2CLHV6PQiPjmHqqjzOC0sTTWUiDNaQu5cUUC1aO1Df8GbNducynfpcJXnbg8bIB2Q9V15jA.dj7mAN7m9SRYgHAMVc4Q5U6zXGxosFipUbMwrHLUZBE&dib_tag=se&keywords=desk+lamp+LED&qid=1787916035&sr=8-29
2026-08-28 17:23:43 | INFO | amazon_scrapper | [9:17] Saved D:\Amazon Scrapper\AmazonScrapper\data\products\keyword_09_product_017.html
2026-08-28 17:23:44 | INFO | amazon_scrapper | [9:18] HTTP 200 https://www.amazon.com/Architect-Adjustable-Eye-Care-Brightness-Levels/dp/B09YV633PL/ref=sr_1_30?dib=eyJ2IjoiMSJ9.oclPoi4pedGfZO73vX5Y7TF_0MZJ0OQtq97RUIhj2QPZ23ciluUYlcv6wyJeVVE3qDN1ReLWkVgniRRMfri4IOAu5e8JHTu-2hM68-16az2lTAqUv02KqzHFupVJNubwuYWc4zSg3O-e3lG7C4pWwGpu21l9N1wtpO-8Zuat0g8FBT2LO8vayC9s1J8NQlCosPYEsI_nYd_MJpD0meRnqmnkWKouRTNLTAWv2CLHV6PQiPjmHqqjzOC0sTTWUiDNaQu5cUUC1aO1Df8GbNducynfpcJXnbg8bIB2Q9V15jA.dj7mAN7m9SRYgHAMVc4Q5U6zXGxosFipUbMwrHLUZBE&dib_tag=se&keywords=desk+lamp+LED&qid=1787916035&sr=8-30
2026-08-28 17:23:44 | INFO | amazon_scrapper | [9:18] Saved D:\Amazon Scrapper\AmazonScrapper\data\products\keyword_09_product_018.html
2026-08-28 17:23:44 | INFO | amazon_scrapper | [9:19] HTTP 200 https://www.amazon.com/LitONES-Lamps-Edge-Lit-Eye-Care-Light/dp/B0DQTRH3V4/ref=sr_1_31?dib=eyJ2IjoiMSJ9.oclPoi4pedGfZO73vX5Y7TF_0MZJ0OQtq97RUIhj2QPZ23ciluUYlcv6wyJeVVE3qDN1ReLWkVgniRRMfri4IOAu5e8JHTu-2hM68-16az2lTAqUv02KqzHFupVJNubwuYWc4zSg3O-e3lG7C4pWwGpu21l9N1wtpO-8Zuat0g8FBT2LO8vayC9s1J8NQlCosPYEsI_nYd_MJpD0meRnqmnkWKouRTNLTAWv2CLHV6PQiPjmHqqjzOC0sTTWUiDNaQu5cUUC1aO1Df8GbNducynfpcJXnbg8bIB2Q9V15jA.dj7mAN7m9SRYgHAMVc4Q5U6zXGxosFipUbMwrHLUZBE&dib_tag=se&keywords=desk+lamp+LED&qid=1787916035&sr=8-31
2026-08-28 17:23:44 | INFO | amazon_scrapper | [9:19] Saved D:\Amazon Scrapper\AmazonScrapper\data\products\keyword_09_product_019.html
2026-08-28 17:23:45 | INFO | amazon_scrapper | [9:20] HTTP 200 https://www.amazon.com/Vicsoon-Office-Adjustable-Dimmable-Holder/dp/B0C3M87K71/ref=sr_1_32?dib=eyJ2IjoiMSJ9.oclPoi4pedGfZO73vX5Y7TF_0MZJ0OQtq97RUIhj2QPZ23ciluUYlcv6wyJeVVE3qDN1ReLWkVgniRRMfri4IOAu5e8JHTu-2hM68-16az2lTAqUv02KqzHFupVJNubwuYWc4zSg3O-e3lG7C4pWwGpu21l9N1wtpO-8Zuat0g8FBT2LO8vayC9s1J8NQlCosPYEsI_nYd_MJpD0meRnqmnkWKouRTNLTAWv2CLHV6PQiPjmHqqjzOC0sTTWUiDNaQu5cUUC1aO1Df8GbNducynfpcJXnbg8bIB2Q9V15jA.dj7mAN7m9SRYgHAMVc4Q5U6zXGxosFipUbMwrHLUZBE&dib_tag=se&keywords=desk+lamp+LED&qid=1787916035&sr=8-32
2026-08-28 17:23:45 | INFO | amazon_scrapper | [9:20] Saved D:\Amazon Scrapper\AmazonScrapper\data\products\keyword_09_product_020.html
2026-08-28 17:23:45 | INFO | amazon_scrapper | [9:21] HTTP 200 https://www.amazon.com/ONEMIX-42-Inch-Monitors-Clamp-Remote/dp/B0F5BH3Z9T/ref=sr_1_33?dib=eyJ2IjoiMSJ9.oclPoi4pedGfZO73vX5Y7TF_0MZJ0OQtq97RUIhj2QPZ23ciluUYlcv6wyJeVVE3qDN1ReLWkVgniRRMfri4IOAu5e8JHTu-2hM68-16az2lTAqUv02KqzHFupVJNubwuYWc4zSg3O-e3lG7C4pWwGpu21l9N1wtpO-8Zuat0g8FBT2LO8vayC9s1J8NQlCosPYEsI_nYd_MJpD0meRnqmnkWKouRTNLTAWv2CLHV6PQiPjmHqqjzOC0sTTWUiDNaQu5cUUC1aO1Df8GbNducynfpcJXnbg8bIB2Q9V15jA.dj7mAN7m9SRYgHAMVc4Q5U6zXGxosFipUbMwrHLUZBE&dib_tag=se&keywords=desk+lamp+LED&qid=1787916035&sr=8-33
2026-08-28 17:23:45 | INFO | amazon_scrapper | [9:21] Saved D:\Amazon Scrapper\AmazonScrapper\data\products\keyword_09_product_021.html
2026-08-28 17:23:45 | INFO | amazon_scrapper | [9:22] HTTP 200 https://www.amazon.com/SKYLEO-Led-Desk-Lamp-Brightness/dp/B0D1DLY4H4/ref=sr_1_34?dib=eyJ2IjoiMSJ9.oclPoi4pedGfZO73vX5Y7TF_0MZJ0OQtq97RUIhj2QPZ23ciluUYlcv6wyJeVVE3qDN1ReLWkVgniRRMfri4IOAu5e8JHTu-2hM68-16az2lTAqUv02KqzHFupVJNubwuYWc4zSg3O-e3lG7C4pWwGpu21l9N1wtpO-8Zuat0g8FBT2LO8vayC9s1J8NQlCosPYEsI_nYd_MJpD0meRnqmnkWKouRTNLTAWv2CLHV6PQiPjmHqqjzOC0sTTWUiDNaQu5cUUC1aO1Df8GbNducynfpcJXnbg8bIB2Q9V15jA.dj7mAN7m9SRYgHAMVc4Q5U6zXGxosFipUbMwrHLUZBE&dib_tag=se&keywords=desk+lamp+LED&qid=1787916035&sr=8-34
2026-08-28 17:23:45 | INFO | amazon_scrapper | [9:22] Saved D:\Amazon Scrapper\AmazonScrapper\data\products\keyword_09_product_022.html
2026-08-28 17:23:46 | INFO | amazon_scrapper | [9:23] HTTP 200 https://www.amazon.com/Galnolt-Adjustable-Gooseneck-Architect-Workbench/dp/B0FRS7SVR7/ref=sr_1_35?dib=eyJ2IjoiMSJ9.oclPoi4pedGfZO73vX5Y7TF_0MZJ0OQtq97RUIhj2QPZ23ciluUYlcv6wyJeVVE3qDN1ReLWkVgniRRMfri4IOAu5e8JHTu-2hM68-16az2lTAqUv02KqzHFupVJNubwuYWc4zSg3O-e3lG7C4pWwGpu21l9N1wtpO-8Zuat0g8FBT2LO8vayC9s1J8NQlCosPYEsI_nYd_MJpD0meRnqmnkWKouRTNLTAWv2CLHV6PQiPjmHqqjzOC0sTTWUiDNaQu5cUUC1aO1Df8GbNducynfpcJXnbg8bIB2Q9V15jA.dj7mAN7m9SRYgHAMVc4Q5U6zXGxosFipUbMwrHLUZBE&dib_tag=se&keywords=desk+lamp+LED&qid=1787916035&sr=8-35
2026-08-28 17:23:46 | INFO | amazon_scrapper | [9:23] Saved D:\Amazon Scrapper\AmazonScrapper\data\products\keyword_09_product_023.html
2026-08-28 17:23:46 | INFO | amazon_scrapper | [9:24] HTTP 200 https://www.amazon.com/Honeywell-Spectrum-Eye-Caring-Foldable-Dimmable/dp/B0D1KHCHZP/ref=sr_1_36?dib=eyJ2IjoiMSJ9.oclPoi4pedGfZO73vX5Y7TF_0MZJ0OQtq97RUIhj2QPZ23ciluUYlcv6wyJeVVE3qDN1ReLWkVgniRRMfri4IOAu5e8JHTu-2hM68-16az2lTAqUv02KqzHFupVJNubwuYWc4zSg3O-e3lG7C4pWwGpu21l9N1wtpO-8Zuat0g8FBT2LO8vayC9s1J8NQlCosPYEsI_nYd_MJpD0meRnqmnkWKouRTNLTAWv2CLHV6PQiPjmHqqjzOC0sTTWUiDNaQu5cUUC1aO1Df8GbNducynfpcJXnbg8bIB2Q9V15jA.dj7mAN7m9SRYgHAMVc4Q5U6zXGxosFipUbMwrHLUZBE&dib_tag=se&keywords=desk+lamp+LED&qid=1787916035&sr=8-36
2026-08-28 17:23:46 | INFO | amazon_scrapper | [9:24] Saved D:\Amazon Scrapper\AmazonScrapper\data\products\keyword_09_product_024.html
2026-08-28 17:23:47 | INFO | amazon_scrapper | [9:26] HTTP 200 https://www.amazon.com/RUCKERCO-Dimmable-Lighting-Protection-Accessories/dp/B0CNZS9RRB/ref=sr_1_38?dib=eyJ2IjoiMSJ9.oclPoi4pedGfZO73vX5Y7TF_0MZJ0OQtq97RUIhj2QPZ23ciluUYlcv6wyJeVVE3qDN1ReLWkVgniRRMfri4IOAu5e8JHTu-2hM68-16az2lTAqUv02KqzHFupVJNubwuYWc4zSg3O-e3lG7C4pWwGpu21l9N1wtpO-8Zuat0g8FBT2LO8vayC9s1J8NQlCosPYEsI_nYd_MJpD0meRnqmnkWKouRTNLTAWv2CLHV6PQiPjmHqqjzOC0sTTWUiDNaQu5cUUC1aO1Df8GbNducynfpcJXnbg8bIB2Q9V15jA.dj7mAN7m9SRYgHAMVc4Q5U6zXGxosFipUbMwrHLUZBE&dib_tag=se&keywords=desk+lamp+LED&qid=1787916035&sr=8-38
2026-08-28 17:23:47 | INFO | amazon_scrapper | [9:26] Saved D:\Amazon Scrapper\AmazonScrapper\data\products\keyword_09_product_026.html
2026-08-28 17:23:47 | INFO | amazon_scrapper | [9:25] HTTP 200 https://www.amazon.com/Gritin-Rechargeable-Temperatures-Brightness-Lightweight/dp/B0C3BC4QG2/ref=sr_1_37?dib=eyJ2IjoiMSJ9.oclPoi4pedGfZO73vX5Y7TF_0MZJ0OQtq97RUIhj2QPZ23ciluUYlcv6wyJeVVE3qDN1ReLWkVgniRRMfri4IOAu5e8JHTu-2hM68-16az2lTAqUv02KqzHFupVJNubwuYWc4zSg3O-e3lG7C4pWwGpu21l9N1wtpO-8Zuat0g8FBT2LO8vayC9s1J8NQlCosPYEsI_nYd_MJpD0meRnqmnkWKouRTNLTAWv2CLHV6PQiPjmHqqjzOC0sTTWUiDNaQu5cUUC1aO1Df8GbNducynfpcJXnbg8bIB2Q9V15jA.dj7mAN7m9SRYgHAMVc4Q5U6zXGxosFipUbMwrHLUZBE&dib_tag=se&keywords=desk+lamp+LED&qid=1787916035&sr=8-37
2026-08-28 17:23:47 | INFO | amazon_scrapper | [9:25] Saved D:\Amazon Scrapper\AmazonScrapper\data\products\keyword_09_product_025.html
2026-08-28 17:23:48 | INFO | amazon_scrapper | [9:27] HTTP 200 https://www.amazon.com/LitONES-Led-Desk-Lamp-Home-Office-Brightness/dp/B0CZMPX2PW/ref=sr_1_39?dib=eyJ2IjoiMSJ9.oclPoi4pedGfZO73vX5Y7TF_0MZJ0OQtq97RUIhj2QPZ23ciluUYlcv6wyJeVVE3qDN1ReLWkVgniRRMfri4IOAu5e8JHTu-2hM68-16az2lTAqUv02KqzHFupVJNubwuYWc4zSg3O-e3lG7C4pWwGpu21l9N1wtpO-8Zuat0g8FBT2LO8vayC9s1J8NQlCosPYEsI_nYd_MJpD0meRnqmnkWKouRTNLTAWv2CLHV6PQiPjmHqqjzOC0sTTWUiDNaQu5cUUC1aO1Df8GbNducynfpcJXnbg8bIB2Q9V15jA.dj7mAN7m9SRYgHAMVc4Q5U6zXGxosFipUbMwrHLUZBE&dib_tag=se&keywords=desk+lamp+LED&qid=1787916035&sr=8-39
2026-08-28 17:23:48 | INFO | amazon_scrapper | [9:27] Saved D:\Amazon Scrapper\AmazonScrapper\data\products\keyword_09_product_027.html
2026-08-28 17:23:48 | INFO | amazon_scrapper | [9:29] HTTP 200 https://www.amazon.com/SUPERDANNY-Eye-Caring-Flexible-Gooseneck-Lighting/dp/B0D1QY8PL6/ref=sr_1_41?dib=eyJ2IjoiMSJ9.oclPoi4pedGfZO73vX5Y7TF_0MZJ0OQtq97RUIhj2QPZ23ciluUYlcv6wyJeVVE3qDN1ReLWkVgniRRMfri4IOAu5e8JHTu-2hM68-16az2lTAqUv02KqzHFupVJNubwuYWc4zSg3O-e3lG7C4pWwGpu21l9N1wtpO-8Zuat0g8FBT2LO8vayC9s1J8NQlCosPYEsI_nYd_MJpD0meRnqmnkWKouRTNLTAWv2CLHV6PQiPjmHqqjzOC0sTTWUiDNaQu5cUUC1aO1Df8GbNducynfpcJXnbg8bIB2Q9V15jA.dj7mAN7m9SRYgHAMVc4Q5U6zXGxosFipUbMwrHLUZBE&dib_tag=se&keywords=desk+lamp+LED&qid=1787916035&sr=8-41
2026-08-28 17:23:48 | INFO | amazon_scrapper | [9:29] Saved D:\Amazon Scrapper\AmazonScrapper\data\products\keyword_09_product_029.html
2026-08-28 17:23:48 | INFO | amazon_scrapper | [9:28] HTTP 200 https://www.amazon.com/Clamp-Stepless-Dimming-Flicker-Free-Office/dp/B0G7RDYJFY/ref=sr_1_40?dib=eyJ2IjoiMSJ9.oclPoi4pedGfZO73vX5Y7TF_0MZJ0OQtq97RUIhj2QPZ23ciluUYlcv6wyJeVVE3qDN1ReLWkVgniRRMfri4IOAu5e8JHTu-2hM68-16az2lTAqUv02KqzHFupVJNubwuYWc4zSg3O-e3lG7C4pWwGpu21l9N1wtpO-8Zuat0g8FBT2LO8vayC9s1J8NQlCosPYEsI_nYd_MJpD0meRnqmnkWKouRTNLTAWv2CLHV6PQiPjmHqqjzOC0sTTWUiDNaQu5cUUC1aO1Df8GbNducynfpcJXnbg8bIB2Q9V15jA.dj7mAN7m9SRYgHAMVc4Q5U6zXGxosFipUbMwrHLUZBE&dib_tag=se&keywords=desk+lamp+LED&qid=1787916035&sr=8-40
2026-08-28 17:23:48 | INFO | amazon_scrapper | [9:28] Saved D:\Amazon Scrapper\AmazonScrapper\data\products\keyword_09_product_028.html
2026-08-28 17:23:49 | INFO | amazon_scrapper | [9:30] HTTP 200 https://www.amazon.com/Vicsoon-Desk-Lamps-Home-Office/dp/B0G6KNJH1Z/ref=sr_1_42?dib=eyJ2IjoiMSJ9.oclPoi4pedGfZO73vX5Y7TF_0MZJ0OQtq97RUIhj2QPZ23ciluUYlcv6wyJeVVE3qDN1ReLWkVgniRRMfri4IOAu5e8JHTu-2hM68-16az2lTAqUv02KqzHFupVJNubwuYWc4zSg3O-e3lG7C4pWwGpu21l9N1wtpO-8Zuat0g8FBT2LO8vayC9s1J8NQlCosPYEsI_nYd_MJpD0meRnqmnkWKouRTNLTAWv2CLHV6PQiPjmHqqjzOC0sTTWUiDNaQu5cUUC1aO1Df8GbNducynfpcJXnbg8bIB2Q9V15jA.dj7mAN7m9SRYgHAMVc4Q5U6zXGxosFipUbMwrHLUZBE&dib_tag=se&keywords=desk+lamp+LED&qid=1787916035&sr=8-42
2026-08-28 17:23:49 | INFO | amazon_scrapper | [9:30] Saved D:\Amazon Scrapper\AmazonScrapper\data\products\keyword_09_product_030.html
2026-08-28 17:23:49 | INFO | amazon_scrapper | [9:31] HTTP 200 https://www.amazon.com/SANDROY-VOLT-Adjustable-Remote-4-Head/dp/B0F1XKYJFD/ref=sr_1_43?dib=eyJ2IjoiMSJ9.oclPoi4pedGfZO73vX5Y7TF_0MZJ0OQtq97RUIhj2QPZ23ciluUYlcv6wyJeVVE3qDN1ReLWkVgniRRMfri4IOAu5e8JHTu-2hM68-16az2lTAqUv02KqzHFupVJNubwuYWc4zSg3O-e3lG7C4pWwGpu21l9N1wtpO-8Zuat0g8FBT2LO8vayC9s1J8NQlCosPYEsI_nYd_MJpD0meRnqmnkWKouRTNLTAWv2CLHV6PQiPjmHqqjzOC0sTTWUiDNaQu5cUUC1aO1Df8GbNducynfpcJXnbg8bIB2Q9V15jA.dj7mAN7m9SRYgHAMVc4Q5U6zXGxosFipUbMwrHLUZBE&dib_tag=se&keywords=desk+lamp+LED&qid=1787916035&sr=8-43
2026-08-28 17:23:49 | INFO | amazon_scrapper | [9:31] Saved D:\Amazon Scrapper\AmazonScrapper\data\products\keyword_09_product_031.html
2026-08-28 17:23:50 | INFO | amazon_scrapper | [9:32] HTTP 200 https://www.amazon.com/karidi-Eye-Caring-Brightness-Dimmable-Essentials/dp/B0GT9BR934/ref=sr_1_44?dib=eyJ2IjoiMSJ9.oclPoi4pedGfZO73vX5Y7TF_0MZJ0OQtq97RUIhj2QPZ23ciluUYlcv6wyJeVVE3qDN1ReLWkVgniRRMfri4IOAu5e8JHTu-2hM68-16az2lTAqUv02KqzHFupVJNubwuYWc4zSg3O-e3lG7C4pWwGpu21l9N1wtpO-8Zuat0g8FBT2LO8vayC9s1J8NQlCosPYEsI_nYd_MJpD0meRnqmnkWKouRTNLTAWv2CLHV6PQiPjmHqqjzOC0sTTWUiDNaQu5cUUC1aO1Df8GbNducynfpcJXnbg8bIB2Q9V15jA.dj7mAN7m9SRYgHAMVc4Q5U6zXGxosFipUbMwrHLUZBE&dib_tag=se&keywords=desk+lamp+LED&qid=1787916035&sr=8-44
2026-08-28 17:23:50 | INFO | amazon_scrapper | [9:32] Saved D:\Amazon Scrapper\AmazonScrapper\data\products\keyword_09_product_032.html
2026-08-28 17:23:50 | INFO | amazon_scrapper | [9:33] HTTP 200 https://www.amazon.com/Giryuhd-Operated-Rechargeable-Foldable-Brightness/dp/B0CQ3ZGKP3/ref=sr_1_45?dib=eyJ2IjoiMSJ9.oclPoi4pedGfZO73vX5Y7TF_0MZJ0OQtq97RUIhj2QPZ23ciluUYlcv6wyJeVVE3qDN1ReLWkVgniRRMfri4IOAu5e8JHTu-2hM68-16az2lTAqUv02KqzHFupVJNubwuYWc4zSg3O-e3lG7C4pWwGpu21l9N1wtpO-8Zuat0g8FBT2LO8vayC9s1J8NQlCosPYEsI_nYd_MJpD0meRnqmnkWKouRTNLTAWv2CLHV6PQiPjmHqqjzOC0sTTWUiDNaQu5cUUC1aO1Df8GbNducynfpcJXnbg8bIB2Q9V15jA.dj7mAN7m9SRYgHAMVc4Q5U6zXGxosFipUbMwrHLUZBE&dib_tag=se&keywords=desk+lamp+LED&qid=1787916035&sr=8-45
2026-08-28 17:23:50 | INFO | amazon_scrapper | [9:33] Saved D:\Amazon Scrapper\AmazonScrapper\data\products\keyword_09_product_033.html
2026-08-28 17:23:50 | INFO | amazon_scrapper | [9:34] HTTP 200 https://www.amazon.com/Micomlan-Architect-Atmosphere-Adjustable-Rotatable/dp/B0CJM6WYZ8/ref=sr_1_46?dib=eyJ2IjoiMSJ9.oclPoi4pedGfZO73vX5Y7TF_0MZJ0OQtq97RUIhj2QPZ23ciluUYlcv6wyJeVVE3qDN1ReLWkVgniRRMfri4IOAu5e8JHTu-2hM68-16az2lTAqUv02KqzHFupVJNubwuYWc4zSg3O-e3lG7C4pWwGpu21l9N1wtpO-8Zuat0g8FBT2LO8vayC9s1J8NQlCosPYEsI_nYd_MJpD0meRnqmnkWKouRTNLTAWv2CLHV6PQiPjmHqqjzOC0sTTWUiDNaQu5cUUC1aO1Df8GbNducynfpcJXnbg8bIB2Q9V15jA.dj7mAN7m9SRYgHAMVc4Q5U6zXGxosFipUbMwrHLUZBE&dib_tag=se&keywords=desk+lamp+LED&qid=1787916035&sr=8-46
2026-08-28 17:23:50 | INFO | amazon_scrapper | [9:34] Saved D:\Amazon Scrapper\AmazonScrapper\data\products\keyword_09_product_034.html
2026-08-28 17:23:51 | INFO | amazon_scrapper | [9:35] HTTP 200 https://www.amazon.com/MACASA-Desk-Lamp-Office-Dorm/dp/B0C7H3MSVJ/ref=sr_1_47?dib=eyJ2IjoiMSJ9.oclPoi4pedGfZO73vX5Y7TF_0MZJ0OQtq97RUIhj2QPZ23ciluUYlcv6wyJeVVE3qDN1ReLWkVgniRRMfri4IOAu5e8JHTu-2hM68-16az2lTAqUv02KqzHFupVJNubwuYWc4zSg3O-e3lG7C4pWwGpu21l9N1wtpO-8Zuat0g8FBT2LO8vayC9s1J8NQlCosPYEsI_nYd_MJpD0meRnqmnkWKouRTNLTAWv2CLHV6PQiPjmHqqjzOC0sTTWUiDNaQu5cUUC1aO1Df8GbNducynfpcJXnbg8bIB2Q9V15jA.dj7mAN7m9SRYgHAMVc4Q5U6zXGxosFipUbMwrHLUZBE&dib_tag=se&keywords=desk+lamp+LED&qid=1787916035&sr=8-47
2026-08-28 17:23:51 | INFO | amazon_scrapper | [9:35] Saved D:\Amazon Scrapper\AmazonScrapper\data\products\keyword_09_product_035.html
2026-08-28 17:23:51 | INFO | amazon_scrapper | [9:36] HTTP 200 https://www.amazon.com/iZELL-Brightness-Flexible-Gooseneck-Headboard/dp/B0BBMK7RCF/ref=sr_1_48?dib=eyJ2IjoiMSJ9.oclPoi4pedGfZO73vX5Y7TF_0MZJ0OQtq97RUIhj2QPZ23ciluUYlcv6wyJeVVE3qDN1ReLWkVgniRRMfri4IOAu5e8JHTu-2hM68-16az2lTAqUv02KqzHFupVJNubwuYWc4zSg3O-e3lG7C4pWwGpu21l9N1wtpO-8Zuat0g8FBT2LO8vayC9s1J8NQlCosPYEsI_nYd_MJpD0meRnqmnkWKouRTNLTAWv2CLHV6PQiPjmHqqjzOC0sTTWUiDNaQu5cUUC1aO1Df8GbNducynfpcJXnbg8bIB2Q9V15jA.dj7mAN7m9SRYgHAMVc4Q5U6zXGxosFipUbMwrHLUZBE&dib_tag=se&keywords=desk+lamp+LED&qid=1787916035&sr=8-48
2026-08-28 17:23:51 | INFO | amazon_scrapper | [9:36] Saved D:\Amazon Scrapper\AmazonScrapper\data\products\keyword_09_product_036.html
2026-08-28 17:23:51 | INFO | amazon_scrapper | [9:37] HTTP 200 https://www.amazon.com/NS-Eye-Caring-3000K-6000K-Adjustable-Temperature/dp/B0GCHK16ZH/ref=sr_1_49?dib=eyJ2IjoiMSJ9.oclPoi4pedGfZO73vX5Y7TF_0MZJ0OQtq97RUIhj2QPZ23ciluUYlcv6wyJeVVE3qDN1ReLWkVgniRRMfri4IOAu5e8JHTu-2hM68-16az2lTAqUv02KqzHFupVJNubwuYWc4zSg3O-e3lG7C4pWwGpu21l9N1wtpO-8Zuat0g8FBT2LO8vayC9s1J8NQlCosPYEsI_nYd_MJpD0meRnqmnkWKouRTNLTAWv2CLHV6PQiPjmHqqjzOC0sTTWUiDNaQu5cUUC1aO1Df8GbNducynfpcJXnbg8bIB2Q9V15jA.dj7mAN7m9SRYgHAMVc4Q5U6zXGxosFipUbMwrHLUZBE&dib_tag=se&keywords=desk+lamp+LED&qid=1787916035&sr=8-49
2026-08-28 17:23:52 | INFO | amazon_scrapper | [9:37] Saved D:\Amazon Scrapper\AmazonScrapper\data\products\keyword_09_product_037.html
2026-08-28 17:23:52 | INFO | amazon_scrapper | [9:38] HTTP 200 https://www.amazon.com/Flexible-Gooseneck-Adjustable-Eye-Caring-Workbench/dp/B0GJCXQKXQ/ref=sr_1_50?dib=eyJ2IjoiMSJ9.oclPoi4pedGfZO73vX5Y7TF_0MZJ0OQtq97RUIhj2QPZ23ciluUYlcv6wyJeVVE3qDN1ReLWkVgniRRMfri4IOAu5e8JHTu-2hM68-16az2lTAqUv02KqzHFupVJNubwuYWc4zSg3O-e3lG7C4pWwGpu21l9N1wtpO-8Zuat0g8FBT2LO8vayC9s1J8NQlCosPYEsI_nYd_MJpD0meRnqmnkWKouRTNLTAWv2CLHV6PQiPjmHqqjzOC0sTTWUiDNaQu5cUUC1aO1Df8GbNducynfpcJXnbg8bIB2Q9V15jA.dj7mAN7m9SRYgHAMVc4Q5U6zXGxosFipUbMwrHLUZBE&dib_tag=se&keywords=desk+lamp+LED&qid=1787916035&sr=8-50
2026-08-28 17:23:52 | INFO | amazon_scrapper | [9:38] Saved D:\Amazon Scrapper\AmazonScrapper\data\products\keyword_09_product_038.html
2026-08-28 17:23:52 | INFO | amazon_scrapper | [9:39] HTTP 200 https://www.amazon.com/Krstlv-Magnifying-Stepless-Gooseneck-Magnifier/dp/B0CRB4K3DW/ref=sr_1_51?dib=eyJ2IjoiMSJ9.oclPoi4pedGfZO73vX5Y7TF_0MZJ0OQtq97RUIhj2QPZ23ciluUYlcv6wyJeVVE3qDN1ReLWkVgniRRMfri4IOAu5e8JHTu-2hM68-16az2lTAqUv02KqzHFupVJNubwuYWc4zSg3O-e3lG7C4pWwGpu21l9N1wtpO-8Zuat0g8FBT2LO8vayC9s1J8NQlCosPYEsI_nYd_MJpD0meRnqmnkWKouRTNLTAWv2CLHV6PQiPjmHqqjzOC0sTTWUiDNaQu5cUUC1aO1Df8GbNducynfpcJXnbg8bIB2Q9V15jA.dj7mAN7m9SRYgHAMVc4Q5U6zXGxosFipUbMwrHLUZBE&dib_tag=se&keywords=desk+lamp+LED&qid=1787916035&sr=8-51
2026-08-28 17:23:52 | INFO | amazon_scrapper | [9:39] Saved D:\Amazon Scrapper\AmazonScrapper\data\products\keyword_09_product_039.html
2026-08-28 17:23:53 | INFO | amazon_scrapper | [9:40] HTTP 200 https://www.amazon.com/SIBRILLE-Dimmable-Included-Brightness-Adjustable/dp/B0G7SSHT9F/ref=sr_1_52?dib=eyJ2IjoiMSJ9.oclPoi4pedGfZO73vX5Y7TF_0MZJ0OQtq97RUIhj2QPZ23ciluUYlcv6wyJeVVE3qDN1ReLWkVgniRRMfri4IOAu5e8JHTu-2hM68-16az2lTAqUv02KqzHFupVJNubwuYWc4zSg3O-e3lG7C4pWwGpu21l9N1wtpO-8Zuat0g8FBT2LO8vayC9s1J8NQlCosPYEsI_nYd_MJpD0meRnqmnkWKouRTNLTAWv2CLHV6PQiPjmHqqjzOC0sTTWUiDNaQu5cUUC1aO1Df8GbNducynfpcJXnbg8bIB2Q9V15jA.dj7mAN7m9SRYgHAMVc4Q5U6zXGxosFipUbMwrHLUZBE&dib_tag=se&keywords=desk+lamp+LED&qid=1787916035&sr=8-52
2026-08-28 17:23:53 | INFO | amazon_scrapper | [9:40] Saved D:\Amazon Scrapper\AmazonScrapper\data\products\keyword_09_product_040.html
2026-08-28 17:23:53 | INFO | amazon_scrapper | [9:41] HTTP 200 https://www.amazon.com/ENERGETIC-SMARTER-LIGHTING-Gooseneck-Protection/dp/B0BWY99J9T/ref=sr_1_53?dib=eyJ2IjoiMSJ9.oclPoi4pedGfZO73vX5Y7TF_0MZJ0OQtq97RUIhj2QPZ23ciluUYlcv6wyJeVVE3qDN1ReLWkVgniRRMfri4IOAu5e8JHTu-2hM68-16az2lTAqUv02KqzHFupVJNubwuYWc4zSg3O-e3lG7C4pWwGpu21l9N1wtpO-8Zuat0g8FBT2LO8vayC9s1J8NQlCosPYEsI_nYd_MJpD0meRnqmnkWKouRTNLTAWv2CLHV6PQiPjmHqqjzOC0sTTWUiDNaQu5cUUC1aO1Df8GbNducynfpcJXnbg8bIB2Q9V15jA.dj7mAN7m9SRYgHAMVc4Q5U6zXGxosFipUbMwrHLUZBE&dib_tag=se&keywords=desk+lamp+LED&qid=1787916035&sr=8-53
2026-08-28 17:23:54 | INFO | amazon_scrapper | [9:41] Saved D:\Amazon Scrapper\AmazonScrapper\data\products\keyword_09_product_041.html
2026-08-28 17:23:54 | INFO | amazon_scrapper | [9:42] HTTP 200 https://www.amazon.com/Wireless-Suitable-Thermometer-Automatic-Lamp-Black/dp/B08QCFV6ZJ/ref=sr_1_54?dib=eyJ2IjoiMSJ9.oclPoi4pedGfZO73vX5Y7TF_0MZJ0OQtq97RUIhj2QPZ23ciluUYlcv6wyJeVVE3qDN1ReLWkVgniRRMfri4IOAu5e8JHTu-2hM68-16az2lTAqUv02KqzHFupVJNubwuYWc4zSg3O-e3lG7C4pWwGpu21l9N1wtpO-8Zuat0g8FBT2LO8vayC9s1J8NQlCosPYEsI_nYd_MJpD0meRnqmnkWKouRTNLTAWv2CLHV6PQiPjmHqqjzOC0sTTWUiDNaQu5cUUC1aO1Df8GbNducynfpcJXnbg8bIB2Q9V15jA.dj7mAN7m9SRYgHAMVc4Q5U6zXGxosFipUbMwrHLUZBE&dib_tag=se&keywords=desk+lamp+LED&qid=1787916035&sr=8-54
2026-08-28 17:23:54 | INFO | amazon_scrapper | [9:42] Saved D:\Amazon Scrapper\AmazonScrapper\data\products\keyword_09_product_042.html
2026-08-28 17:23:54 | INFO | amazon_scrapper | [9:43] HTTP 200 https://www.amazon.com/BOHON-Charging-Dimmable-Flexible-Gooseneck/dp/B0BF9952KG/ref=sr_1_55?dib=eyJ2IjoiMSJ9.oclPoi4pedGfZO73vX5Y7TF_0MZJ0OQtq97RUIhj2QPZ23ciluUYlcv6wyJeVVE3qDN1ReLWkVgniRRMfri4IOAu5e8JHTu-2hM68-16az2lTAqUv02KqzHFupVJNubwuYWc4zSg3O-e3lG7C4pWwGpu21l9N1wtpO-8Zuat0g8FBT2LO8vayC9s1J8NQlCosPYEsI_nYd_MJpD0meRnqmnkWKouRTNLTAWv2CLHV6PQiPjmHqqjzOC0sTTWUiDNaQu5cUUC1aO1Df8GbNducynfpcJXnbg8bIB2Q9V15jA.dj7mAN7m9SRYgHAMVc4Q5U6zXGxosFipUbMwrHLUZBE&dib_tag=se&keywords=desk+lamp+LED&qid=1787916035&sr=8-55
2026-08-28 17:23:54 | INFO | amazon_scrapper | [9:43] Saved D:\Amazon Scrapper\AmazonScrapper\data\products\keyword_09_product_043.html
2026-08-28 17:23:55 | INFO | amazon_scrapper | [9:44] HTTP 200 https://www.amazon.com/PACOVY-Adjustable-Standing-Dimmable-Gooseneck/dp/B0DP7C3XK9/ref=sr_1_56?dib=eyJ2IjoiMSJ9.oclPoi4pedGfZO73vX5Y7TF_0MZJ0OQtq97RUIhj2QPZ23ciluUYlcv6wyJeVVE3qDN1ReLWkVgniRRMfri4IOAu5e8JHTu-2hM68-16az2lTAqUv02KqzHFupVJNubwuYWc4zSg3O-e3lG7C4pWwGpu21l9N1wtpO-8Zuat0g8FBT2LO8vayC9s1J8NQlCosPYEsI_nYd_MJpD0meRnqmnkWKouRTNLTAWv2CLHV6PQiPjmHqqjzOC0sTTWUiDNaQu5cUUC1aO1Df8GbNducynfpcJXnbg8bIB2Q9V15jA.dj7mAN7m9SRYgHAMVc4Q5U6zXGxosFipUbMwrHLUZBE&dib_tag=se&keywords=desk+lamp+LED&qid=1787916035&sr=8-56
2026-08-28 17:23:55 | INFO | amazon_scrapper | [9:44] Saved D:\Amazon Scrapper\AmazonScrapper\data\products\keyword_09_product_044.html
2026-08-28 17:23:55 | INFO | amazon_scrapper | [9:45] HTTP 200 https://www.amazon.com/AILBTON-Architect-Adjustable-Dimming-Tempering/dp/B0CDPLYPXB/ref=sr_1_57?dib=eyJ2IjoiMSJ9.oclPoi4pedGfZO73vX5Y7TF_0MZJ0OQtq97RUIhj2QPZ23ciluUYlcv6wyJeVVE3qDN1ReLWkVgniRRMfri4IOAu5e8JHTu-2hM68-16az2lTAqUv02KqzHFupVJNubwuYWc4zSg3O-e3lG7C4pWwGpu21l9N1wtpO-8Zuat0g8FBT2LO8vayC9s1J8NQlCosPYEsI_nYd_MJpD0meRnqmnkWKouRTNLTAWv2CLHV6PQiPjmHqqjzOC0sTTWUiDNaQu5cUUC1aO1Df8GbNducynfpcJXnbg8bIB2Q9V15jA.dj7mAN7m9SRYgHAMVc4Q5U6zXGxosFipUbMwrHLUZBE&dib_tag=se&keywords=desk+lamp+LED&qid=1787916035&sr=8-57
2026-08-28 17:23:55 | INFO | amazon_scrapper | [9:45] Saved D:\Amazon Scrapper\AmazonScrapper\data\products\keyword_09_product_045.html
2026-08-28 17:23:55 | INFO | amazon_scrapper | [9:47] HTTP 200 https://www.amazon.com/ELECTRI-Office-Stepless-Dimming-Eye-Caring/dp/B0GWZW9DGR/ref=sr_1_59?dib=eyJ2IjoiMSJ9.oclPoi4pedGfZO73vX5Y7TF_0MZJ0OQtq97RUIhj2QPZ23ciluUYlcv6wyJeVVE3qDN1ReLWkVgniRRMfri4IOAu5e8JHTu-2hM68-16az2lTAqUv02KqzHFupVJNubwuYWc4zSg3O-e3lG7C4pWwGpu21l9N1wtpO-8Zuat0g8FBT2LO8vayC9s1J8NQlCosPYEsI_nYd_MJpD0meRnqmnkWKouRTNLTAWv2CLHV6PQiPjmHqqjzOC0sTTWUiDNaQu5cUUC1aO1Df8GbNducynfpcJXnbg8bIB2Q9V15jA.dj7mAN7m9SRYgHAMVc4Q5U6zXGxosFipUbMwrHLUZBE&dib_tag=se&keywords=desk+lamp+LED&qid=1787916035&sr=8-59
2026-08-28 17:23:55 | INFO | amazon_scrapper | [9:47] Saved D:\Amazon Scrapper\AmazonScrapper\data\products\keyword_09_product_047.html
2026-08-28 17:23:56 | INFO | amazon_scrapper | [9:46] HTTP 200 https://www.amazon.com/EZIYIN-Included-Small-Bedside-Table/dp/B0FH2B2Y4S/ref=sr_1_58?dib=eyJ2IjoiMSJ9.oclPoi4pedGfZO73vX5Y7TF_0MZJ0OQtq97RUIhj2QPZ23ciluUYlcv6wyJeVVE3qDN1ReLWkVgniRRMfri4IOAu5e8JHTu-2hM68-16az2lTAqUv02KqzHFupVJNubwuYWc4zSg3O-e3lG7C4pWwGpu21l9N1wtpO-8Zuat0g8FBT2LO8vayC9s1J8NQlCosPYEsI_nYd_MJpD0meRnqmnkWKouRTNLTAWv2CLHV6PQiPjmHqqjzOC0sTTWUiDNaQu5cUUC1aO1Df8GbNducynfpcJXnbg8bIB2Q9V15jA.dj7mAN7m9SRYgHAMVc4Q5U6zXGxosFipUbMwrHLUZBE&dib_tag=se&keywords=desk+lamp+LED&qid=1787916035&sr=8-58
2026-08-28 17:23:56 | INFO | amazon_scrapper | [9:46] Saved D:\Amazon Scrapper\AmazonScrapper\data\products\keyword_09_product_046.html
2026-08-28 17:23:56 | INFO | amazon_scrapper | [9:48] HTTP 200 https://www.amazon.com/Lamps-Office-Flexible-Gooseneck-Eye-Caring/dp/B0GS4SBWL5/ref=sr_1_60?dib=eyJ2IjoiMSJ9.oclPoi4pedGfZO73vX5Y7TF_0MZJ0OQtq97RUIhj2QPZ23ciluUYlcv6wyJeVVE3qDN1ReLWkVgniRRMfri4IOAu5e8JHTu-2hM68-16az2lTAqUv02KqzHFupVJNubwuYWc4zSg3O-e3lG7C4pWwGpu21l9N1wtpO-8Zuat0g8FBT2LO8vayC9s1J8NQlCosPYEsI_nYd_MJpD0meRnqmnkWKouRTNLTAWv2CLHV6PQiPjmHqqjzOC0sTTWUiDNaQu5cUUC1aO1Df8GbNducynfpcJXnbg8bIB2Q9V15jA.dj7mAN7m9SRYgHAMVc4Q5U6zXGxosFipUbMwrHLUZBE&dib_tag=se&keywords=desk+lamp+LED&qid=1787916035&sr=8-60
2026-08-28 17:23:56 | INFO | amazon_scrapper | [9:48] Saved D:\Amazon Scrapper\AmazonScrapper\data\products\keyword_09_product_048.html
2026-08-28 17:23:56 | INFO | amazon_scrapper | [10:1] HTTP 200 https://www.amazon.com/LEVOIT-Purifier-Home-Allergies-Pets/dp/B07VVK39F7/ref=sr_1_3?dib=eyJ2IjoiMSJ9.Qoe5cUAPMM1voliSq4zLflcwg9D5J5taqdswfW6km9_AkQrXQM1SIYxyXpNRHPvexuCX2njfAs1ky8ffHblDCvtDZyVDtO2MqOeIug0lEoGMG3AWwhe2Ez8atvkoKs672gJVWn8rtfNEWtVdMq7N7pNfumZNbxcKkVlU8cwMoGK1Y45tbxo9_hQQ_G7MtUVGgaXGrNh-iR0em8JjHHOXKmFEc7fI7HArZYgf75ceKk0.-PsEzsmG84bHKrtUAkOqbfvoM3jlnsZ1ZMT9aY0gitA&dib_tag=se&keywords=air+purifier&qid=1787916042&sr=8-3
2026-08-28 17:23:56 | INFO | amazon_scrapper | [10:1] Saved D:\Amazon Scrapper\AmazonScrapper\data\products\keyword_10_product_001.html
2026-08-28 17:23:57 | INFO | amazon_scrapper | [10:2] HTTP 200 https://www.amazon.com/LEVOIT-Purifiers-Freshener-Core-Mini/dp/B09GTRVJQM/ref=sr_1_4?dib=eyJ2IjoiMSJ9.Qoe5cUAPMM1voliSq4zLflcwg9D5J5taqdswfW6km9_AkQrXQM1SIYxyXpNRHPvexuCX2njfAs1ky8ffHblDCvtDZyVDtO2MqOeIug0lEoGMG3AWwhe2Ez8atvkoKs672gJVWn8rtfNEWtVdMq7N7pNfumZNbxcKkVlU8cwMoGK1Y45tbxo9_hQQ_G7MtUVGgaXGrNh-iR0em8JjHHOXKmFEc7fI7HArZYgf75ceKk0.-PsEzsmG84bHKrtUAkOqbfvoM3jlnsZ1ZMT9aY0gitA&dib_tag=se&keywords=air+purifier&qid=1787916042&sr=8-4
2026-08-28 17:23:57 | INFO | amazon_scrapper | [10:2] Saved D:\Amazon Scrapper\AmazonScrapper\data\products\keyword_10_product_002.html
2026-08-28 17:23:58 | INFO | amazon_scrapper | [10:4] HTTP 200 https://www.amazon.com/LEVOIT-Smart-Purifier-Large-200S-P/dp/B0BGPF71Q6/ref=sr_1_6?dib=eyJ2IjoiMSJ9.Qoe5cUAPMM1voliSq4zLflcwg9D5J5taqdswfW6km9_AkQrXQM1SIYxyXpNRHPvexuCX2njfAs1ky8ffHblDCvtDZyVDtO2MqOeIug0lEoGMG3AWwhe2Ez8atvkoKs672gJVWn8rtfNEWtVdMq7N7pNfumZNbxcKkVlU8cwMoGK1Y45tbxo9_hQQ_G7MtUVGgaXGrNh-iR0em8JjHHOXKmFEc7fI7HArZYgf75ceKk0.-PsEzsmG84bHKrtUAkOqbfvoM3jlnsZ1ZMT9aY0gitA&dib_tag=se&keywords=air+purifier&qid=1787916042&sr=8-6
2026-08-28 17:23:58 | INFO | amazon_scrapper | [10:4] Saved D:\Amazon Scrapper\AmazonScrapper\data\products\keyword_10_product_004.html
2026-08-28 17:23:58 | INFO | amazon_scrapper | [10:3] HTTP 200 https://www.amazon.com/Purifiers-2200sq-ft-MOOKA-purifier-PR1/dp/B0DCBC8KKV/ref=sr_1_5?dib=eyJ2IjoiMSJ9.Qoe5cUAPMM1voliSq4zLflcwg9D5J5taqdswfW6km9_AkQrXQM1SIYxyXpNRHPvexuCX2njfAs1ky8ffHblDCvtDZyVDtO2MqOeIug0lEoGMG3AWwhe2Ez8atvkoKs672gJVWn8rtfNEWtVdMq7N7pNfumZNbxcKkVlU8cwMoGK1Y45tbxo9_hQQ_G7MtUVGgaXGrNh-iR0em8JjHHOXKmFEc7fI7HArZYgf75ceKk0.-PsEzsmG84bHKrtUAkOqbfvoM3jlnsZ1ZMT9aY0gitA&dib_tag=se&keywords=air+purifier&qid=1787916042&sr=8-5
2026-08-28 17:23:58 | INFO | amazon_scrapper | [10:3] Saved D:\Amazon Scrapper\AmazonScrapper\data\products\keyword_10_product_003.html
2026-08-28 17:23:58 | INFO | amazon_scrapper | [10:5] HTTP 200 https://www.amazon.com/Purifiers-Bedroom-FULMINARE-Cleaner-Microns/dp/B0B4ZSKPNL/ref=sr_1_8?dib=eyJ2IjoiMSJ9.Qoe5cUAPMM1voliSq4zLflcwg9D5J5taqdswfW6km9_AkQrXQM1SIYxyXpNRHPvexuCX2njfAs1ky8ffHblDCvtDZyVDtO2MqOeIug0lEoGMG3AWwhe2Ez8atvkoKs672gJVWn8rtfNEWtVdMq7N7pNfumZNbxcKkVlU8cwMoGK1Y45tbxo9_hQQ_G7MtUVGgaXGrNh-iR0em8JjHHOXKmFEc7fI7HArZYgf75ceKk0.-PsEzsmG84bHKrtUAkOqbfvoM3jlnsZ1ZMT9aY0gitA&dib_tag=se&keywords=air+purifier&qid=1787916042&sr=8-8
2026-08-28 17:23:58 | INFO | amazon_scrapper | [10:5] Saved D:\Amazon Scrapper\AmazonScrapper\data\products\keyword_10_product_005.html
2026-08-28 17:23:58 | INFO | amazon_scrapper | [10:6] HTTP 200 https://www.amazon.com/LEVOIT-Purifier-Allergies-Core-200S/dp/B08FJ678YK/ref=sr_1_9?dib=eyJ2IjoiMSJ9.Qoe5cUAPMM1voliSq4zLflcwg9D5J5taqdswfW6km9_AkQrXQM1SIYxyXpNRHPvexuCX2njfAs1ky8ffHblDCvtDZyVDtO2MqOeIug0lEoGMG3AWwhe2Ez8atvkoKs672gJVWn8rtfNEWtVdMq7N7pNfumZNbxcKkVlU8cwMoGK1Y45tbxo9_hQQ_G7MtUVGgaXGrNh-iR0em8JjHHOXKmFEc7fI7HArZYgf75ceKk0.-PsEzsmG84bHKrtUAkOqbfvoM3jlnsZ1ZMT9aY0gitA&dib_tag=se&keywords=air+purifier&qid=1787916042&sr=8-9
2026-08-28 17:23:58 | INFO | amazon_scrapper | [10:6] Saved D:\Amazon Scrapper\AmazonScrapper\data\products\keyword_10_product_006.html
2026-08-28 17:23:59 | INFO | amazon_scrapper | [10:7] HTTP 200 https://www.amazon.com/AROEVE-Purifiers-Portable-Purifier-Kitchen/dp/B09FJSJQ95/ref=sr_1_10?dib=eyJ2IjoiMSJ9.Qoe5cUAPMM1voliSq4zLflcwg9D5J5taqdswfW6km9_AkQrXQM1SIYxyXpNRHPvexuCX2njfAs1ky8ffHblDCvtDZyVDtO2MqOeIug0lEoGMG3AWwhe2Ez8atvkoKs672gJVWn8rtfNEWtVdMq7N7pNfumZNbxcKkVlU8cwMoGK1Y45tbxo9_hQQ_G7MtUVGgaXGrNh-iR0em8JjHHOXKmFEc7fI7HArZYgf75ceKk0.-PsEzsmG84bHKrtUAkOqbfvoM3jlnsZ1ZMT9aY0gitA&dib_tag=se&keywords=air+purifier&qid=1787916042&sr=8-10
2026-08-28 17:23:59 | INFO | amazon_scrapper | [10:7] Saved D:\Amazon Scrapper\AmazonScrapper\data\products\keyword_10_product_007.html
2026-08-28 17:23:59 | INFO | amazon_scrapper | [10:8] HTTP 200 https://www.amazon.com/LEVOIT-Purifier-VERIFIDE-Pre-Filter-Allergies/dp/B0BNDM2RNG/ref=sr_1_11?dib=eyJ2IjoiMSJ9.Qoe5cUAPMM1voliSq4zLflcwg9D5J5taqdswfW6km9_AkQrXQM1SIYxyXpNRHPvexuCX2njfAs1ky8ffHblDCvtDZyVDtO2MqOeIug0lEoGMG3AWwhe2Ez8atvkoKs672gJVWn8rtfNEWtVdMq7N7pNfumZNbxcKkVlU8cwMoGK1Y45tbxo9_hQQ_G7MtUVGgaXGrNh-iR0em8JjHHOXKmFEc7fI7HArZYgf75ceKk0.-PsEzsmG84bHKrtUAkOqbfvoM3jlnsZ1ZMT9aY0gitA&dib_tag=se&keywords=air+purifier&qid=1787916042&sr=8-11
2026-08-28 17:23:59 | INFO | amazon_scrapper | [10:8] Saved D:\Amazon Scrapper\AmazonScrapper\data\products\keyword_10_product_008.html
2026-08-28 17:24:00 | INFO | amazon_scrapper | [10:9] HTTP 200 https://www.amazon.com/Purifiers-Washable-Fragrance-MOOKA-KJ190L/dp/B0CXJ97TV1/ref=sr_1_13?dib=eyJ2IjoiMSJ9.Qoe5cUAPMM1voliSq4zLflcwg9D5J5taqdswfW6km9_AkQrXQM1SIYxyXpNRHPvexuCX2njfAs1ky8ffHblDCvtDZyVDtO2MqOeIug0lEoGMG3AWwhe2Ez8atvkoKs672gJVWn8rtfNEWtVdMq7N7pNfumZNbxcKkVlU8cwMoGK1Y45tbxo9_hQQ_G7MtUVGgaXGrNh-iR0em8JjHHOXKmFEc7fI7HArZYgf75ceKk0.-PsEzsmG84bHKrtUAkOqbfvoM3jlnsZ1ZMT9aY0gitA&dib_tag=se&keywords=air+purifier&qid=1787916042&sr=8-13
2026-08-28 17:24:00 | INFO | amazon_scrapper | [10:9] Saved D:\Amazon Scrapper\AmazonScrapper\data\products\keyword_10_product_009.html
2026-08-28 17:24:01 | INFO | amazon_scrapper | [10:11] HTTP 200 https://www.amazon.com/BLUEAIR-Signature-Purifier-HEPASilent-Filtration/dp/B0GQGHB5W7/ref=sr_1_15?dib=eyJ2IjoiMSJ9.Qoe5cUAPMM1voliSq4zLflcwg9D5J5taqdswfW6km9_AkQrXQM1SIYxyXpNRHPvexuCX2njfAs1ky8ffHblDCvtDZyVDtO2MqOeIug0lEoGMG3AWwhe2Ez8atvkoKs672gJVWn8rtfNEWtVdMq7N7pNfumZNbxcKkVlU8cwMoGK1Y45tbxo9_hQQ_G7MtUVGgaXGrNh-iR0em8JjHHOXKmFEc7fI7HArZYgf75ceKk0.-PsEzsmG84bHKrtUAkOqbfvoM3jlnsZ1ZMT9aY0gitA&dib_tag=se&keywords=air+purifier&qid=1787916042&sr=8-15
2026-08-28 17:24:01 | INFO | amazon_scrapper | [10:11] Saved D:\Amazon Scrapper\AmazonScrapper\data\products\keyword_10_product_011.html
2026-08-28 17:24:01 | INFO | amazon_scrapper | [10:10] HTTP 200 https://www.amazon.com/Purifier-Bedroom-Smokers-Available-California/dp/B09QZDKQLF/ref=sr_1_14?dib=eyJ2IjoiMSJ9.Qoe5cUAPMM1voliSq4zLflcwg9D5J5taqdswfW6km9_AkQrXQM1SIYxyXpNRHPvexuCX2njfAs1ky8ffHblDCvtDZyVDtO2MqOeIug0lEoGMG3AWwhe2Ez8atvkoKs672gJVWn8rtfNEWtVdMq7N7pNfumZNbxcKkVlU8cwMoGK1Y45tbxo9_hQQ_G7MtUVGgaXGrNh-iR0em8JjHHOXKmFEc7fI7HArZYgf75ceKk0.-PsEzsmG84bHKrtUAkOqbfvoM3jlnsZ1ZMT9aY0gitA&dib_tag=se&keywords=air+purifier&qid=1787916042&sr=8-14
2026-08-28 17:24:01 | INFO | amazon_scrapper | [10:10] Saved D:\Amazon Scrapper\AmazonScrapper\data\products\keyword_10_product_010.html
2026-08-28 17:24:01 | INFO | amazon_scrapper | [10:12] HTTP 200 https://www.amazon.com/BLUEAIR-Purifiers-Bedroom-Allergens-Cleaner/dp/B08KPJ76RR/ref=sr_1_16?dib=eyJ2IjoiMSJ9.Qoe5cUAPMM1voliSq4zLflcwg9D5J5taqdswfW6km9_AkQrXQM1SIYxyXpNRHPvexuCX2njfAs1ky8ffHblDCvtDZyVDtO2MqOeIug0lEoGMG3AWwhe2Ez8atvkoKs672gJVWn8rtfNEWtVdMq7N7pNfumZNbxcKkVlU8cwMoGK1Y45tbxo9_hQQ_G7MtUVGgaXGrNh-iR0em8JjHHOXKmFEc7fI7HArZYgf75ceKk0.-PsEzsmG84bHKrtUAkOqbfvoM3jlnsZ1ZMT9aY0gitA&dib_tag=se&keywords=air+purifier&qid=1787916042&sr=8-16
2026-08-28 17:24:01 | INFO | amazon_scrapper | [10:12] Saved D:\Amazon Scrapper\AmazonScrapper\data\products\keyword_10_product_012.html
2026-08-28 17:24:01 | INFO | amazon_scrapper | [10:13] HTTP 200 https://www.amazon.com/Coway-AP-1512HH-Mighty-Purifier-White/dp/B01728NLRG/ref=sr_1_18?dib=eyJ2IjoiMSJ9.Qoe5cUAPMM1voliSq4zLflcwg9D5J5taqdswfW6km9_AkQrXQM1SIYxyXpNRHPvexuCX2njfAs1ky8ffHblDCvtDZyVDtO2MqOeIug0lEoGMG3AWwhe2Ez8atvkoKs672gJVWn8rtfNEWtVdMq7N7pNfumZNbxcKkVlU8cwMoGK1Y45tbxo9_hQQ_G7MtUVGgaXGrNh-iR0em8JjHHOXKmFEc7fI7HArZYgf75ceKk0.-PsEzsmG84bHKrtUAkOqbfvoM3jlnsZ1ZMT9aY0gitA&dib_tag=se&keywords=air+purifier&qid=1787916042&sr=8-18
2026-08-28 17:24:01 | INFO | amazon_scrapper | [10:13] Saved D:\Amazon Scrapper\AmazonScrapper\data\products\keyword_10_product_013.html
2026-08-28 17:24:02 | INFO | amazon_scrapper | [10:14] HTTP 200 https://www.amazon.com/5520-Purifier-Deodorization-Captures-Allergies/dp/B0DT4F8T4L/ref=sr_1_19?dib=eyJ2IjoiMSJ9.Qoe5cUAPMM1voliSq4zLflcwg9D5J5taqdswfW6km9_AkQrXQM1SIYxyXpNRHPvexuCX2njfAs1ky8ffHblDCvtDZyVDtO2MqOeIug0lEoGMG3AWwhe2Ez8atvkoKs672gJVWn8rtfNEWtVdMq7N7pNfumZNbxcKkVlU8cwMoGK1Y45tbxo9_hQQ_G7MtUVGgaXGrNh-iR0em8JjHHOXKmFEc7fI7HArZYgf75ceKk0.-PsEzsmG84bHKrtUAkOqbfvoM3jlnsZ1ZMT9aY0gitA&dib_tag=se&keywords=air+purifier&qid=1787916042&sr=8-19
2026-08-28 17:24:02 | INFO | amazon_scrapper | [10:14] Saved D:\Amazon Scrapper\AmazonScrapper\data\products\keyword_10_product_014.html
2026-08-28 17:24:03 | INFO | amazon_scrapper | [10:15] HTTP 200 https://www.amazon.com/GermGuardian-AC4825-Sanitizer-Allergens-Guardian/dp/B004VGIGVY/ref=sr_1_20?dib=eyJ2IjoiMSJ9.Qoe5cUAPMM1voliSq4zLflcwg9D5J5taqdswfW6km9_AkQrXQM1SIYxyXpNRHPvexuCX2njfAs1ky8ffHblDCvtDZyVDtO2MqOeIug0lEoGMG3AWwhe2Ez8atvkoKs672gJVWn8rtfNEWtVdMq7N7pNfumZNbxcKkVlU8cwMoGK1Y45tbxo9_hQQ_G7MtUVGgaXGrNh-iR0em8JjHHOXKmFEc7fI7HArZYgf75ceKk0.-PsEzsmG84bHKrtUAkOqbfvoM3jlnsZ1ZMT9aY0gitA&dib_tag=se&keywords=air+purifier&qid=1787916042&sr=8-20
2026-08-28 17:24:03 | INFO | amazon_scrapper | [10:15] Saved D:\Amazon Scrapper\AmazonScrapper\data\products\keyword_10_product_015.html
2026-08-28 17:24:03 | INFO | amazon_scrapper | [10:16] HTTP 200 https://www.amazon.com/LEVOIT-Purifier-Allergies-Pollutants-Core300-P/dp/B083TMWFSZ/ref=sr_1_21?dib=eyJ2IjoiMSJ9.Qoe5cUAPMM1voliSq4zLflcwg9D5J5taqdswfW6km9_AkQrXQM1SIYxyXpNRHPvexuCX2njfAs1ky8ffHblDCvtDZyVDtO2MqOeIug0lEoGMG3AWwhe2Ez8atvkoKs672gJVWn8rtfNEWtVdMq7N7pNfumZNbxcKkVlU8cwMoGK1Y45tbxo9_hQQ_G7MtUVGgaXGrNh-iR0em8JjHHOXKmFEc7fI7HArZYgf75ceKk0.-PsEzsmG84bHKrtUAkOqbfvoM3jlnsZ1ZMT9aY0gitA&dib_tag=se&keywords=air+purifier&qid=1787916042&sr=8-21
2026-08-28 17:24:03 | INFO | amazon_scrapper | [10:16] Saved D:\Amazon Scrapper\AmazonScrapper\data\products\keyword_10_product_016.html
2026-08-28 17:24:03 | INFO | amazon_scrapper | [11:1] HTTP 200 https://www.amazon.com/Instant-Pot-Multi-Use-Programmable-Pressure/dp/B00FLYWNYQ/ref=sr_1_1?dib=eyJ2IjoiMSJ9.y4LLAMvRXyF-GJBFF44YpnhdjIMppvRQyEWPpo05tT-vydaQa-XtJV7nsibWrS1kYkGkvJDHhucrmvXYWV5gv_jzojkgAhDb84kk5HNbQOF56WAsDOF2e7unKCgf5y5cn62pCPxWW5JKxhxuhft2V4Xu7Yk8sqa2dPKg0meZdro7fHsXfoMNXI8_RP4IHRfKOopjqjgBoNfse1ZfbuTUtgkDvL9EtgWACw1nsRfy4z0.wZMLlUtpA01TJCTsVXBGvJ54B0n0MytJiAEGVgtNx2E&dib_tag=se&keywords=instant+pot&qid=1787916048&sr=8-1
2026-08-28 17:24:03 | INFO | amazon_scrapper | [11:1] Saved D:\Amazon Scrapper\AmazonScrapper\data\products\keyword_11_product_001.html
2026-08-28 17:24:03 | INFO | amazon_scrapper | [11:2] HTTP 200 https://www.amazon.com/Instant-Pot-Duo-Mini-Programmable/dp/B06Y1YD5W7/ref=sr_1_3?dib=eyJ2IjoiMSJ9.y4LLAMvRXyF-GJBFF44YpnhdjIMppvRQyEWPpo05tT-vydaQa-XtJV7nsibWrS1kYkGkvJDHhucrmvXYWV5gv_jzojkgAhDb84kk5HNbQOF56WAsDOF2e7unKCgf5y5cn62pCPxWW5JKxhxuhft2V4Xu7Yk8sqa2dPKg0meZdro7fHsXfoMNXI8_RP4IHRfKOopjqjgBoNfse1ZfbuTUtgkDvL9EtgWACw1nsRfy4z0.wZMLlUtpA01TJCTsVXBGvJ54B0n0MytJiAEGVgtNx2E&dib_tag=se&keywords=instant+pot&qid=1787916048&sr=8-3
2026-08-28 17:24:03 | INFO | amazon_scrapper | [11:2] Saved D:\Amazon Scrapper\AmazonScrapper\data\products\keyword_11_product_002.html
2026-08-28 17:24:04 | INFO | amazon_scrapper | [11:3] HTTP 200 https://www.amazon.com/Instant-Pot-Electric-Multi-Cooker-Pressure/dp/B0B4PQDFCL/ref=sr_1_4?dib=eyJ2IjoiMSJ9.y4LLAMvRXyF-GJBFF44YpnhdjIMppvRQyEWPpo05tT-vydaQa-XtJV7nsibWrS1kYkGkvJDHhucrmvXYWV5gv_jzojkgAhDb84kk5HNbQOF56WAsDOF2e7unKCgf5y5cn62pCPxWW5JKxhxuhft2V4Xu7Yk8sqa2dPKg0meZdro7fHsXfoMNXI8_RP4IHRfKOopjqjgBoNfse1ZfbuTUtgkDvL9EtgWACw1nsRfy4z0.wZMLlUtpA01TJCTsVXBGvJ54B0n0MytJiAEGVgtNx2E&dib_tag=se&keywords=instant+pot&qid=1787916048&sr=8-4
2026-08-28 17:24:04 | INFO | amazon_scrapper | [11:3] Saved D:\Amazon Scrapper\AmazonScrapper\data\products\keyword_11_product_003.html
2026-08-28 17:24:05 | INFO | amazon_scrapper | [11:4] HTTP 200 https://www.amazon.com/Instant-Pot-Pressure-Steamer-Sterilizer/dp/B08PQ2KWHS/ref=sr_1_5?dib=eyJ2IjoiMSJ9.y4LLAMvRXyF-GJBFF44YpnhdjIMppvRQyEWPpo05tT-vydaQa-XtJV7nsibWrS1kYkGkvJDHhucrmvXYWV5gv_jzojkgAhDb84kk5HNbQOF56WAsDOF2e7unKCgf5y5cn62pCPxWW5JKxhxuhft2V4Xu7Yk8sqa2dPKg0meZdro7fHsXfoMNXI8_RP4IHRfKOopjqjgBoNfse1ZfbuTUtgkDvL9EtgWACw1nsRfy4z0.wZMLlUtpA01TJCTsVXBGvJ54B0n0MytJiAEGVgtNx2E&dib_tag=se&keywords=instant+pot&qid=1787916048&sr=8-5
2026-08-28 17:24:05 | INFO | amazon_scrapper | [11:4] Saved D:\Amazon Scrapper\AmazonScrapper\data\products\keyword_11_product_004.html
2026-08-28 17:24:05 | INFO | amazon_scrapper | [11:5] HTTP 200 https://www.amazon.com/Instant-Pot-Plus-60-Programmable/dp/B01NBKTPTS/ref=sr_1_6?dib=eyJ2IjoiMSJ9.y4LLAMvRXyF-GJBFF44YpnhdjIMppvRQyEWPpo05tT-vydaQa-XtJV7nsibWrS1kYkGkvJDHhucrmvXYWV5gv_jzojkgAhDb84kk5HNbQOF56WAsDOF2e7unKCgf5y5cn62pCPxWW5JKxhxuhft2V4Xu7Yk8sqa2dPKg0meZdro7fHsXfoMNXI8_RP4IHRfKOopjqjgBoNfse1ZfbuTUtgkDvL9EtgWACw1nsRfy4z0.wZMLlUtpA01TJCTsVXBGvJ54B0n0MytJiAEGVgtNx2E&dib_tag=se&keywords=instant+pot&qid=1787916048&sr=8-6
2026-08-28 17:24:05 | INFO | amazon_scrapper | [11:5] Saved D:\Amazon Scrapper\AmazonScrapper\data\products\keyword_11_product_005.html
2026-08-28 17:24:05 | INFO | amazon_scrapper | [11:6] HTTP 200 https://www.amazon.com/Instant-Pot-Programmable-Pressure-Steamer/dp/B01B1VC13K/ref=sr_1_8?dib=eyJ2IjoiMSJ9.y4LLAMvRXyF-GJBFF44YpnhdjIMppvRQyEWPpo05tT-vydaQa-XtJV7nsibWrS1kYkGkvJDHhucrmvXYWV5gv_jzojkgAhDb84kk5HNbQOF56WAsDOF2e7unKCgf5y5cn62pCPxWW5JKxhxuhft2V4Xu7Yk8sqa2dPKg0meZdro7fHsXfoMNXI8_RP4IHRfKOopjqjgBoNfse1ZfbuTUtgkDvL9EtgWACw1nsRfy4z0.wZMLlUtpA01TJCTsVXBGvJ54B0n0MytJiAEGVgtNx2E&dib_tag=se&keywords=instant+pot&qid=1787916048&sr=8-8
2026-08-28 17:24:05 | INFO | amazon_scrapper | [11:6] Saved D:\Amazon Scrapper\AmazonScrapper\data\products\keyword_11_product_006.html
2026-08-28 17:24:05 | INFO | amazon_scrapper | [11:7] HTTP 200 https://www.amazon.com/Instant-Pot-Multi-Cooker-Pressure-Cooker/dp/B0F9B923NC/ref=sr_1_9?dib=eyJ2IjoiMSJ9.y4LLAMvRXyF-GJBFF44YpnhdjIMppvRQyEWPpo05tT-vydaQa-XtJV7nsibWrS1kYkGkvJDHhucrmvXYWV5gv_jzojkgAhDb84kk5HNbQOF56WAsDOF2e7unKCgf5y5cn62pCPxWW5JKxhxuhft2V4Xu7Yk8sqa2dPKg0meZdro7fHsXfoMNXI8_RP4IHRfKOopjqjgBoNfse1ZfbuTUtgkDvL9EtgWACw1nsRfy4z0.wZMLlUtpA01TJCTsVXBGvJ54B0n0MytJiAEGVgtNx2E&dib_tag=se&keywords=instant+pot&qid=1787916048&sr=8-9
2026-08-28 17:24:06 | INFO | amazon_scrapper | [11:7] Saved D:\Amazon Scrapper\AmazonScrapper\data\products\keyword_11_product_007.html
2026-08-28 17:24:06 | INFO | amazon_scrapper | [11:8] HTTP 200 https://www.amazon.com/Instant-Pot-Pressure-Steamer-Sterilizer/dp/B08PPZWNCV/ref=sr_1_10?dib=eyJ2IjoiMSJ9.y4LLAMvRXyF-GJBFF44YpnhdjIMppvRQyEWPpo05tT-vydaQa-XtJV7nsibWrS1kYkGkvJDHhucrmvXYWV5gv_jzojkgAhDb84kk5HNbQOF56WAsDOF2e7unKCgf5y5cn62pCPxWW5JKxhxuhft2V4Xu7Yk8sqa2dPKg0meZdro7fHsXfoMNXI8_RP4IHRfKOopjqjgBoNfse1ZfbuTUtgkDvL9EtgWACw1nsRfy4z0.wZMLlUtpA01TJCTsVXBGvJ54B0n0MytJiAEGVgtNx2E&dib_tag=se&keywords=instant+pot&qid=1787916048&sr=8-10
2026-08-28 17:24:06 | INFO | amazon_scrapper | [11:8] Saved D:\Amazon Scrapper\AmazonScrapper\data\products\keyword_11_product_008.html
2026-08-28 17:24:07 | INFO | amazon_scrapper | [11:10] HTTP 200 https://www.amazon.com/Instant-Pot-Electric-Sterilizer-Stainless/dp/B09MZTSSR2/ref=sr_1_13?dib=eyJ2IjoiMSJ9.y4LLAMvRXyF-GJBFF44YpnhdjIMppvRQyEWPpo05tT-vydaQa-XtJV7nsibWrS1kYkGkvJDHhucrmvXYWV5gv_jzojkgAhDb84kk5HNbQOF56WAsDOF2e7unKCgf5y5cn62pCPxWW5JKxhxuhft2V4Xu7Yk8sqa2dPKg0meZdro7fHsXfoMNXI8_RP4IHRfKOopjqjgBoNfse1ZfbuTUtgkDvL9EtgWACw1nsRfy4z0.wZMLlUtpA01TJCTsVXBGvJ54B0n0MytJiAEGVgtNx2E&dib_tag=se&keywords=instant+pot&qid=1787916048&sr=8-13
2026-08-28 17:24:07 | INFO | amazon_scrapper | [11:10] Saved D:\Amazon Scrapper\AmazonScrapper\data\products\keyword_11_product_010.html
2026-08-28 17:24:07 | INFO | amazon_scrapper | [11:9] HTTP 200 https://www.amazon.com/Cosori-Pressure-Ceramic-Coating-Features/dp/B0BFX95J5P/ref=sr_1_11?dib=eyJ2IjoiMSJ9.y4LLAMvRXyF-GJBFF44YpnhdjIMppvRQyEWPpo05tT-vydaQa-XtJV7nsibWrS1kYkGkvJDHhucrmvXYWV5gv_jzojkgAhDb84kk5HNbQOF56WAsDOF2e7unKCgf5y5cn62pCPxWW5JKxhxuhft2V4Xu7Yk8sqa2dPKg0meZdro7fHsXfoMNXI8_RP4IHRfKOopjqjgBoNfse1ZfbuTUtgkDvL9EtgWACw1nsRfy4z0.wZMLlUtpA01TJCTsVXBGvJ54B0n0MytJiAEGVgtNx2E&dib_tag=se&keywords=instant+pot&qid=1787916048&sr=8-11
2026-08-28 17:24:07 | INFO | amazon_scrapper | [11:9] Saved D:\Amazon Scrapper\AmazonScrapper\data\products\keyword_11_product_009.html
2026-08-28 17:24:08 | INFO | amazon_scrapper | [11:11] HTTP 200 https://www.amazon.com/Instant-Pot-Multi-Cooker-Pressure-Rosewater/dp/B0F9BD5M2K/ref=sr_1_14?dib=eyJ2IjoiMSJ9.y4LLAMvRXyF-GJBFF44YpnhdjIMppvRQyEWPpo05tT-vydaQa-XtJV7nsibWrS1kYkGkvJDHhucrmvXYWV5gv_jzojkgAhDb84kk5HNbQOF56WAsDOF2e7unKCgf5y5cn62pCPxWW5JKxhxuhft2V4Xu7Yk8sqa2dPKg0meZdro7fHsXfoMNXI8_RP4IHRfKOopjqjgBoNfse1ZfbuTUtgkDvL9EtgWACw1nsRfy4z0.wZMLlUtpA01TJCTsVXBGvJ54B0n0MytJiAEGVgtNx2E&dib_tag=se&keywords=instant+pot&qid=1787916048&sr=8-14
2026-08-28 17:24:08 | INFO | amazon_scrapper | [11:11] Saved D:\Amazon Scrapper\AmazonScrapper\data\products\keyword_11_product_011.html
2026-08-28 17:24:08 | INFO | amazon_scrapper | [11:12] HTTP 200 https://www.amazon.com/Instant-Pot-Multi-Cooker-Pressure-Cooker/dp/B0F9B9R5J9/ref=sr_1_15?dib=eyJ2IjoiMSJ9.y4LLAMvRXyF-GJBFF44YpnhdjIMppvRQyEWPpo05tT-vydaQa-XtJV7nsibWrS1kYkGkvJDHhucrmvXYWV5gv_jzojkgAhDb84kk5HNbQOF56WAsDOF2e7unKCgf5y5cn62pCPxWW5JKxhxuhft2V4Xu7Yk8sqa2dPKg0meZdro7fHsXfoMNXI8_RP4IHRfKOopjqjgBoNfse1ZfbuTUtgkDvL9EtgWACw1nsRfy4z0.wZMLlUtpA01TJCTsVXBGvJ54B0n0MytJiAEGVgtNx2E&dib_tag=se&keywords=instant+pot&qid=1787916048&sr=8-15
2026-08-28 17:24:08 | INFO | amazon_scrapper | [11:12] Saved D:\Amazon Scrapper\AmazonScrapper\data\products\keyword_11_product_012.html
2026-08-28 17:24:08 | INFO | amazon_scrapper | [11:13] HTTP 200 https://www.amazon.com/Instant-Pot-Electric-Sterilizer-Stainless/dp/B09MZTP44L/ref=sr_1_16?dib=eyJ2IjoiMSJ9.y4LLAMvRXyF-GJBFF44YpnhdjIMppvRQyEWPpo05tT-vydaQa-XtJV7nsibWrS1kYkGkvJDHhucrmvXYWV5gv_jzojkgAhDb84kk5HNbQOF56WAsDOF2e7unKCgf5y5cn62pCPxWW5JKxhxuhft2V4Xu7Yk8sqa2dPKg0meZdro7fHsXfoMNXI8_RP4IHRfKOopjqjgBoNfse1ZfbuTUtgkDvL9EtgWACw1nsRfy4z0.wZMLlUtpA01TJCTsVXBGvJ54B0n0MytJiAEGVgtNx2E&dib_tag=se&keywords=instant+pot&qid=1787916048&sr=8-16
2026-08-28 17:24:08 | INFO | amazon_scrapper | [11:13] Saved D:\Amazon Scrapper\AmazonScrapper\data\products\keyword_11_product_013.html
2026-08-28 17:24:09 | INFO | amazon_scrapper | [11:15] HTTP 200 https://www.amazon.com/Instant-Electric-Multicooker-Dehydrates-Stainless/dp/B07VT23JDM/ref=sr_1_19?dib=eyJ2IjoiMSJ9.y4LLAMvRXyF-GJBFF44YpnhdjIMppvRQyEWPpo05tT-vydaQa-XtJV7nsibWrS1kYkGkvJDHhucrmvXYWV5gv_jzojkgAhDb84kk5HNbQOF56WAsDOF2e7unKCgf5y5cn62pCPxWW5JKxhxuhft2V4Xu7Yk8sqa2dPKg0meZdro7fHsXfoMNXI8_RP4IHRfKOopjqjgBoNfse1ZfbuTUtgkDvL9EtgWACw1nsRfy4z0.wZMLlUtpA01TJCTsVXBGvJ54B0n0MytJiAEGVgtNx2E&dib_tag=se&keywords=instant+pot&qid=1787916048&sr=8-19
2026-08-28 17:24:09 | INFO | amazon_scrapper | [11:15] Saved D:\Amazon Scrapper\AmazonScrapper\data\products\keyword_11_product_015.html
2026-08-28 17:24:09 | INFO | amazon_scrapper | [11:14] HTTP 200 https://www.amazon.com/COMFEE-Electric-Pressure-Presets-Non-Stick/dp/B0DJFJFSZ5/ref=sr_1_18?dib=eyJ2IjoiMSJ9.y4LLAMvRXyF-GJBFF44YpnhdjIMppvRQyEWPpo05tT-vydaQa-XtJV7nsibWrS1kYkGkvJDHhucrmvXYWV5gv_jzojkgAhDb84kk5HNbQOF56WAsDOF2e7unKCgf5y5cn62pCPxWW5JKxhxuhft2V4Xu7Yk8sqa2dPKg0meZdro7fHsXfoMNXI8_RP4IHRfKOopjqjgBoNfse1ZfbuTUtgkDvL9EtgWACw1nsRfy4z0.wZMLlUtpA01TJCTsVXBGvJ54B0n0MytJiAEGVgtNx2E&dib_tag=se&keywords=instant+pot&qid=1787916048&sr=8-18
2026-08-28 17:24:09 | INFO | amazon_scrapper | [11:14] Saved D:\Amazon Scrapper\AmazonScrapper\data\products\keyword_11_product_014.html
2026-08-28 17:24:10 | INFO | amazon_scrapper | [12:1] HTTP 200 https://www.amazon.com/Oral-B-Black-Pro-1000-Rechargeable/dp/B01AKGRTUM/ref=sr_1_5?dib=eyJ2IjoiMSJ9.DKY9GXlevCKJvdWdTtYYuUaz4OQT52w4exE_ErUaXEQu7YQkWMbHWlXU3LTi2K57lvTWh15DDfTCiLAW0bfpcVGflQy99ugAyNLHEkhaZ_EOtDtrdN-pmHHjtnyu-9K_UMBmXEAEzWKnRD42fMOevHRe7qsi2QGOvdkJCmsculYP3gfcM5NUt5dAiSBCmPvtI8V-H1ocxyC09WQ5LrHNkkTZjFrzvQKTSAkSIvf0aVCCGJ7837F7B5CmwamajiVDE7o_TzVVbJvzV2tfecEdlHG6RX2EKTZIFkXytkCC-X4.Br-vWTJvof9OPjMsqesLmqnJtZ7ZQiGmM9qPo5YTQwg&dib_tag=se&keywords=electric+toothbrush&qid=1787916054&sr=8-5
2026-08-28 17:24:10 | INFO | amazon_scrapper | [12:1] Saved D:\Amazon Scrapper\AmazonScrapper\data\products\keyword_12_product_001.html
2026-08-28 17:24:10 | INFO | amazon_scrapper | [11:16] HTTP 200 https://www.amazon.com/Instant-Pot-6Qt-Plus-WiFi/dp/B08TMTJZ8L/ref=sr_1_20?dib=eyJ2IjoiMSJ9.y4LLAMvRXyF-GJBFF44YpnhdjIMppvRQyEWPpo05tT-vydaQa-XtJV7nsibWrS1kYkGkvJDHhucrmvXYWV5gv_jzojkgAhDb84kk5HNbQOF56WAsDOF2e7unKCgf5y5cn62pCPxWW5JKxhxuhft2V4Xu7Yk8sqa2dPKg0meZdro7fHsXfoMNXI8_RP4IHRfKOopjqjgBoNfse1ZfbuTUtgkDvL9EtgWACw1nsRfy4z0.wZMLlUtpA01TJCTsVXBGvJ54B0n0MytJiAEGVgtNx2E&dib_tag=se&keywords=instant+pot&qid=1787916048&sr=8-20
2026-08-28 17:24:10 | INFO | amazon_scrapper | [11:16] Saved D:\Amazon Scrapper\AmazonScrapper\data\products\keyword_11_product_016.html
2026-08-28 17:24:10 | INFO | amazon_scrapper | [12:3] HTTP 200 https://www.amazon.com/Oral-B-1000-Rechargeable-Electric-Toothbrush/dp/B003UKM9CO/ref=sr_1_7?dib=eyJ2IjoiMSJ9.DKY9GXlevCKJvdWdTtYYuUaz4OQT52w4exE_ErUaXEQu7YQkWMbHWlXU3LTi2K57lvTWh15DDfTCiLAW0bfpcVGflQy99ugAyNLHEkhaZ_EOtDtrdN-pmHHjtnyu-9K_UMBmXEAEzWKnRD42fMOevHRe7qsi2QGOvdkJCmsculYP3gfcM5NUt5dAiSBCmPvtI8V-H1ocxyC09WQ5LrHNkkTZjFrzvQKTSAkSIvf0aVCCGJ7837F7B5CmwamajiVDE7o_TzVVbJvzV2tfecEdlHG6RX2EKTZIFkXytkCC-X4.Br-vWTJvof9OPjMsqesLmqnJtZ7ZQiGmM9qPo5YTQwg&dib_tag=se&keywords=electric+toothbrush&qid=1787916054&sr=8-7
2026-08-28 17:24:10 | INFO | amazon_scrapper | [12:3] Saved D:\Amazon Scrapper\AmazonScrapper\data\products\keyword_12_product_003.html
2026-08-28 17:24:11 | INFO | amazon_scrapper | [12:4] HTTP 200 https://www.amazon.com/Philips-Sonicare-Toothbrush-Rechargeable-HX3681/dp/B09LD8T445/ref=sr_1_8?dib=eyJ2IjoiMSJ9.DKY9GXlevCKJvdWdTtYYuUaz4OQT52w4exE_ErUaXEQu7YQkWMbHWlXU3LTi2K57lvTWh15DDfTCiLAW0bfpcVGflQy99ugAyNLHEkhaZ_EOtDtrdN-pmHHjtnyu-9K_UMBmXEAEzWKnRD42fMOevHRe7qsi2QGOvdkJCmsculYP3gfcM5NUt5dAiSBCmPvtI8V-H1ocxyC09WQ5LrHNkkTZjFrzvQKTSAkSIvf0aVCCGJ7837F7B5CmwamajiVDE7o_TzVVbJvzV2tfecEdlHG6RX2EKTZIFkXytkCC-X4.Br-vWTJvof9OPjMsqesLmqnJtZ7ZQiGmM9qPo5YTQwg&dib_tag=se&keywords=electric+toothbrush&qid=1787916054&sr=8-8
2026-08-28 17:24:11 | INFO | amazon_scrapper | [12:4] Saved D:\Amazon Scrapper\AmazonScrapper\data\products\keyword_12_product_004.html
2026-08-28 17:24:11 | INFO | amazon_scrapper | [12:2] HTTP 200 https://www.amazon.com/Philips-Sonicare-Toothbrush-Rechargeable-HX3681/dp/B09LD7WRVS/ref=sr_1_6?dib=eyJ2IjoiMSJ9.DKY9GXlevCKJvdWdTtYYuUaz4OQT52w4exE_ErUaXEQu7YQkWMbHWlXU3LTi2K57lvTWh15DDfTCiLAW0bfpcVGflQy99ugAyNLHEkhaZ_EOtDtrdN-pmHHjtnyu-9K_UMBmXEAEzWKnRD42fMOevHRe7qsi2QGOvdkJCmsculYP3gfcM5NUt5dAiSBCmPvtI8V-H1ocxyC09WQ5LrHNkkTZjFrzvQKTSAkSIvf0aVCCGJ7837F7B5CmwamajiVDE7o_TzVVbJvzV2tfecEdlHG6RX2EKTZIFkXytkCC-X4.Br-vWTJvof9OPjMsqesLmqnJtZ7ZQiGmM9qPo5YTQwg&dib_tag=se&keywords=electric+toothbrush&qid=1787916054&sr=8-6
2026-08-28 17:24:11 | INFO | amazon_scrapper | [12:2] Saved D:\Amazon Scrapper\AmazonScrapper\data\products\keyword_12_product_002.html
2026-08-28 17:24:12 | INFO | amazon_scrapper | [12:5] HTTP 200 https://www.amazon.com/Philips-Sonicare-Toothbrush-Rechargeable-HX3681/dp/B09LD8VFS1/ref=sr_1_9?dib=eyJ2IjoiMSJ9.DKY9GXlevCKJvdWdTtYYuUaz4OQT52w4exE_ErUaXEQu7YQkWMbHWlXU3LTi2K57lvTWh15DDfTCiLAW0bfpcVGflQy99ugAyNLHEkhaZ_EOtDtrdN-pmHHjtnyu-9K_UMBmXEAEzWKnRD42fMOevHRe7qsi2QGOvdkJCmsculYP3gfcM5NUt5dAiSBCmPvtI8V-H1ocxyC09WQ5LrHNkkTZjFrzvQKTSAkSIvf0aVCCGJ7837F7B5CmwamajiVDE7o_TzVVbJvzV2tfecEdlHG6RX2EKTZIFkXytkCC-X4.Br-vWTJvof9OPjMsqesLmqnJtZ7ZQiGmM9qPo5YTQwg&dib_tag=se&keywords=electric+toothbrush&qid=1787916054&sr=8-9
2026-08-28 17:24:12 | INFO | amazon_scrapper | [12:5] Saved D:\Amazon Scrapper\AmazonScrapper\data\products\keyword_12_product_005.html
2026-08-28 17:24:12 | INFO | amazon_scrapper | [12:6] HTTP 200 https://www.amazon.com/COSLUS-Sonic-Electric-Toothbrush-Adults/dp/B0FKB289VY/ref=sr_1_10?dib=eyJ2IjoiMSJ9.DKY9GXlevCKJvdWdTtYYuUaz4OQT52w4exE_ErUaXEQu7YQkWMbHWlXU3LTi2K57lvTWh15DDfTCiLAW0bfpcVGflQy99ugAyNLHEkhaZ_EOtDtrdN-pmHHjtnyu-9K_UMBmXEAEzWKnRD42fMOevHRe7qsi2QGOvdkJCmsculYP3gfcM5NUt5dAiSBCmPvtI8V-H1ocxyC09WQ5LrHNkkTZjFrzvQKTSAkSIvf0aVCCGJ7837F7B5CmwamajiVDE7o_TzVVbJvzV2tfecEdlHG6RX2EKTZIFkXytkCC-X4.Br-vWTJvof9OPjMsqesLmqnJtZ7ZQiGmM9qPo5YTQwg&dib_tag=se&keywords=electric+toothbrush&qid=1787916054&sr=8-10
2026-08-28 17:24:12 | INFO | amazon_scrapper | [12:6] Saved D:\Amazon Scrapper\AmazonScrapper\data\products\keyword_12_product_006.html
2026-08-28 17:24:13 | INFO | amazon_scrapper | [12:8] HTTP 200 https://www.amazon.com/Oral-B-CrossAction-Electric-Toothbrush-Powered/dp/B07XF8NT4C/ref=sr_1_16?dib=eyJ2IjoiMSJ9.DKY9GXlevCKJvdWdTtYYuUaz4OQT52w4exE_ErUaXEQu7YQkWMbHWlXU3LTi2K57lvTWh15DDfTCiLAW0bfpcVGflQy99ugAyNLHEkhaZ_EOtDtrdN-pmHHjtnyu-9K_UMBmXEAEzWKnRD42fMOevHRe7qsi2QGOvdkJCmsculYP3gfcM5NUt5dAiSBCmPvtI8V-H1ocxyC09WQ5LrHNkkTZjFrzvQKTSAkSIvf0aVCCGJ7837F7B5CmwamajiVDE7o_TzVVbJvzV2tfecEdlHG6RX2EKTZIFkXytkCC-X4.Br-vWTJvof9OPjMsqesLmqnJtZ7ZQiGmM9qPo5YTQwg&dib_tag=se&keywords=electric+toothbrush&qid=1787916054&sr=8-16
2026-08-28 17:24:13 | INFO | amazon_scrapper | [12:8] Saved D:\Amazon Scrapper\AmazonScrapper\data\products\keyword_12_product_008.html
2026-08-28 17:24:13 | INFO | amazon_scrapper | [12:7] HTTP 200 https://www.amazon.com/Philips-Sonicare-Toothbrush-Rechargeable-HX3641/dp/B09LD8VXLX/ref=sr_1_15?dib=eyJ2IjoiMSJ9.DKY9GXlevCKJvdWdTtYYuUaz4OQT52w4exE_ErUaXEQu7YQkWMbHWlXU3LTi2K57lvTWh15DDfTCiLAW0bfpcVGflQy99ugAyNLHEkhaZ_EOtDtrdN-pmHHjtnyu-9K_UMBmXEAEzWKnRD42fMOevHRe7qsi2QGOvdkJCmsculYP3gfcM5NUt5dAiSBCmPvtI8V-H1ocxyC09WQ5LrHNkkTZjFrzvQKTSAkSIvf0aVCCGJ7837F7B5CmwamajiVDE7o_TzVVbJvzV2tfecEdlHG6RX2EKTZIFkXytkCC-X4.Br-vWTJvof9OPjMsqesLmqnJtZ7ZQiGmM9qPo5YTQwg&dib_tag=se&keywords=electric+toothbrush&qid=1787916054&sr=8-15
2026-08-28 17:24:13 | INFO | amazon_scrapper | [12:7] Saved D:\Amazon Scrapper\AmazonScrapper\data\products\keyword_12_product_007.html
2026-08-28 17:24:13 | INFO | amazon_scrapper | [12:9] HTTP 200 https://www.amazon.com/Oral-B-iO-Electric-Toothbrush-Rechargeable/dp/B0B5YPHMW8/ref=sr_1_17?dib=eyJ2IjoiMSJ9.DKY9GXlevCKJvdWdTtYYuUaz4OQT52w4exE_ErUaXEQu7YQkWMbHWlXU3LTi2K57lvTWh15DDfTCiLAW0bfpcVGflQy99ugAyNLHEkhaZ_EOtDtrdN-pmHHjtnyu-9K_UMBmXEAEzWKnRD42fMOevHRe7qsi2QGOvdkJCmsculYP3gfcM5NUt5dAiSBCmPvtI8V-H1ocxyC09WQ5LrHNkkTZjFrzvQKTSAkSIvf0aVCCGJ7837F7B5CmwamajiVDE7o_TzVVbJvzV2tfecEdlHG6RX2EKTZIFkXytkCC-X4.Br-vWTJvof9OPjMsqesLmqnJtZ7ZQiGmM9qPo5YTQwg&dib_tag=se&keywords=electric+toothbrush&qid=1787916054&sr=8-17
2026-08-28 17:24:13 | INFO | amazon_scrapper | [12:9] Saved D:\Amazon Scrapper\AmazonScrapper\data\products\keyword_12_product_009.html
2026-08-28 17:24:14 | INFO | amazon_scrapper | [12:10] HTTP 200 https://www.amazon.com/Oral-B-Rechargeable-Electric-Powered-Toothbrush/dp/B0D1DQ7BH9/ref=sr_1_18?dib=eyJ2IjoiMSJ9.DKY9GXlevCKJvdWdTtYYuUaz4OQT52w4exE_ErUaXEQu7YQkWMbHWlXU3LTi2K57lvTWh15DDfTCiLAW0bfpcVGflQy99ugAyNLHEkhaZ_EOtDtrdN-pmHHjtnyu-9K_UMBmXEAEzWKnRD42fMOevHRe7qsi2QGOvdkJCmsculYP3gfcM5NUt5dAiSBCmPvtI8V-H1ocxyC09WQ5LrHNkkTZjFrzvQKTSAkSIvf0aVCCGJ7837F7B5CmwamajiVDE7o_TzVVbJvzV2tfecEdlHG6RX2EKTZIFkXytkCC-X4.Br-vWTJvof9OPjMsqesLmqnJtZ7ZQiGmM9qPo5YTQwg&dib_tag=se&keywords=electric+toothbrush&qid=1787916054&sr=8-18
2026-08-28 17:24:14 | INFO | amazon_scrapper | [12:10] Saved D:\Amazon Scrapper\AmazonScrapper\data\products\keyword_12_product_010.html
2026-08-28 17:24:14 | INFO | amazon_scrapper | [12:11] HTTP 200 https://www.amazon.com/Oral-B-Rechargeable-Electric-Powered-Toothbrush/dp/B0D1DRYBTN/ref=sr_1_23?dib=eyJ2IjoiMSJ9.DKY9GXlevCKJvdWdTtYYuUaz4OQT52w4exE_ErUaXEQu7YQkWMbHWlXU3LTi2K57lvTWh15DDfTCiLAW0bfpcVGflQy99ugAyNLHEkhaZ_EOtDtrdN-pmHHjtnyu-9K_UMBmXEAEzWKnRD42fMOevHRe7qsi2QGOvdkJCmsculYP3gfcM5NUt5dAiSBCmPvtI8V-H1ocxyC09WQ5LrHNkkTZjFrzvQKTSAkSIvf0aVCCGJ7837F7B5CmwamajiVDE7o_TzVVbJvzV2tfecEdlHG6RX2EKTZIFkXytkCC-X4.Br-vWTJvof9OPjMsqesLmqnJtZ7ZQiGmM9qPo5YTQwg&dib_tag=se&keywords=electric+toothbrush&qid=1787916054&sr=8-23
2026-08-28 17:24:14 | INFO | amazon_scrapper | [12:11] Saved D:\Amazon Scrapper\AmazonScrapper\data\products\keyword_12_product_011.html
2026-08-28 17:24:14 | INFO | amazon_scrapper | [12:13] HTTP 200 https://www.amazon.com/Oral-B-CrossAction-Electric-Toothbrush-Powered/dp/B07XG68WX2/ref=sr_1_25?dib=eyJ2IjoiMSJ9.DKY9GXlevCKJvdWdTtYYuUaz4OQT52w4exE_ErUaXEQu7YQkWMbHWlXU3LTi2K57lvTWh15DDfTCiLAW0bfpcVGflQy99ugAyNLHEkhaZ_EOtDtrdN-pmHHjtnyu-9K_UMBmXEAEzWKnRD42fMOevHRe7qsi2QGOvdkJCmsculYP3gfcM5NUt5dAiSBCmPvtI8V-H1ocxyC09WQ5LrHNkkTZjFrzvQKTSAkSIvf0aVCCGJ7837F7B5CmwamajiVDE7o_TzVVbJvzV2tfecEdlHG6RX2EKTZIFkXytkCC-X4.Br-vWTJvof9OPjMsqesLmqnJtZ7ZQiGmM9qPo5YTQwg&dib_tag=se&keywords=electric+toothbrush&qid=1787916054&sr=8-25
2026-08-28 17:24:15 | INFO | amazon_scrapper | [12:13] Saved D:\Amazon Scrapper\AmazonScrapper\data\products\keyword_12_product_013.html
2026-08-28 17:24:15 | INFO | amazon_scrapper | [12:12] HTTP 200 https://www.amazon.com/Onlyone-Electric-Toothbrush-Rechargeable-Ultrasonic/dp/B0FRFW6VYR/ref=sr_1_24?dib=eyJ2IjoiMSJ9.DKY9GXlevCKJvdWdTtYYuUaz4OQT52w4exE_ErUaXEQu7YQkWMbHWlXU3LTi2K57lvTWh15DDfTCiLAW0bfpcVGflQy99ugAyNLHEkhaZ_EOtDtrdN-pmHHjtnyu-9K_UMBmXEAEzWKnRD42fMOevHRe7qsi2QGOvdkJCmsculYP3gfcM5NUt5dAiSBCmPvtI8V-H1ocxyC09WQ5LrHNkkTZjFrzvQKTSAkSIvf0aVCCGJ7837F7B5CmwamajiVDE7o_TzVVbJvzV2tfecEdlHG6RX2EKTZIFkXytkCC-X4.Br-vWTJvof9OPjMsqesLmqnJtZ7ZQiGmM9qPo5YTQwg&dib_tag=se&keywords=electric+toothbrush&qid=1787916054&sr=8-24
2026-08-28 17:24:15 | INFO | amazon_scrapper | [12:12] Saved D:\Amazon Scrapper\AmazonScrapper\data\products\keyword_12_product_012.html
2026-08-28 17:24:15 | INFO | amazon_scrapper | [12:14] HTTP 200 https://www.amazon.com/Philips-Sonicare-Rechargeable-Electric-Toothbrush/dp/B0GQWSKBLD/ref=sr_1_26?dib=eyJ2IjoiMSJ9.DKY9GXlevCKJvdWdTtYYuUaz4OQT52w4exE_ErUaXEQu7YQkWMbHWlXU3LTi2K57lvTWh15DDfTCiLAW0bfpcVGflQy99ugAyNLHEkhaZ_EOtDtrdN-pmHHjtnyu-9K_UMBmXEAEzWKnRD42fMOevHRe7qsi2QGOvdkJCmsculYP3gfcM5NUt5dAiSBCmPvtI8V-H1ocxyC09WQ5LrHNkkTZjFrzvQKTSAkSIvf0aVCCGJ7837F7B5CmwamajiVDE7o_TzVVbJvzV2tfecEdlHG6RX2EKTZIFkXytkCC-X4.Br-vWTJvof9OPjMsqesLmqnJtZ7ZQiGmM9qPo5YTQwg&dib_tag=se&keywords=electric+toothbrush&qid=1787916054&sr=8-26
2026-08-28 17:24:15 | INFO | amazon_scrapper | [12:14] Saved D:\Amazon Scrapper\AmazonScrapper\data\products\keyword_12_product_014.html
2026-08-28 17:24:16 | INFO | amazon_scrapper | [12:15] HTTP 200 https://www.amazon.com/Philips-Sonicare-Toothbrush-Professional-Clean-HX7132/dp/B0G3RD2XVH/ref=sr_1_27?dib=eyJ2IjoiMSJ9.DKY9GXlevCKJvdWdTtYYuUaz4OQT52w4exE_ErUaXEQu7YQkWMbHWlXU3LTi2K57lvTWh15DDfTCiLAW0bfpcVGflQy99ugAyNLHEkhaZ_EOtDtrdN-pmHHjtnyu-9K_UMBmXEAEzWKnRD42fMOevHRe7qsi2QGOvdkJCmsculYP3gfcM5NUt5dAiSBCmPvtI8V-H1ocxyC09WQ5LrHNkkTZjFrzvQKTSAkSIvf0aVCCGJ7837F7B5CmwamajiVDE7o_TzVVbJvzV2tfecEdlHG6RX2EKTZIFkXytkCC-X4.Br-vWTJvof9OPjMsqesLmqnJtZ7ZQiGmM9qPo5YTQwg&dib_tag=se&keywords=electric+toothbrush&qid=1787916054&sr=8-27
2026-08-28 17:24:16 | INFO | amazon_scrapper | [12:15] Saved D:\Amazon Scrapper\AmazonScrapper\data\products\keyword_12_product_015.html
2026-08-28 17:24:16 | INFO | amazon_scrapper | [12:16] HTTP 200 https://www.amazon.com/Philips-Sonicare-Toothbrush-Professional-Clean-HX7131/dp/B0G3QSHJCC/ref=sr_1_28?dib=eyJ2IjoiMSJ9.DKY9GXlevCKJvdWdTtYYuUaz4OQT52w4exE_ErUaXEQu7YQkWMbHWlXU3LTi2K57lvTWh15DDfTCiLAW0bfpcVGflQy99ugAyNLHEkhaZ_EOtDtrdN-pmHHjtnyu-9K_UMBmXEAEzWKnRD42fMOevHRe7qsi2QGOvdkJCmsculYP3gfcM5NUt5dAiSBCmPvtI8V-H1ocxyC09WQ5LrHNkkTZjFrzvQKTSAkSIvf0aVCCGJ7837F7B5CmwamajiVDE7o_TzVVbJvzV2tfecEdlHG6RX2EKTZIFkXytkCC-X4.Br-vWTJvof9OPjMsqesLmqnJtZ7ZQiGmM9qPo5YTQwg&dib_tag=se&keywords=electric+toothbrush&qid=1787916054&sr=8-28
2026-08-28 17:24:16 | INFO | amazon_scrapper | [12:16] Saved D:\Amazon Scrapper\AmazonScrapper\data\products\keyword_12_product_016.html
2026-08-28 17:24:16 | INFO | amazon_scrapper | [12:17] HTTP 200 https://www.amazon.com/Oral-B-Rechargeable-Electric-Powered-Toothbrush/dp/B0DLLGG2Z8/ref=sr_1_29?dib=eyJ2IjoiMSJ9.DKY9GXlevCKJvdWdTtYYuUaz4OQT52w4exE_ErUaXEQu7YQkWMbHWlXU3LTi2K57lvTWh15DDfTCiLAW0bfpcVGflQy99ugAyNLHEkhaZ_EOtDtrdN-pmHHjtnyu-9K_UMBmXEAEzWKnRD42fMOevHRe7qsi2QGOvdkJCmsculYP3gfcM5NUt5dAiSBCmPvtI8V-H1ocxyC09WQ5LrHNkkTZjFrzvQKTSAkSIvf0aVCCGJ7837F7B5CmwamajiVDE7o_TzVVbJvzV2tfecEdlHG6RX2EKTZIFkXytkCC-X4.Br-vWTJvof9OPjMsqesLmqnJtZ7ZQiGmM9qPo5YTQwg&dib_tag=se&keywords=electric+toothbrush&qid=1787916054&sr=8-29
2026-08-28 17:24:16 | INFO | amazon_scrapper | [12:17] Saved D:\Amazon Scrapper\AmazonScrapper\data\products\keyword_12_product_017.html
2026-08-28 17:24:17 | INFO | amazon_scrapper | [12:18] HTTP 200 https://www.amazon.com/Philips-Sonicare-6500-Electric-Toothbrush/dp/B0G3QN4SFY/ref=sr_1_30?dib=eyJ2IjoiMSJ9.DKY9GXlevCKJvdWdTtYYuUaz4OQT52w4exE_ErUaXEQu7YQkWMbHWlXU3LTi2K57lvTWh15DDfTCiLAW0bfpcVGflQy99ugAyNLHEkhaZ_EOtDtrdN-pmHHjtnyu-9K_UMBmXEAEzWKnRD42fMOevHRe7qsi2QGOvdkJCmsculYP3gfcM5NUt5dAiSBCmPvtI8V-H1ocxyC09WQ5LrHNkkTZjFrzvQKTSAkSIvf0aVCCGJ7837F7B5CmwamajiVDE7o_TzVVbJvzV2tfecEdlHG6RX2EKTZIFkXytkCC-X4.Br-vWTJvof9OPjMsqesLmqnJtZ7ZQiGmM9qPo5YTQwg&dib_tag=se&keywords=electric+toothbrush&qid=1787916054&sr=8-30
2026-08-28 17:24:17 | INFO | amazon_scrapper | [12:18] Saved D:\Amazon Scrapper\AmazonScrapper\data\products\keyword_12_product_018.html
2026-08-28 17:24:17 | INFO | amazon_scrapper | [12:19] HTTP 200 https://www.amazon.com/Oral-B-Rechargeable-Electric-Powered-Toothbrush/dp/B0D1DB1LXJ/ref=sr_1_31?dib=eyJ2IjoiMSJ9.DKY9GXlevCKJvdWdTtYYuUaz4OQT52w4exE_ErUaXEQu7YQkWMbHWlXU3LTi2K57lvTWh15DDfTCiLAW0bfpcVGflQy99ugAyNLHEkhaZ_EOtDtrdN-pmHHjtnyu-9K_UMBmXEAEzWKnRD42fMOevHRe7qsi2QGOvdkJCmsculYP3gfcM5NUt5dAiSBCmPvtI8V-H1ocxyC09WQ5LrHNkkTZjFrzvQKTSAkSIvf0aVCCGJ7837F7B5CmwamajiVDE7o_TzVVbJvzV2tfecEdlHG6RX2EKTZIFkXytkCC-X4.Br-vWTJvof9OPjMsqesLmqnJtZ7ZQiGmM9qPo5YTQwg&dib_tag=se&keywords=electric+toothbrush&qid=1787916054&sr=8-31
2026-08-28 17:24:17 | INFO | amazon_scrapper | [12:19] Saved D:\Amazon Scrapper\AmazonScrapper\data\products\keyword_12_product_019.html
2026-08-28 17:24:18 | INFO | amazon_scrapper | [12:21] HTTP 200 https://www.amazon.com/Philips-Sonicare-ProtectiveClean-Rechargeable-HX6423/dp/B084TM4XKG/ref=sr_1_33?dib=eyJ2IjoiMSJ9.DKY9GXlevCKJvdWdTtYYuUaz4OQT52w4exE_ErUaXEQu7YQkWMbHWlXU3LTi2K57lvTWh15DDfTCiLAW0bfpcVGflQy99ugAyNLHEkhaZ_EOtDtrdN-pmHHjtnyu-9K_UMBmXEAEzWKnRD42fMOevHRe7qsi2QGOvdkJCmsculYP3gfcM5NUt5dAiSBCmPvtI8V-H1ocxyC09WQ5LrHNkkTZjFrzvQKTSAkSIvf0aVCCGJ7837F7B5CmwamajiVDE7o_TzVVbJvzV2tfecEdlHG6RX2EKTZIFkXytkCC-X4.Br-vWTJvof9OPjMsqesLmqnJtZ7ZQiGmM9qPo5YTQwg&dib_tag=se&keywords=electric+toothbrush&qid=1787916054&sr=8-33
2026-08-28 17:24:18 | INFO | amazon_scrapper | [12:21] Saved D:\Amazon Scrapper\AmazonScrapper\data\products\keyword_12_product_021.html
2026-08-28 17:24:18 | INFO | amazon_scrapper | [12:20] HTTP 200 https://www.amazon.com/Oral-B-iO-Electric-Toothbrush-Rechargeable/dp/B0B5HVM6JX/ref=sr_1_32?dib=eyJ2IjoiMSJ9.DKY9GXlevCKJvdWdTtYYuUaz4OQT52w4exE_ErUaXEQu7YQkWMbHWlXU3LTi2K57lvTWh15DDfTCiLAW0bfpcVGflQy99ugAyNLHEkhaZ_EOtDtrdN-pmHHjtnyu-9K_UMBmXEAEzWKnRD42fMOevHRe7qsi2QGOvdkJCmsculYP3gfcM5NUt5dAiSBCmPvtI8V-H1ocxyC09WQ5LrHNkkTZjFrzvQKTSAkSIvf0aVCCGJ7837F7B5CmwamajiVDE7o_TzVVbJvzV2tfecEdlHG6RX2EKTZIFkXytkCC-X4.Br-vWTJvof9OPjMsqesLmqnJtZ7ZQiGmM9qPo5YTQwg&dib_tag=se&keywords=electric+toothbrush&qid=1787916054&sr=8-32
2026-08-28 17:24:18 | INFO | amazon_scrapper | [12:20] Saved D:\Amazon Scrapper\AmazonScrapper\data\products\keyword_12_product_020.html
2026-08-28 17:24:18 | INFO | amazon_scrapper | [12:22] HTTP 200 https://www.amazon.com/Bitvae-Ultrasonic-Electric-Toothbrush-Rechargeable/dp/B0DNMLK6SC/ref=sr_1_34?dib=eyJ2IjoiMSJ9.DKY9GXlevCKJvdWdTtYYuUaz4OQT52w4exE_ErUaXEQu7YQkWMbHWlXU3LTi2K57lvTWh15DDfTCiLAW0bfpcVGflQy99ugAyNLHEkhaZ_EOtDtrdN-pmHHjtnyu-9K_UMBmXEAEzWKnRD42fMOevHRe7qsi2QGOvdkJCmsculYP3gfcM5NUt5dAiSBCmPvtI8V-H1ocxyC09WQ5LrHNkkTZjFrzvQKTSAkSIvf0aVCCGJ7837F7B5CmwamajiVDE7o_TzVVbJvzV2tfecEdlHG6RX2EKTZIFkXytkCC-X4.Br-vWTJvof9OPjMsqesLmqnJtZ7ZQiGmM9qPo5YTQwg&dib_tag=se&keywords=electric+toothbrush&qid=1787916054&sr=8-34
2026-08-28 17:24:18 | INFO | amazon_scrapper | [12:22] Saved D:\Amazon Scrapper\AmazonScrapper\data\products\keyword_12_product_022.html
2026-08-28 17:24:19 | INFO | amazon_scrapper | [12:23] HTTP 200 https://www.amazon.com/Oral-B-iO-Electric-Toothbrush-Rechargeable/dp/B0B5HQZ4QB/ref=sr_1_35?dib=eyJ2IjoiMSJ9.DKY9GXlevCKJvdWdTtYYuUaz4OQT52w4exE_ErUaXEQu7YQkWMbHWlXU3LTi2K57lvTWh15DDfTCiLAW0bfpcVGflQy99ugAyNLHEkhaZ_EOtDtrdN-pmHHjtnyu-9K_UMBmXEAEzWKnRD42fMOevHRe7qsi2QGOvdkJCmsculYP3gfcM5NUt5dAiSBCmPvtI8V-H1ocxyC09WQ5LrHNkkTZjFrzvQKTSAkSIvf0aVCCGJ7837F7B5CmwamajiVDE7o_TzVVbJvzV2tfecEdlHG6RX2EKTZIFkXytkCC-X4.Br-vWTJvof9OPjMsqesLmqnJtZ7ZQiGmM9qPo5YTQwg&dib_tag=se&keywords=electric+toothbrush&qid=1787916054&sr=8-35
2026-08-28 17:24:19 | INFO | amazon_scrapper | [12:23] Saved D:\Amazon Scrapper\AmazonScrapper\data\products\keyword_12_product_023.html
2026-08-28 17:24:19 | INFO | amazon_scrapper | [12:24] HTTP 200 https://www.amazon.com/Oral-B-White-Action-Toothbrush-Colors/dp/B008I2IKI6/ref=sr_1_36?dib=eyJ2IjoiMSJ9.DKY9GXlevCKJvdWdTtYYuUaz4OQT52w4exE_ErUaXEQu7YQkWMbHWlXU3LTi2K57lvTWh15DDfTCiLAW0bfpcVGflQy99ugAyNLHEkhaZ_EOtDtrdN-pmHHjtnyu-9K_UMBmXEAEzWKnRD42fMOevHRe7qsi2QGOvdkJCmsculYP3gfcM5NUt5dAiSBCmPvtI8V-H1ocxyC09WQ5LrHNkkTZjFrzvQKTSAkSIvf0aVCCGJ7837F7B5CmwamajiVDE7o_TzVVbJvzV2tfecEdlHG6RX2EKTZIFkXytkCC-X4.Br-vWTJvof9OPjMsqesLmqnJtZ7ZQiGmM9qPo5YTQwg&dib_tag=se&keywords=electric+toothbrush&qid=1787916054&sr=8-36
2026-08-28 17:24:19 | INFO | amazon_scrapper | [12:24] Saved D:\Amazon Scrapper\AmazonScrapper\data\products\keyword_12_product_024.html
2026-08-28 17:24:20 | INFO | amazon_scrapper | [12:26] HTTP 200 https://www.amazon.com/Oral-B-Rechargeable-Electric-Toothbrush-Replacement/dp/B0DCCJZC9F/ref=sr_1_38?dib=eyJ2IjoiMSJ9.DKY9GXlevCKJvdWdTtYYuUaz4OQT52w4exE_ErUaXEQu7YQkWMbHWlXU3LTi2K57lvTWh15DDfTCiLAW0bfpcVGflQy99ugAyNLHEkhaZ_EOtDtrdN-pmHHjtnyu-9K_UMBmXEAEzWKnRD42fMOevHRe7qsi2QGOvdkJCmsculYP3gfcM5NUt5dAiSBCmPvtI8V-H1ocxyC09WQ5LrHNkkTZjFrzvQKTSAkSIvf0aVCCGJ7837F7B5CmwamajiVDE7o_TzVVbJvzV2tfecEdlHG6RX2EKTZIFkXytkCC-X4.Br-vWTJvof9OPjMsqesLmqnJtZ7ZQiGmM9qPo5YTQwg&dib_tag=se&keywords=electric+toothbrush&qid=1787916054&sr=8-38
2026-08-28 17:24:20 | INFO | amazon_scrapper | [12:26] Saved D:\Amazon Scrapper\AmazonScrapper\data\products\keyword_12_product_026.html
2026-08-28 17:24:20 | INFO | amazon_scrapper | [12:25] HTTP 200 https://www.amazon.com/7MAGIC-Sonic-Electric-Toothbrush-Adults/dp/B0FN3S7LKG/ref=sr_1_37?dib=eyJ2IjoiMSJ9.DKY9GXlevCKJvdWdTtYYuUaz4OQT52w4exE_ErUaXEQu7YQkWMbHWlXU3LTi2K57lvTWh15DDfTCiLAW0bfpcVGflQy99ugAyNLHEkhaZ_EOtDtrdN-pmHHjtnyu-9K_UMBmXEAEzWKnRD42fMOevHRe7qsi2QGOvdkJCmsculYP3gfcM5NUt5dAiSBCmPvtI8V-H1ocxyC09WQ5LrHNkkTZjFrzvQKTSAkSIvf0aVCCGJ7837F7B5CmwamajiVDE7o_TzVVbJvzV2tfecEdlHG6RX2EKTZIFkXytkCC-X4.Br-vWTJvof9OPjMsqesLmqnJtZ7ZQiGmM9qPo5YTQwg&dib_tag=se&keywords=electric+toothbrush&qid=1787916054&sr=8-37
2026-08-28 17:24:20 | INFO | amazon_scrapper | [12:25] Saved D:\Amazon Scrapper\AmazonScrapper\data\products\keyword_12_product_025.html
2026-08-28 17:24:20 | INFO | amazon_scrapper | [12:27] HTTP 200 https://www.amazon.com/Oral-b-Crossaction-Electric-Toothbrush-Powered/dp/B07L5P2J8D/ref=sr_1_39?dib=eyJ2IjoiMSJ9.DKY9GXlevCKJvdWdTtYYuUaz4OQT52w4exE_ErUaXEQu7YQkWMbHWlXU3LTi2K57lvTWh15DDfTCiLAW0bfpcVGflQy99ugAyNLHEkhaZ_EOtDtrdN-pmHHjtnyu-9K_UMBmXEAEzWKnRD42fMOevHRe7qsi2QGOvdkJCmsculYP3gfcM5NUt5dAiSBCmPvtI8V-H1ocxyC09WQ5LrHNkkTZjFrzvQKTSAkSIvf0aVCCGJ7837F7B5CmwamajiVDE7o_TzVVbJvzV2tfecEdlHG6RX2EKTZIFkXytkCC-X4.Br-vWTJvof9OPjMsqesLmqnJtZ7ZQiGmM9qPo5YTQwg&dib_tag=se&keywords=electric+toothbrush&qid=1787916054&sr=8-39
2026-08-28 17:24:20 | INFO | amazon_scrapper | [12:27] Saved D:\Amazon Scrapper\AmazonScrapper\data\products\keyword_12_product_027.html
2026-08-28 17:24:21 | INFO | amazon_scrapper | [12:28] HTTP 200 https://www.amazon.com/Electric-Toothbrush-Adults-Rechargeable-2-Hour/dp/B0B9RQJFDV/ref=sr_1_40?dib=eyJ2IjoiMSJ9.DKY9GXlevCKJvdWdTtYYuUaz4OQT52w4exE_ErUaXEQu7YQkWMbHWlXU3LTi2K57lvTWh15DDfTCiLAW0bfpcVGflQy99ugAyNLHEkhaZ_EOtDtrdN-pmHHjtnyu-9K_UMBmXEAEzWKnRD42fMOevHRe7qsi2QGOvdkJCmsculYP3gfcM5NUt5dAiSBCmPvtI8V-H1ocxyC09WQ5LrHNkkTZjFrzvQKTSAkSIvf0aVCCGJ7837F7B5CmwamajiVDE7o_TzVVbJvzV2tfecEdlHG6RX2EKTZIFkXytkCC-X4.Br-vWTJvof9OPjMsqesLmqnJtZ7ZQiGmM9qPo5YTQwg&dib_tag=se&keywords=electric+toothbrush&qid=1787916054&sr=8-40
2026-08-28 17:24:21 | INFO | amazon_scrapper | [12:28] Saved D:\Amazon Scrapper\AmazonScrapper\data\products\keyword_12_product_028.html
2026-08-28 17:24:21 | INFO | amazon_scrapper | [12:29] HTTP 200 https://www.amazon.com/Oral-B-iO-Electric-Toothbrush-Brush/dp/B088CK6XJ4/ref=sr_1_41?dib=eyJ2IjoiMSJ9.DKY9GXlevCKJvdWdTtYYuUaz4OQT52w4exE_ErUaXEQu7YQkWMbHWlXU3LTi2K57lvTWh15DDfTCiLAW0bfpcVGflQy99ugAyNLHEkhaZ_EOtDtrdN-pmHHjtnyu-9K_UMBmXEAEzWKnRD42fMOevHRe7qsi2QGOvdkJCmsculYP3gfcM5NUt5dAiSBCmPvtI8V-H1ocxyC09WQ5LrHNkkTZjFrzvQKTSAkSIvf0aVCCGJ7837F7B5CmwamajiVDE7o_TzVVbJvzV2tfecEdlHG6RX2EKTZIFkXytkCC-X4.Br-vWTJvof9OPjMsqesLmqnJtZ7ZQiGmM9qPo5YTQwg&dib_tag=se&keywords=electric+toothbrush&qid=1787916054&sr=8-41
2026-08-28 17:24:21 | INFO | amazon_scrapper | [12:29] Saved D:\Amazon Scrapper\AmazonScrapper\data\products\keyword_12_product_029.html
2026-08-28 17:24:22 | INFO | amazon_scrapper | [12:31] HTTP 200 https://www.amazon.com/Philips-Sonicare-Rechargeable-Electric-Toothbrush/dp/B0GQW7WKGN/ref=sr_1_43?dib=eyJ2IjoiMSJ9.DKY9GXlevCKJvdWdTtYYuUaz4OQT52w4exE_ErUaXEQu7YQkWMbHWlXU3LTi2K57lvTWh15DDfTCiLAW0bfpcVGflQy99ugAyNLHEkhaZ_EOtDtrdN-pmHHjtnyu-9K_UMBmXEAEzWKnRD42fMOevHRe7qsi2QGOvdkJCmsculYP3gfcM5NUt5dAiSBCmPvtI8V-H1ocxyC09WQ5LrHNkkTZjFrzvQKTSAkSIvf0aVCCGJ7837F7B5CmwamajiVDE7o_TzVVbJvzV2tfecEdlHG6RX2EKTZIFkXytkCC-X4.Br-vWTJvof9OPjMsqesLmqnJtZ7ZQiGmM9qPo5YTQwg&dib_tag=se&keywords=electric+toothbrush&qid=1787916054&sr=8-43
2026-08-28 17:24:22 | INFO | amazon_scrapper | [12:31] Saved D:\Amazon Scrapper\AmazonScrapper\data\products\keyword_12_product_031.html
2026-08-28 17:24:22 | INFO | amazon_scrapper | [12:30] HTTP 200 https://www.amazon.com/HUACO-CARE-Electric-Toothbrush-Flossing/dp/B0CZL55GR7/ref=sr_1_42?dib=eyJ2IjoiMSJ9.DKY9GXlevCKJvdWdTtYYuUaz4OQT52w4exE_ErUaXEQu7YQkWMbHWlXU3LTi2K57lvTWh15DDfTCiLAW0bfpcVGflQy99ugAyNLHEkhaZ_EOtDtrdN-pmHHjtnyu-9K_UMBmXEAEzWKnRD42fMOevHRe7qsi2QGOvdkJCmsculYP3gfcM5NUt5dAiSBCmPvtI8V-H1ocxyC09WQ5LrHNkkTZjFrzvQKTSAkSIvf0aVCCGJ7837F7B5CmwamajiVDE7o_TzVVbJvzV2tfecEdlHG6RX2EKTZIFkXytkCC-X4.Br-vWTJvof9OPjMsqesLmqnJtZ7ZQiGmM9qPo5YTQwg&dib_tag=se&keywords=electric+toothbrush&qid=1787916054&sr=8-42
2026-08-28 17:24:22 | INFO | amazon_scrapper | [12:30] Saved D:\Amazon Scrapper\AmazonScrapper\data\products\keyword_12_product_030.html
2026-08-28 17:24:22 | INFO | amazon_scrapper | [12:32] HTTP 200 https://www.amazon.com/CrossAction-Battery-Powered-Toothbrush-Black/dp/B0B6JTYB49/ref=sr_1_44?dib=eyJ2IjoiMSJ9.DKY9GXlevCKJvdWdTtYYuUaz4OQT52w4exE_ErUaXEQu7YQkWMbHWlXU3LTi2K57lvTWh15DDfTCiLAW0bfpcVGflQy99ugAyNLHEkhaZ_EOtDtrdN-pmHHjtnyu-9K_UMBmXEAEzWKnRD42fMOevHRe7qsi2QGOvdkJCmsculYP3gfcM5NUt5dAiSBCmPvtI8V-H1ocxyC09WQ5LrHNkkTZjFrzvQKTSAkSIvf0aVCCGJ7837F7B5CmwamajiVDE7o_TzVVbJvzV2tfecEdlHG6RX2EKTZIFkXytkCC-X4.Br-vWTJvof9OPjMsqesLmqnJtZ7ZQiGmM9qPo5YTQwg&dib_tag=se&keywords=electric+toothbrush&qid=1787916054&sr=8-44
2026-08-28 17:24:22 | INFO | amazon_scrapper | [12:32] Saved D:\Amazon Scrapper\AmazonScrapper\data\products\keyword_12_product_032.html
2026-08-28 17:24:23 | INFO | amazon_scrapper | [12:33] HTTP 200 https://www.amazon.com/Philips-Sonicare-DiamondClean-Toothbrushes-HX9912/dp/B0FWLMV6NH/ref=sr_1_45?dib=eyJ2IjoiMSJ9.DKY9GXlevCKJvdWdTtYYuUaz4OQT52w4exE_ErUaXEQu7YQkWMbHWlXU3LTi2K57lvTWh15DDfTCiLAW0bfpcVGflQy99ugAyNLHEkhaZ_EOtDtrdN-pmHHjtnyu-9K_UMBmXEAEzWKnRD42fMOevHRe7qsi2QGOvdkJCmsculYP3gfcM5NUt5dAiSBCmPvtI8V-H1ocxyC09WQ5LrHNkkTZjFrzvQKTSAkSIvf0aVCCGJ7837F7B5CmwamajiVDE7o_TzVVbJvzV2tfecEdlHG6RX2EKTZIFkXytkCC-X4.Br-vWTJvof9OPjMsqesLmqnJtZ7ZQiGmM9qPo5YTQwg&dib_tag=se&keywords=electric+toothbrush&qid=1787916054&sr=8-45
2026-08-28 17:24:23 | INFO | amazon_scrapper | [12:33] Saved D:\Amazon Scrapper\AmazonScrapper\data\products\keyword_12_product_033.html
2026-08-28 17:24:24 | INFO | amazon_scrapper | [12:34] HTTP 200 https://www.amazon.com/TEETHEORY-Rotating-Electric-Toothbrush-Rechargeable/dp/B0CP8QM3R1/ref=sr_1_46?dib=eyJ2IjoiMSJ9.DKY9GXlevCKJvdWdTtYYuUaz4OQT52w4exE_ErUaXEQu7YQkWMbHWlXU3LTi2K57lvTWh15DDfTCiLAW0bfpcVGflQy99ugAyNLHEkhaZ_EOtDtrdN-pmHHjtnyu-9K_UMBmXEAEzWKnRD42fMOevHRe7qsi2QGOvdkJCmsculYP3gfcM5NUt5dAiSBCmPvtI8V-H1ocxyC09WQ5LrHNkkTZjFrzvQKTSAkSIvf0aVCCGJ7837F7B5CmwamajiVDE7o_TzVVbJvzV2tfecEdlHG6RX2EKTZIFkXytkCC-X4.Br-vWTJvof9OPjMsqesLmqnJtZ7ZQiGmM9qPo5YTQwg&dib_tag=se&keywords=electric+toothbrush&qid=1787916054&sr=8-46
2026-08-28 17:24:24 | INFO | amazon_scrapper | [12:34] Saved D:\Amazon Scrapper\AmazonScrapper\data\products\keyword_12_product_034.html
2026-08-28 17:24:24 | INFO | amazon_scrapper | [12:36] HTTP 200 https://www.amazon.com/Oral-B-Precision-Clean-Battery-Toothbrush/dp/B0B6KKXWQV/ref=sr_1_48?dib=eyJ2IjoiMSJ9.DKY9GXlevCKJvdWdTtYYuUaz4OQT52w4exE_ErUaXEQu7YQkWMbHWlXU3LTi2K57lvTWh15DDfTCiLAW0bfpcVGflQy99ugAyNLHEkhaZ_EOtDtrdN-pmHHjtnyu-9K_UMBmXEAEzWKnRD42fMOevHRe7qsi2QGOvdkJCmsculYP3gfcM5NUt5dAiSBCmPvtI8V-H1ocxyC09WQ5LrHNkkTZjFrzvQKTSAkSIvf0aVCCGJ7837F7B5CmwamajiVDE7o_TzVVbJvzV2tfecEdlHG6RX2EKTZIFkXytkCC-X4.Br-vWTJvof9OPjMsqesLmqnJtZ7ZQiGmM9qPo5YTQwg&dib_tag=se&keywords=electric+toothbrush&qid=1787916054&sr=8-48
2026-08-28 17:24:24 | INFO | amazon_scrapper | [12:36] Saved D:\Amazon Scrapper\AmazonScrapper\data\products\keyword_12_product_036.html
2026-08-28 17:24:24 | INFO | amazon_scrapper | [12:37] HTTP 200 https://www.amazon.com/Philips-Sonicare-Rechargeable-Electric-Toothbrush/dp/B0H46YSXY4/ref=sr_1_49?dib=eyJ2IjoiMSJ9.DKY9GXlevCKJvdWdTtYYuUaz4OQT52w4exE_ErUaXEQu7YQkWMbHWlXU3LTi2K57lvTWh15DDfTCiLAW0bfpcVGflQy99ugAyNLHEkhaZ_EOtDtrdN-pmHHjtnyu-9K_UMBmXEAEzWKnRD42fMOevHRe7qsi2QGOvdkJCmsculYP3gfcM5NUt5dAiSBCmPvtI8V-H1ocxyC09WQ5LrHNkkTZjFrzvQKTSAkSIvf0aVCCGJ7837F7B5CmwamajiVDE7o_TzVVbJvzV2tfecEdlHG6RX2EKTZIFkXytkCC-X4.Br-vWTJvof9OPjMsqesLmqnJtZ7ZQiGmM9qPo5YTQwg&dib_tag=se&keywords=electric+toothbrush&qid=1787916054&sr=8-49
2026-08-28 17:24:24 | INFO | amazon_scrapper | [12:37] Saved D:\Amazon Scrapper\AmazonScrapper\data\products\keyword_12_product_037.html
2026-08-28 17:24:24 | INFO | amazon_scrapper | [12:35] HTTP 200 https://www.amazon.com/Philips-Sonicare-7300-Electric-Toothbrush/dp/B0G67KHJ47/ref=sr_1_47?dib=eyJ2IjoiMSJ9.DKY9GXlevCKJvdWdTtYYuUaz4OQT52w4exE_ErUaXEQu7YQkWMbHWlXU3LTi2K57lvTWh15DDfTCiLAW0bfpcVGflQy99ugAyNLHEkhaZ_EOtDtrdN-pmHHjtnyu-9K_UMBmXEAEzWKnRD42fMOevHRe7qsi2QGOvdkJCmsculYP3gfcM5NUt5dAiSBCmPvtI8V-H1ocxyC09WQ5LrHNkkTZjFrzvQKTSAkSIvf0aVCCGJ7837F7B5CmwamajiVDE7o_TzVVbJvzV2tfecEdlHG6RX2EKTZIFkXytkCC-X4.Br-vWTJvof9OPjMsqesLmqnJtZ7ZQiGmM9qPo5YTQwg&dib_tag=se&keywords=electric+toothbrush&qid=1787916054&sr=8-47
2026-08-28 17:24:24 | INFO | amazon_scrapper | [12:35] Saved D:\Amazon Scrapper\AmazonScrapper\data\products\keyword_12_product_035.html
2026-08-28 17:24:25 | INFO | amazon_scrapper | [12:38] HTTP 200 https://www.amazon.com/MCUDKIK-Electric-Toothbrush-Cleaning-Rechargeable/dp/B0GWWN7WCK/ref=sr_1_50?dib=eyJ2IjoiMSJ9.DKY9GXlevCKJvdWdTtYYuUaz4OQT52w4exE_ErUaXEQu7YQkWMbHWlXU3LTi2K57lvTWh15DDfTCiLAW0bfpcVGflQy99ugAyNLHEkhaZ_EOtDtrdN-pmHHjtnyu-9K_UMBmXEAEzWKnRD42fMOevHRe7qsi2QGOvdkJCmsculYP3gfcM5NUt5dAiSBCmPvtI8V-H1ocxyC09WQ5LrHNkkTZjFrzvQKTSAkSIvf0aVCCGJ7837F7B5CmwamajiVDE7o_TzVVbJvzV2tfecEdlHG6RX2EKTZIFkXytkCC-X4.Br-vWTJvof9OPjMsqesLmqnJtZ7ZQiGmM9qPo5YTQwg&dib_tag=se&keywords=electric+toothbrush&qid=1787916054&sr=8-50
2026-08-28 17:24:25 | INFO | amazon_scrapper | [12:38] Saved D:\Amazon Scrapper\AmazonScrapper\data\products\keyword_12_product_038.html
2026-08-28 17:24:26 | INFO | amazon_scrapper | [12:39] HTTP 200 https://www.amazon.com/Oral-B-iO-Electric-Toothbrush-Rechargeable/dp/B0B5YPZS45/ref=sr_1_51?dib=eyJ2IjoiMSJ9.DKY9GXlevCKJvdWdTtYYuUaz4OQT52w4exE_ErUaXEQu7YQkWMbHWlXU3LTi2K57lvTWh15DDfTCiLAW0bfpcVGflQy99ugAyNLHEkhaZ_EOtDtrdN-pmHHjtnyu-9K_UMBmXEAEzWKnRD42fMOevHRe7qsi2QGOvdkJCmsculYP3gfcM5NUt5dAiSBCmPvtI8V-H1ocxyC09WQ5LrHNkkTZjFrzvQKTSAkSIvf0aVCCGJ7837F7B5CmwamajiVDE7o_TzVVbJvzV2tfecEdlHG6RX2EKTZIFkXytkCC-X4.Br-vWTJvof9OPjMsqesLmqnJtZ7ZQiGmM9qPo5YTQwg&dib_tag=se&keywords=electric+toothbrush&qid=1787916054&sr=8-51
2026-08-28 17:24:26 | INFO | amazon_scrapper | [12:39] Saved D:\Amazon Scrapper\AmazonScrapper\data\products\keyword_12_product_039.html
2026-08-28 17:24:26 | INFO | amazon_scrapper | [12:40] HTTP 200 https://www.amazon.com/Colgate-Charcoal-Operated-Toothbrush-Included/dp/B0CZ53DPHR/ref=sr_1_52?dib=eyJ2IjoiMSJ9.DKY9GXlevCKJvdWdTtYYuUaz4OQT52w4exE_ErUaXEQu7YQkWMbHWlXU3LTi2K57lvTWh15DDfTCiLAW0bfpcVGflQy99ugAyNLHEkhaZ_EOtDtrdN-pmHHjtnyu-9K_UMBmXEAEzWKnRD42fMOevHRe7qsi2QGOvdkJCmsculYP3gfcM5NUt5dAiSBCmPvtI8V-H1ocxyC09WQ5LrHNkkTZjFrzvQKTSAkSIvf0aVCCGJ7837F7B5CmwamajiVDE7o_TzVVbJvzV2tfecEdlHG6RX2EKTZIFkXytkCC-X4.Br-vWTJvof9OPjMsqesLmqnJtZ7ZQiGmM9qPo5YTQwg&dib_tag=se&keywords=electric+toothbrush&qid=1787916054&sr=8-52
2026-08-28 17:24:26 | INFO | amazon_scrapper | [12:40] Saved D:\Amazon Scrapper\AmazonScrapper\data\products\keyword_12_product_040.html
2026-08-28 17:24:26 | INFO | amazon_scrapper | [12:42] HTTP 200 https://www.amazon.com/Philips-Sonicare-Toothbrush-Rechargeable-HX3661/dp/B09LD8PTNJ/ref=sr_1_54?dib=eyJ2IjoiMSJ9.DKY9GXlevCKJvdWdTtYYuUaz4OQT52w4exE_ErUaXEQu7YQkWMbHWlXU3LTi2K57lvTWh15DDfTCiLAW0bfpcVGflQy99ugAyNLHEkhaZ_EOtDtrdN-pmHHjtnyu-9K_UMBmXEAEzWKnRD42fMOevHRe7qsi2QGOvdkJCmsculYP3gfcM5NUt5dAiSBCmPvtI8V-H1ocxyC09WQ5LrHNkkTZjFrzvQKTSAkSIvf0aVCCGJ7837F7B5CmwamajiVDE7o_TzVVbJvzV2tfecEdlHG6RX2EKTZIFkXytkCC-X4.Br-vWTJvof9OPjMsqesLmqnJtZ7ZQiGmM9qPo5YTQwg&dib_tag=se&keywords=electric+toothbrush&qid=1787916054&sr=8-54
2026-08-28 17:24:26 | INFO | amazon_scrapper | [12:42] Saved D:\Amazon Scrapper\AmazonScrapper\data\products\keyword_12_product_042.html
2026-08-28 17:24:26 | INFO | amazon_scrapper | [12:41] HTTP 200 https://www.amazon.com/Marlincare-Sonic-Electric-Toothbrush-Adults/dp/B0DNF673KY/ref=sr_1_53?dib=eyJ2IjoiMSJ9.DKY9GXlevCKJvdWdTtYYuUaz4OQT52w4exE_ErUaXEQu7YQkWMbHWlXU3LTi2K57lvTWh15DDfTCiLAW0bfpcVGflQy99ugAyNLHEkhaZ_EOtDtrdN-pmHHjtnyu-9K_UMBmXEAEzWKnRD42fMOevHRe7qsi2QGOvdkJCmsculYP3gfcM5NUt5dAiSBCmPvtI8V-H1ocxyC09WQ5LrHNkkTZjFrzvQKTSAkSIvf0aVCCGJ7837F7B5CmwamajiVDE7o_TzVVbJvzV2tfecEdlHG6RX2EKTZIFkXytkCC-X4.Br-vWTJvof9OPjMsqesLmqnJtZ7ZQiGmM9qPo5YTQwg&dib_tag=se&keywords=electric+toothbrush&qid=1787916054&sr=8-53
2026-08-28 17:24:27 | INFO | amazon_scrapper | [12:41] Saved D:\Amazon Scrapper\AmazonScrapper\data\products\keyword_12_product_041.html
2026-08-28 17:24:27 | INFO | amazon_scrapper | [12:43] HTTP 200 https://www.amazon.com/Oral-B-Toothbrush-Vibrating-Remover-Battery/dp/B0FZVBBM44/ref=sr_1_55?dib=eyJ2IjoiMSJ9.DKY9GXlevCKJvdWdTtYYuUaz4OQT52w4exE_ErUaXEQu7YQkWMbHWlXU3LTi2K57lvTWh15DDfTCiLAW0bfpcVGflQy99ugAyNLHEkhaZ_EOtDtrdN-pmHHjtnyu-9K_UMBmXEAEzWKnRD42fMOevHRe7qsi2QGOvdkJCmsculYP3gfcM5NUt5dAiSBCmPvtI8V-H1ocxyC09WQ5LrHNkkTZjFrzvQKTSAkSIvf0aVCCGJ7837F7B5CmwamajiVDE7o_TzVVbJvzV2tfecEdlHG6RX2EKTZIFkXytkCC-X4.Br-vWTJvof9OPjMsqesLmqnJtZ7ZQiGmM9qPo5YTQwg&dib_tag=se&keywords=electric+toothbrush&qid=1787916054&sr=8-55
2026-08-28 17:24:27 | INFO | amazon_scrapper | [12:43] Saved D:\Amazon Scrapper\AmazonScrapper\data\products\keyword_12_product_043.html
2026-08-28 17:24:28 | INFO | amazon_scrapper | [12:44] HTTP 200 https://www.amazon.com/Bymore-Toothbrush-Replacement-Rechargeable-Timer-Black/dp/B0CH9S8B6F/ref=sr_1_56?dib=eyJ2IjoiMSJ9.DKY9GXlevCKJvdWdTtYYuUaz4OQT52w4exE_ErUaXEQu7YQkWMbHWlXU3LTi2K57lvTWh15DDfTCiLAW0bfpcVGflQy99ugAyNLHEkhaZ_EOtDtrdN-pmHHjtnyu-9K_UMBmXEAEzWKnRD42fMOevHRe7qsi2QGOvdkJCmsculYP3gfcM5NUt5dAiSBCmPvtI8V-H1ocxyC09WQ5LrHNkkTZjFrzvQKTSAkSIvf0aVCCGJ7837F7B5CmwamajiVDE7o_TzVVbJvzV2tfecEdlHG6RX2EKTZIFkXytkCC-X4.Br-vWTJvof9OPjMsqesLmqnJtZ7ZQiGmM9qPo5YTQwg&dib_tag=se&keywords=electric+toothbrush&qid=1787916054&sr=8-56
2026-08-28 17:24:28 | INFO | amazon_scrapper | [12:44] Saved D:\Amazon Scrapper\AmazonScrapper\data\products\keyword_12_product_044.html
2026-08-28 17:24:28 | INFO | amazon_scrapper | [12:45] HTTP 200 https://www.amazon.com/Bitvae-R2-Rotating-Toothbrush-Rechargeable/dp/B0BN2TWDZ5/ref=sr_1_57?dib=eyJ2IjoiMSJ9.DKY9GXlevCKJvdWdTtYYuUaz4OQT52w4exE_ErUaXEQu7YQkWMbHWlXU3LTi2K57lvTWh15DDfTCiLAW0bfpcVGflQy99ugAyNLHEkhaZ_EOtDtrdN-pmHHjtnyu-9K_UMBmXEAEzWKnRD42fMOevHRe7qsi2QGOvdkJCmsculYP3gfcM5NUt5dAiSBCmPvtI8V-H1ocxyC09WQ5LrHNkkTZjFrzvQKTSAkSIvf0aVCCGJ7837F7B5CmwamajiVDE7o_TzVVbJvzV2tfecEdlHG6RX2EKTZIFkXytkCC-X4.Br-vWTJvof9OPjMsqesLmqnJtZ7ZQiGmM9qPo5YTQwg&dib_tag=se&keywords=electric+toothbrush&qid=1787916054&sr=8-57
2026-08-28 17:24:28 | INFO | amazon_scrapper | [12:45] Saved D:\Amazon Scrapper\AmazonScrapper\data\products\keyword_12_product_045.html
2026-08-28 17:24:28 | INFO | amazon_scrapper | [12:47] HTTP 200 https://www.amazon.com/Philips-Sonicare-Rechargeable-Electric-Toothbrush/dp/B0H46WV6X2/ref=sr_1_59?dib=eyJ2IjoiMSJ9.DKY9GXlevCKJvdWdTtYYuUaz4OQT52w4exE_ErUaXEQu7YQkWMbHWlXU3LTi2K57lvTWh15DDfTCiLAW0bfpcVGflQy99ugAyNLHEkhaZ_EOtDtrdN-pmHHjtnyu-9K_UMBmXEAEzWKnRD42fMOevHRe7qsi2QGOvdkJCmsculYP3gfcM5NUt5dAiSBCmPvtI8V-H1ocxyC09WQ5LrHNkkTZjFrzvQKTSAkSIvf0aVCCGJ7837F7B5CmwamajiVDE7o_TzVVbJvzV2tfecEdlHG6RX2EKTZIFkXytkCC-X4.Br-vWTJvof9OPjMsqesLmqnJtZ7ZQiGmM9qPo5YTQwg&dib_tag=se&keywords=electric+toothbrush&qid=1787916054&sr=8-59
2026-08-28 17:24:28 | INFO | amazon_scrapper | [12:47] Saved D:\Amazon Scrapper\AmazonScrapper\data\products\keyword_12_product_047.html
2026-08-28 17:24:29 | INFO | amazon_scrapper | [12:46] HTTP 200 https://www.amazon.com/Oral-B-Electric-Toothbrush-Ultimate-Charger/dp/B0BP69FS5K/ref=sr_1_58?dib=eyJ2IjoiMSJ9.DKY9GXlevCKJvdWdTtYYuUaz4OQT52w4exE_ErUaXEQu7YQkWMbHWlXU3LTi2K57lvTWh15DDfTCiLAW0bfpcVGflQy99ugAyNLHEkhaZ_EOtDtrdN-pmHHjtnyu-9K_UMBmXEAEzWKnRD42fMOevHRe7qsi2QGOvdkJCmsculYP3gfcM5NUt5dAiSBCmPvtI8V-H1ocxyC09WQ5LrHNkkTZjFrzvQKTSAkSIvf0aVCCGJ7837F7B5CmwamajiVDE7o_TzVVbJvzV2tfecEdlHG6RX2EKTZIFkXytkCC-X4.Br-vWTJvof9OPjMsqesLmqnJtZ7ZQiGmM9qPo5YTQwg&dib_tag=se&keywords=electric+toothbrush&qid=1787916054&sr=8-58
2026-08-28 17:24:29 | INFO | amazon_scrapper | [12:46] Saved D:\Amazon Scrapper\AmazonScrapper\data\products\keyword_12_product_046.html
2026-08-28 17:24:29 | INFO | amazon_scrapper | [12:48] HTTP 200 https://www.amazon.com/Rtauys-M5-Electric-Toothbrush-Adults/dp/B0G8J89WBT/ref=sr_1_60?dib=eyJ2IjoiMSJ9.DKY9GXlevCKJvdWdTtYYuUaz4OQT52w4exE_ErUaXEQu7YQkWMbHWlXU3LTi2K57lvTWh15DDfTCiLAW0bfpcVGflQy99ugAyNLHEkhaZ_EOtDtrdN-pmHHjtnyu-9K_UMBmXEAEzWKnRD42fMOevHRe7qsi2QGOvdkJCmsculYP3gfcM5NUt5dAiSBCmPvtI8V-H1ocxyC09WQ5LrHNkkTZjFrzvQKTSAkSIvf0aVCCGJ7837F7B5CmwamajiVDE7o_TzVVbJvzV2tfecEdlHG6RX2EKTZIFkXytkCC-X4.Br-vWTJvof9OPjMsqesLmqnJtZ7ZQiGmM9qPo5YTQwg&dib_tag=se&keywords=electric+toothbrush&qid=1787916054&sr=8-60
2026-08-28 17:24:29 | INFO | amazon_scrapper | [12:48] Saved D:\Amazon Scrapper\AmazonScrapper\data\products\keyword_12_product_048.html
2026-08-28 17:24:30 | INFO | amazon_scrapper | [13:1] HTTP 200 https://www.amazon.com/HP-Chromebook-Students-Quad-Core-Accessories/dp/B0C8171GTK/ref=sr_1_3?dib=eyJ2IjoiMSJ9.D9sI89P2arRjMVglUNcAKjHWKAiVctZkwymNHthKaMzupLXjWAyF6C5OrBSrJO8ayP3muFiYE24z9JOeyPuuCbGpPLrEIFij9_cD1Ja-zrZdwtm1nSChdq5tErVK269mxFhotIWIiQqoisa4-ZxTXgZW-KmGvnLrwv8uiuh-UWQUAEDQ9vFw26TWdfG1j4bFSgFD_dZMWsHNMijOiRr-Ybw2VkToV8m3nhf0a5eCIlM.PRR0wogZqCTOZV9PsvHtLVXl_QBqO82ImYdg4-FRFwk&dib_tag=se&keywords=budget+laptop&qid=1787916060&sr=8-3
2026-08-28 17:24:30 | INFO | amazon_scrapper | [13:1] Saved D:\Amazon Scrapper\AmazonScrapper\data\products\keyword_13_product_001.html
2026-08-28 17:24:30 | INFO | amazon_scrapper | [13:2] HTTP 200 https://www.amazon.com/acer-Gateway-Chromebook-CBO314-1H-C476-802-11ac/dp/B0DVCBYMQY/ref=sr_1_4?dib=eyJ2IjoiMSJ9.D9sI89P2arRjMVglUNcAKjHWKAiVctZkwymNHthKaMzupLXjWAyF6C5OrBSrJO8ayP3muFiYE24z9JOeyPuuCbGpPLrEIFij9_cD1Ja-zrZdwtm1nSChdq5tErVK269mxFhotIWIiQqoisa4-ZxTXgZW-KmGvnLrwv8uiuh-UWQUAEDQ9vFw26TWdfG1j4bFSgFD_dZMWsHNMijOiRr-Ybw2VkToV8m3nhf0a5eCIlM.PRR0wogZqCTOZV9PsvHtLVXl_QBqO82ImYdg4-FRFwk&dib_tag=se&keywords=budget+laptop&qid=1787916060&sr=8-4
2026-08-28 17:24:30 | INFO | amazon_scrapper | [13:2] Saved D:\Amazon Scrapper\AmazonScrapper\data\products\keyword_13_product_002.html
2026-08-28 17:24:30 | INFO | amazon_scrapper | [13:3] HTTP 200 https://www.amazon.com/HP-Laptop-Student-Business-Copilot/dp/B0GY16ZXZV/ref=sr_1_5?dib=eyJ2IjoiMSJ9.D9sI89P2arRjMVglUNcAKjHWKAiVctZkwymNHthKaMzupLXjWAyF6C5OrBSrJO8ayP3muFiYE24z9JOeyPuuCbGpPLrEIFij9_cD1Ja-zrZdwtm1nSChdq5tErVK269mxFhotIWIiQqoisa4-ZxTXgZW-KmGvnLrwv8uiuh-UWQUAEDQ9vFw26TWdfG1j4bFSgFD_dZMWsHNMijOiRr-Ybw2VkToV8m3nhf0a5eCIlM.PRR0wogZqCTOZV9PsvHtLVXl_QBqO82ImYdg4-FRFwk&dib_tag=se&keywords=budget+laptop&qid=1787916060&sr=8-5
2026-08-28 17:24:30 | INFO | amazon_scrapper | [13:3] Saved D:\Amazon Scrapper\AmazonScrapper\data\products\keyword_13_product_003.html
2026-08-28 17:24:31 | INFO | amazon_scrapper | [13:4] HTTP 200 https://www.amazon.com/Lenovo-15-6-Business-Laptop-128GB/dp/B0GX66CNNJ/ref=sr_1_6?dib=eyJ2IjoiMSJ9.D9sI89P2arRjMVglUNcAKjHWKAiVctZkwymNHthKaMzupLXjWAyF6C5OrBSrJO8ayP3muFiYE24z9JOeyPuuCbGpPLrEIFij9_cD1Ja-zrZdwtm1nSChdq5tErVK269mxFhotIWIiQqoisa4-ZxTXgZW-KmGvnLrwv8uiuh-UWQUAEDQ9vFw26TWdfG1j4bFSgFD_dZMWsHNMijOiRr-Ybw2VkToV8m3nhf0a5eCIlM.PRR0wogZqCTOZV9PsvHtLVXl_QBqO82ImYdg4-FRFwk&dib_tag=se&keywords=budget+laptop&qid=1787916060&sr=8-6
2026-08-28 17:24:31 | INFO | amazon_scrapper | [13:4] Saved D:\Amazon Scrapper\AmazonScrapper\data\products\keyword_13_product_004.html
2026-08-28 17:24:31 | INFO | amazon_scrapper | [13:5] HTTP 200 https://www.amazon.com/Lenovo-IdeaPad-Slim-3i-Microsoft/dp/B0GZNFHH9H/ref=sr_1_8?dib=eyJ2IjoiMSJ9.D9sI89P2arRjMVglUNcAKjHWKAiVctZkwymNHthKaMzupLXjWAyF6C5OrBSrJO8ayP3muFiYE24z9JOeyPuuCbGpPLrEIFij9_cD1Ja-zrZdwtm1nSChdq5tErVK269mxFhotIWIiQqoisa4-ZxTXgZW-KmGvnLrwv8uiuh-UWQUAEDQ9vFw26TWdfG1j4bFSgFD_dZMWsHNMijOiRr-Ybw2VkToV8m3nhf0a5eCIlM.PRR0wogZqCTOZV9PsvHtLVXl_QBqO82ImYdg4-FRFwk&dib_tag=se&keywords=budget+laptop&qid=1787916060&sr=8-8
2026-08-28 17:24:31 | INFO | amazon_scrapper | [13:5] Saved D:\Amazon Scrapper\AmazonScrapper\data\products\keyword_13_product_005.html
2026-08-28 17:24:32 | INFO | amazon_scrapper | [13:6] HTTP 200 https://www.amazon.com/AE86-Dual-Band-Lightweight-Notebook-Business/dp/B0FVXYDGK1/ref=sr_1_9?dib=eyJ2IjoiMSJ9.D9sI89P2arRjMVglUNcAKjHWKAiVctZkwymNHthKaMzupLXjWAyF6C5OrBSrJO8ayP3muFiYE24z9JOeyPuuCbGpPLrEIFij9_cD1Ja-zrZdwtm1nSChdq5tErVK269mxFhotIWIiQqoisa4-ZxTXgZW-KmGvnLrwv8uiuh-UWQUAEDQ9vFw26TWdfG1j4bFSgFD_dZMWsHNMijOiRr-Ybw2VkToV8m3nhf0a5eCIlM.PRR0wogZqCTOZV9PsvHtLVXl_QBqO82ImYdg4-FRFwk&dib_tag=se&keywords=budget+laptop&qid=1787916060&sr=8-9
2026-08-28 17:24:32 | INFO | amazon_scrapper | [13:6] Saved D:\Amazon Scrapper\AmazonScrapper\data\products\keyword_13_product_006.html
2026-08-28 17:24:32 | INFO | amazon_scrapper | [13:7] HTTP 200 https://www.amazon.com/Dell-Latitude-5420-Quad-Core-i5-1145G7/dp/B0F53SQRH4/ref=sr_1_10?dib=eyJ2IjoiMSJ9.D9sI89P2arRjMVglUNcAKjHWKAiVctZkwymNHthKaMzupLXjWAyF6C5OrBSrJO8ayP3muFiYE24z9JOeyPuuCbGpPLrEIFij9_cD1Ja-zrZdwtm1nSChdq5tErVK269mxFhotIWIiQqoisa4-ZxTXgZW-KmGvnLrwv8uiuh-UWQUAEDQ9vFw26TWdfG1j4bFSgFD_dZMWsHNMijOiRr-Ybw2VkToV8m3nhf0a5eCIlM.PRR0wogZqCTOZV9PsvHtLVXl_QBqO82ImYdg4-FRFwk&dib_tag=se&keywords=budget+laptop&qid=1787916060&sr=8-10
2026-08-28 17:24:32 | INFO | amazon_scrapper | [13:7] Saved D:\Amazon Scrapper\AmazonScrapper\data\products\keyword_13_product_007.html
2026-08-28 17:24:32 | INFO | amazon_scrapper | [13:8] HTTP 200 https://www.amazon.com/Phatom-Computers-Compatible-Windows-Business/dp/B0FS1V6XZD/ref=sr_1_11?dib=eyJ2IjoiMSJ9.D9sI89P2arRjMVglUNcAKjHWKAiVctZkwymNHthKaMzupLXjWAyF6C5OrBSrJO8ayP3muFiYE24z9JOeyPuuCbGpPLrEIFij9_cD1Ja-zrZdwtm1nSChdq5tErVK269mxFhotIWIiQqoisa4-ZxTXgZW-KmGvnLrwv8uiuh-UWQUAEDQ9vFw26TWdfG1j4bFSgFD_dZMWsHNMijOiRr-Ybw2VkToV8m3nhf0a5eCIlM.PRR0wogZqCTOZV9PsvHtLVXl_QBqO82ImYdg4-FRFwk&dib_tag=se&keywords=budget+laptop&qid=1787916060&sr=8-11
2026-08-28 17:24:32 | INFO | amazon_scrapper | [13:8] Saved D:\Amazon Scrapper\AmazonScrapper\data\products\keyword_13_product_008.html
2026-08-28 17:24:33 | INFO | amazon_scrapper | [13:9] HTTP 200 https://www.amazon.com/HP-Chromebook-Graphics-Keyboard-14a-na0226nr/dp/B09SVSBVP1/ref=sr_1_13?dib=eyJ2IjoiMSJ9.D9sI89P2arRjMVglUNcAKjHWKAiVctZkwymNHthKaMzupLXjWAyF6C5OrBSrJO8ayP3muFiYE24z9JOeyPuuCbGpPLrEIFij9_cD1Ja-zrZdwtm1nSChdq5tErVK269mxFhotIWIiQqoisa4-ZxTXgZW-KmGvnLrwv8uiuh-UWQUAEDQ9vFw26TWdfG1j4bFSgFD_dZMWsHNMijOiRr-Ybw2VkToV8m3nhf0a5eCIlM.PRR0wogZqCTOZV9PsvHtLVXl_QBqO82ImYdg4-FRFwk&dib_tag=se&keywords=budget+laptop&qid=1787916060&sr=8-13
2026-08-28 17:24:33 | INFO | amazon_scrapper | [13:9] Saved D:\Amazon Scrapper\AmazonScrapper\data\products\keyword_13_product_009.html
2026-08-28 17:24:33 | INFO | amazon_scrapper | [13:10] HTTP 200 https://www.amazon.com/MELIUNA-15-6-Laptop-Office-128GB/dp/B0H2LTLNM4/ref=sr_1_14?dib=eyJ2IjoiMSJ9.D9sI89P2arRjMVglUNcAKjHWKAiVctZkwymNHthKaMzupLXjWAyF6C5OrBSrJO8ayP3muFiYE24z9JOeyPuuCbGpPLrEIFij9_cD1Ja-zrZdwtm1nSChdq5tErVK269mxFhotIWIiQqoisa4-ZxTXgZW-KmGvnLrwv8uiuh-UWQUAEDQ9vFw26TWdfG1j4bFSgFD_dZMWsHNMijOiRr-Ybw2VkToV8m3nhf0a5eCIlM.PRR0wogZqCTOZV9PsvHtLVXl_QBqO82ImYdg4-FRFwk&dib_tag=se&keywords=budget+laptop&qid=1787916060&sr=8-14
2026-08-28 17:24:33 | INFO | amazon_scrapper | [13:10] Saved D:\Amazon Scrapper\AmazonScrapper\data\products\keyword_13_product_010.html
2026-08-28 17:24:33 | INFO | amazon_scrapper | [13:11] HTTP 200 https://www.amazon.com/ASUS-Vivobook-Processor-Durability-E1504FA-AB34/dp/B0DTVQN7KM/ref=sr_1_15?dib=eyJ2IjoiMSJ9.D9sI89P2arRjMVglUNcAKjHWKAiVctZkwymNHthKaMzupLXjWAyF6C5OrBSrJO8ayP3muFiYE24z9JOeyPuuCbGpPLrEIFij9_cD1Ja-zrZdwtm1nSChdq5tErVK269mxFhotIWIiQqoisa4-ZxTXgZW-KmGvnLrwv8uiuh-UWQUAEDQ9vFw26TWdfG1j4bFSgFD_dZMWsHNMijOiRr-Ybw2VkToV8m3nhf0a5eCIlM.PRR0wogZqCTOZV9PsvHtLVXl_QBqO82ImYdg4-FRFwk&dib_tag=se&keywords=budget+laptop&qid=1787916060&sr=8-15
2026-08-28 17:24:33 | INFO | amazon_scrapper | [13:11] Saved D:\Amazon Scrapper\AmazonScrapper\data\products\keyword_13_product_011.html
2026-08-28 17:24:34 | INFO | amazon_scrapper | [13:12] HTTP 200 https://www.amazon.com/HP-Stream-Business-Processor-Lavender/dp/B0H2YBHBYL/ref=sr_1_16?dib=eyJ2IjoiMSJ9.D9sI89P2arRjMVglUNcAKjHWKAiVctZkwymNHthKaMzupLXjWAyF6C5OrBSrJO8ayP3muFiYE24z9JOeyPuuCbGpPLrEIFij9_cD1Ja-zrZdwtm1nSChdq5tErVK269mxFhotIWIiQqoisa4-ZxTXgZW-KmGvnLrwv8uiuh-UWQUAEDQ9vFw26TWdfG1j4bFSgFD_dZMWsHNMijOiRr-Ybw2VkToV8m3nhf0a5eCIlM.PRR0wogZqCTOZV9PsvHtLVXl_QBqO82ImYdg4-FRFwk&dib_tag=se&keywords=budget+laptop&qid=1787916060&sr=8-16
2026-08-28 17:24:34 | INFO | amazon_scrapper | [13:12] Saved D:\Amazon Scrapper\AmazonScrapper\data\products\keyword_13_product_012.html
2026-08-28 17:24:34 | INFO | amazon_scrapper | [13:13] HTTP 200 https://www.amazon.com/HP-14-Laptop-Processor-Storage/dp/B0GRVFY42Q/ref=sr_1_18?dib=eyJ2IjoiMSJ9.D9sI89P2arRjMVglUNcAKjHWKAiVctZkwymNHthKaMzupLXjWAyF6C5OrBSrJO8ayP3muFiYE24z9JOeyPuuCbGpPLrEIFij9_cD1Ja-zrZdwtm1nSChdq5tErVK269mxFhotIWIiQqoisa4-ZxTXgZW-KmGvnLrwv8uiuh-UWQUAEDQ9vFw26TWdfG1j4bFSgFD_dZMWsHNMijOiRr-Ybw2VkToV8m3nhf0a5eCIlM.PRR0wogZqCTOZV9PsvHtLVXl_QBqO82ImYdg4-FRFwk&dib_tag=se&keywords=budget+laptop&qid=1787916060&sr=8-18
2026-08-28 17:24:34 | INFO | amazon_scrapper | [13:13] Saved D:\Amazon Scrapper\AmazonScrapper\data\products\keyword_13_product_013.html
2026-08-28 17:24:35 | INFO | amazon_scrapper | [13:14] HTTP 200 https://www.amazon.com/SAMSUNG-Chromebook-Computer-Lightweight-12-Hour-Battery/dp/B09S3HNMHF/ref=sr_1_19?dib=eyJ2IjoiMSJ9.D9sI89P2arRjMVglUNcAKjHWKAiVctZkwymNHthKaMzupLXjWAyF6C5OrBSrJO8ayP3muFiYE24z9JOeyPuuCbGpPLrEIFij9_cD1Ja-zrZdwtm1nSChdq5tErVK269mxFhotIWIiQqoisa4-ZxTXgZW-KmGvnLrwv8uiuh-UWQUAEDQ9vFw26TWdfG1j4bFSgFD_dZMWsHNMijOiRr-Ybw2VkToV8m3nhf0a5eCIlM.PRR0wogZqCTOZV9PsvHtLVXl_QBqO82ImYdg4-FRFwk&dib_tag=se&keywords=budget+laptop&qid=1787916060&sr=8-19
2026-08-28 17:24:35 | INFO | amazon_scrapper | [13:14] Saved D:\Amazon Scrapper\AmazonScrapper\data\products\keyword_13_product_014.html
2026-08-28 17:24:35 | INFO | amazon_scrapper | [13:16] HTTP 200 https://www.amazon.com/HP-Essential-Laptop-256GB-Win11/dp/B0GN8PWC9M/ref=sr_1_21?dib=eyJ2IjoiMSJ9.D9sI89P2arRjMVglUNcAKjHWKAiVctZkwymNHthKaMzupLXjWAyF6C5OrBSrJO8ayP3muFiYE24z9JOeyPuuCbGpPLrEIFij9_cD1Ja-zrZdwtm1nSChdq5tErVK269mxFhotIWIiQqoisa4-ZxTXgZW-KmGvnLrwv8uiuh-UWQUAEDQ9vFw26TWdfG1j4bFSgFD_dZMWsHNMijOiRr-Ybw2VkToV8m3nhf0a5eCIlM.PRR0wogZqCTOZV9PsvHtLVXl_QBqO82ImYdg4-FRFwk&dib_tag=se&keywords=budget+laptop&qid=1787916060&sr=8-21
2026-08-28 17:24:35 | INFO | amazon_scrapper | [13:16] Saved D:\Amazon Scrapper\AmazonScrapper\data\products\keyword_13_product_016.html
2026-08-28 17:24:36 | INFO | amazon_scrapper | [13:15] HTTP 200 https://www.amazon.com/Lenovo-Newest-Flagship-Chromebook-HubxcelAccesory/dp/B0CBJ46QZX/ref=sr_1_20?dib=eyJ2IjoiMSJ9.D9sI89P2arRjMVglUNcAKjHWKAiVctZkwymNHthKaMzupLXjWAyF6C5OrBSrJO8ayP3muFiYE24z9JOeyPuuCbGpPLrEIFij9_cD1Ja-zrZdwtm1nSChdq5tErVK269mxFhotIWIiQqoisa4-ZxTXgZW-KmGvnLrwv8uiuh-UWQUAEDQ9vFw26TWdfG1j4bFSgFD_dZMWsHNMijOiRr-Ybw2VkToV8m3nhf0a5eCIlM.PRR0wogZqCTOZV9PsvHtLVXl_QBqO82ImYdg4-FRFwk&dib_tag=se&keywords=budget+laptop&qid=1787916060&sr=8-20
2026-08-28 17:24:36 | INFO | amazon_scrapper | [13:15] Saved D:\Amazon Scrapper\AmazonScrapper\data\products\keyword_13_product_015.html
2026-08-28 17:24:36 | INFO | amazon_scrapper | [14:1] HTTP 200 https://www.amazon.com/Bluetooth-Waterproof-Playtime-Portable-Electronic/dp/B0BRKPVZB4/ref=sr_1_3?dib=eyJ2IjoiMSJ9.eENKlT-8dFTcdjHB6_suYGfmPSiBPs6QZnAHwgjGKbtze9RyUgecGYa-oe73cWXBGk2UzdHkT6fhwquI4k-_6OrRGRj8six9nfGh_s6YxJnzOuigA9gbRAvZh0VnL680grmGa9AeOTP2YbEC7vzX_EAf9YSfdkCh9_dTGQU1M6nNSiCxAOUfHAuNnf5vm9_ERzYjZWaC7kuX4BXYwIlq05abFIo9ZRZFtRXjqBQgKg0.Zsy84hEmJCCb3dhOCcUcOHY5DzJ6XbKZd3i1rg1cZC4&dib_tag=se&keywords=bluetooth+speaker&qid=1787916066&sr=8-3
2026-08-28 17:24:36 | INFO | amazon_scrapper | [14:1] Saved D:\Amazon Scrapper\AmazonScrapper\data\products\keyword_14_product_001.html
2026-08-28 17:24:36 | INFO | amazon_scrapper | [14:2] HTTP 200 https://www.amazon.com/CHIFENCHY-Portable-Bluetooth-Powerful-Waterproof/dp/B0CX1FRR27/ref=sr_1_4?dib=eyJ2IjoiMSJ9.eENKlT-8dFTcdjHB6_suYGfmPSiBPs6QZnAHwgjGKbtze9RyUgecGYa-oe73cWXBGk2UzdHkT6fhwquI4k-_6OrRGRj8six9nfGh_s6YxJnzOuigA9gbRAvZh0VnL680grmGa9AeOTP2YbEC7vzX_EAf9YSfdkCh9_dTGQU1M6nNSiCxAOUfHAuNnf5vm9_ERzYjZWaC7kuX4BXYwIlq05abFIo9ZRZFtRXjqBQgKg0.Zsy84hEmJCCb3dhOCcUcOHY5DzJ6XbKZd3i1rg1cZC4&dib_tag=se&keywords=bluetooth+speaker&qid=1787916066&sr=8-4
2026-08-28 17:24:36 | INFO | amazon_scrapper | [14:2] Saved D:\Amazon Scrapper\AmazonScrapper\data\products\keyword_14_product_002.html
2026-08-28 17:24:37 | INFO | amazon_scrapper | [14:4] HTTP 200 https://www.amazon.com/Soundcore-Subwoofer-Waterproof-Floatable-Bluetooth/dp/B0CQ53RVTW/ref=sr_1_6?dib=eyJ2IjoiMSJ9.eENKlT-8dFTcdjHB6_suYGfmPSiBPs6QZnAHwgjGKbtze9RyUgecGYa-oe73cWXBGk2UzdHkT6fhwquI4k-_6OrRGRj8six9nfGh_s6YxJnzOuigA9gbRAvZh0VnL680grmGa9AeOTP2YbEC7vzX_EAf9YSfdkCh9_dTGQU1M6nNSiCxAOUfHAuNnf5vm9_ERzYjZWaC7kuX4BXYwIlq05abFIo9ZRZFtRXjqBQgKg0.Zsy84hEmJCCb3dhOCcUcOHY5DzJ6XbKZd3i1rg1cZC4&dib_tag=se&keywords=bluetooth+speaker&qid=1787916066&sr=8-6
2026-08-28 17:24:37 | INFO | amazon_scrapper | [14:4] Saved D:\Amazon Scrapper\AmazonScrapper\data\products\keyword_14_product_004.html
2026-08-28 17:24:37 | INFO | amazon_scrapper | [14:3] HTTP 200 https://www.amazon.com/Ortizan-Portable-Bluetooth-Waterproof-Wireless/dp/B08FDPW8KR/ref=sr_1_5?dib=eyJ2IjoiMSJ9.eENKlT-8dFTcdjHB6_suYGfmPSiBPs6QZnAHwgjGKbtze9RyUgecGYa-oe73cWXBGk2UzdHkT6fhwquI4k-_6OrRGRj8six9nfGh_s6YxJnzOuigA9gbRAvZh0VnL680grmGa9AeOTP2YbEC7vzX_EAf9YSfdkCh9_dTGQU1M6nNSiCxAOUfHAuNnf5vm9_ERzYjZWaC7kuX4BXYwIlq05abFIo9ZRZFtRXjqBQgKg0.Zsy84hEmJCCb3dhOCcUcOHY5DzJ6XbKZd3i1rg1cZC4&dib_tag=se&keywords=bluetooth+speaker&qid=1787916066&sr=8-5
2026-08-28 17:24:37 | INFO | amazon_scrapper | [14:3] Saved D:\Amazon Scrapper\AmazonScrapper\data\products\keyword_14_product_003.html
2026-08-28 17:24:38 | INFO | amazon_scrapper | [14:5] HTTP 200 https://www.amazon.com/Waterproof-Bluetooth-Portable-Wireless-Playtime/dp/B09MFBNTG3/ref=sr_1_8?dib=eyJ2IjoiMSJ9.eENKlT-8dFTcdjHB6_suYGfmPSiBPs6QZnAHwgjGKbtze9RyUgecGYa-oe73cWXBGk2UzdHkT6fhwquI4k-_6OrRGRj8six9nfGh_s6YxJnzOuigA9gbRAvZh0VnL680grmGa9AeOTP2YbEC7vzX_EAf9YSfdkCh9_dTGQU1M6nNSiCxAOUfHAuNnf5vm9_ERzYjZWaC7kuX4BXYwIlq05abFIo9ZRZFtRXjqBQgKg0.Zsy84hEmJCCb3dhOCcUcOHY5DzJ6XbKZd3i1rg1cZC4&dib_tag=se&keywords=bluetooth+speaker&qid=1787916066&sr=8-8
2026-08-28 17:24:38 | INFO | amazon_scrapper | [14:5] Saved D:\Amazon Scrapper\AmazonScrapper\data\products\keyword_14_product_005.html
2026-08-28 17:24:38 | INFO | amazon_scrapper | [14:6] HTTP 200 https://www.amazon.com/Portable-Bluetooth-Speaker-Waterproof-Gift/dp/B0F998HYS5/ref=sr_1_9?dib=eyJ2IjoiMSJ9.eENKlT-8dFTcdjHB6_suYGfmPSiBPs6QZnAHwgjGKbtze9RyUgecGYa-oe73cWXBGk2UzdHkT6fhwquI4k-_6OrRGRj8six9nfGh_s6YxJnzOuigA9gbRAvZh0VnL680grmGa9AeOTP2YbEC7vzX_EAf9YSfdkCh9_dTGQU1M6nNSiCxAOUfHAuNnf5vm9_ERzYjZWaC7kuX4BXYwIlq05abFIo9ZRZFtRXjqBQgKg0.Zsy84hEmJCCb3dhOCcUcOHY5DzJ6XbKZd3i1rg1cZC4&dib_tag=se&keywords=bluetooth+speaker&qid=1787916066&sr=8-9
2026-08-28 17:24:38 | INFO | amazon_scrapper | [14:6] Saved D:\Amazon Scrapper\AmazonScrapper\data\products\keyword_14_product_006.html
2026-08-28 17:24:38 | INFO | amazon_scrapper | [14:7] HTTP 200 https://www.amazon.com/JBL-Charge-Waterproof-Drop-Proof-Built/dp/B0DN35M7S9/ref=sr_1_10?dib=eyJ2IjoiMSJ9.eENKlT-8dFTcdjHB6_suYGfmPSiBPs6QZnAHwgjGKbtze9RyUgecGYa-oe73cWXBGk2UzdHkT6fhwquI4k-_6OrRGRj8six9nfGh_s6YxJnzOuigA9gbRAvZh0VnL680grmGa9AeOTP2YbEC7vzX_EAf9YSfdkCh9_dTGQU1M6nNSiCxAOUfHAuNnf5vm9_ERzYjZWaC7kuX4BXYwIlq05abFIo9ZRZFtRXjqBQgKg0.Zsy84hEmJCCb3dhOCcUcOHY5DzJ6XbKZd3i1rg1cZC4&dib_tag=se&keywords=bluetooth+speaker&qid=1787916066&sr=8-10
2026-08-28 17:24:38 | INFO | amazon_scrapper | [14:7] Saved D:\Amazon Scrapper\AmazonScrapper\data\products\keyword_14_product_007.html
2026-08-28 17:24:39 | INFO | amazon_scrapper | [14:8] HTTP 200 https://www.amazon.com/CHIFENCHY-Portable-Bluetooth-Powerful-Waterproof/dp/B0D4QMJHR3/ref=sr_1_11?dib=eyJ2IjoiMSJ9.eENKlT-8dFTcdjHB6_suYGfmPSiBPs6QZnAHwgjGKbtze9RyUgecGYa-oe73cWXBGk2UzdHkT6fhwquI4k-_6OrRGRj8six9nfGh_s6YxJnzOuigA9gbRAvZh0VnL680grmGa9AeOTP2YbEC7vzX_EAf9YSfdkCh9_dTGQU1M6nNSiCxAOUfHAuNnf5vm9_ERzYjZWaC7kuX4BXYwIlq05abFIo9ZRZFtRXjqBQgKg0.Zsy84hEmJCCb3dhOCcUcOHY5DzJ6XbKZd3i1rg1cZC4&dib_tag=se&keywords=bluetooth+speaker&qid=1787916066&sr=8-11
2026-08-28 17:24:39 | INFO | amazon_scrapper | [14:8] Saved D:\Amazon Scrapper\AmazonScrapper\data\products\keyword_14_product_008.html
2026-08-28 17:24:40 | INFO | amazon_scrapper | [14:9] HTTP 200 https://www.amazon.com/DOSS-SoundBox-Pro-Bluetooth-Waterproof/dp/B07DMMG7QY/ref=sr_1_13?dib=eyJ2IjoiMSJ9.eENKlT-8dFTcdjHB6_suYGfmPSiBPs6QZnAHwgjGKbtze9RyUgecGYa-oe73cWXBGk2UzdHkT6fhwquI4k-_6OrRGRj8six9nfGh_s6YxJnzOuigA9gbRAvZh0VnL680grmGa9AeOTP2YbEC7vzX_EAf9YSfdkCh9_dTGQU1M6nNSiCxAOUfHAuNnf5vm9_ERzYjZWaC7kuX4BXYwIlq05abFIo9ZRZFtRXjqBQgKg0.Zsy84hEmJCCb3dhOCcUcOHY5DzJ6XbKZd3i1rg1cZC4&dib_tag=se&keywords=bluetooth+speaker&qid=1787916066&sr=8-13
2026-08-28 17:24:40 | INFO | amazon_scrapper | [14:9] Saved D:\Amazon Scrapper\AmazonScrapper\data\products\keyword_14_product_009.html
2026-08-28 17:24:40 | INFO | amazon_scrapper | [14:11] HTTP 200 https://www.amazon.com/Hisense-WeBoom-Bluetooth-Waterproof-Shockproof/dp/B0H7X6X3CR/ref=sr_1_15?dib=eyJ2IjoiMSJ9.eENKlT-8dFTcdjHB6_suYGfmPSiBPs6QZnAHwgjGKbtze9RyUgecGYa-oe73cWXBGk2UzdHkT6fhwquI4k-_6OrRGRj8six9nfGh_s6YxJnzOuigA9gbRAvZh0VnL680grmGa9AeOTP2YbEC7vzX_EAf9YSfdkCh9_dTGQU1M6nNSiCxAOUfHAuNnf5vm9_ERzYjZWaC7kuX4BXYwIlq05abFIo9ZRZFtRXjqBQgKg0.Zsy84hEmJCCb3dhOCcUcOHY5DzJ6XbKZd3i1rg1cZC4&dib_tag=se&keywords=bluetooth+speaker&qid=1787916066&sr=8-15
2026-08-28 17:24:40 | INFO | amazon_scrapper | [14:11] Saved D:\Amazon Scrapper\AmazonScrapper\data\products\keyword_14_product_011.html
2026-08-28 17:24:40 | INFO | amazon_scrapper | [14:10] HTTP 200 https://www.amazon.com/DUDGSIS-Portable-Bluetooth-Waterproof-Beat-Synced/dp/B0G19DC319/ref=sr_1_14?dib=eyJ2IjoiMSJ9.eENKlT-8dFTcdjHB6_suYGfmPSiBPs6QZnAHwgjGKbtze9RyUgecGYa-oe73cWXBGk2UzdHkT6fhwquI4k-_6OrRGRj8six9nfGh_s6YxJnzOuigA9gbRAvZh0VnL680grmGa9AeOTP2YbEC7vzX_EAf9YSfdkCh9_dTGQU1M6nNSiCxAOUfHAuNnf5vm9_ERzYjZWaC7kuX4BXYwIlq05abFIo9ZRZFtRXjqBQgKg0.Zsy84hEmJCCb3dhOCcUcOHY5DzJ6XbKZd3i1rg1cZC4&dib_tag=se&keywords=bluetooth+speaker&qid=1787916066&sr=8-14
2026-08-28 17:24:40 | INFO | amazon_scrapper | [14:10] Saved D:\Amazon Scrapper\AmazonScrapper\data\products\keyword_14_product_010.html
2026-08-28 17:24:40 | INFO | amazon_scrapper | [14:12] HTTP 200 https://www.amazon.com/Monster-Bluetooth-Wireless-Waterproof-PairingBluetooth/dp/B0GYK12BXP/ref=sr_1_16?dib=eyJ2IjoiMSJ9.eENKlT-8dFTcdjHB6_suYGfmPSiBPs6QZnAHwgjGKbtze9RyUgecGYa-oe73cWXBGk2UzdHkT6fhwquI4k-_6OrRGRj8six9nfGh_s6YxJnzOuigA9gbRAvZh0VnL680grmGa9AeOTP2YbEC7vzX_EAf9YSfdkCh9_dTGQU1M6nNSiCxAOUfHAuNnf5vm9_ERzYjZWaC7kuX4BXYwIlq05abFIo9ZRZFtRXjqBQgKg0.Zsy84hEmJCCb3dhOCcUcOHY5DzJ6XbKZd3i1rg1cZC4&dib_tag=se&keywords=bluetooth+speaker&qid=1787916066&sr=8-16
2026-08-28 17:24:40 | INFO | amazon_scrapper | [14:12] Saved D:\Amazon Scrapper\AmazonScrapper\data\products\keyword_14_product_012.html
2026-08-28 17:24:41 | INFO | amazon_scrapper | [14:13] HTTP 200 https://www.amazon.com/Ultimate-Ears-WONDERBOOM-360-Degree-Waterproof/dp/B0BRXJ9WTD/ref=sr_1_18?dib=eyJ2IjoiMSJ9.eENKlT-8dFTcdjHB6_suYGfmPSiBPs6QZnAHwgjGKbtze9RyUgecGYa-oe73cWXBGk2UzdHkT6fhwquI4k-_6OrRGRj8six9nfGh_s6YxJnzOuigA9gbRAvZh0VnL680grmGa9AeOTP2YbEC7vzX_EAf9YSfdkCh9_dTGQU1M6nNSiCxAOUfHAuNnf5vm9_ERzYjZWaC7kuX4BXYwIlq05abFIo9ZRZFtRXjqBQgKg0.Zsy84hEmJCCb3dhOCcUcOHY5DzJ6XbKZd3i1rg1cZC4&dib_tag=se&keywords=bluetooth+speaker&qid=1787916066&sr=8-18
2026-08-28 17:24:41 | INFO | amazon_scrapper | [14:13] Saved D:\Amazon Scrapper\AmazonScrapper\data\products\keyword_14_product_013.html
2026-08-28 17:24:42 | INFO | amazon_scrapper | [14:14] HTTP 200 https://www.amazon.com/Sony-Lightweight-Super-Compact-Extra-Durable-Waterproof/dp/B0C29CL98P/ref=sr_1_19?dib=eyJ2IjoiMSJ9.eENKlT-8dFTcdjHB6_suYGfmPSiBPs6QZnAHwgjGKbtze9RyUgecGYa-oe73cWXBGk2UzdHkT6fhwquI4k-_6OrRGRj8six9nfGh_s6YxJnzOuigA9gbRAvZh0VnL680grmGa9AeOTP2YbEC7vzX_EAf9YSfdkCh9_dTGQU1M6nNSiCxAOUfHAuNnf5vm9_ERzYjZWaC7kuX4BXYwIlq05abFIo9ZRZFtRXjqBQgKg0.Zsy84hEmJCCb3dhOCcUcOHY5DzJ6XbKZd3i1rg1cZC4&dib_tag=se&keywords=bluetooth+speaker&qid=1787916066&sr=8-19
2026-08-28 17:24:42 | INFO | amazon_scrapper | [14:14] Saved D:\Amazon Scrapper\AmazonScrapper\data\products\keyword_14_product_014.html
2026-08-28 17:24:42 | INFO | amazon_scrapper | [14:15] HTTP 200 https://www.amazon.com/JBL-Clip-Ultra-Portable-Waterproof-Integrated/dp/B0CTNMJL8G/ref=sr_1_20?dib=eyJ2IjoiMSJ9.eENKlT-8dFTcdjHB6_suYGfmPSiBPs6QZnAHwgjGKbtze9RyUgecGYa-oe73cWXBGk2UzdHkT6fhwquI4k-_6OrRGRj8six9nfGh_s6YxJnzOuigA9gbRAvZh0VnL680grmGa9AeOTP2YbEC7vzX_EAf9YSfdkCh9_dTGQU1M6nNSiCxAOUfHAuNnf5vm9_ERzYjZWaC7kuX4BXYwIlq05abFIo9ZRZFtRXjqBQgKg0.Zsy84hEmJCCb3dhOCcUcOHY5DzJ6XbKZd3i1rg1cZC4&dib_tag=se&keywords=bluetooth+speaker&qid=1787916066&sr=8-20
2026-08-28 17:24:42 | INFO | amazon_scrapper | [14:15] Saved D:\Amazon Scrapper\AmazonScrapper\data\products\keyword_14_product_015.html
2026-08-28 17:24:42 | INFO | amazon_scrapper | [14:16] HTTP 200 https://www.amazon.com/JBL-Boombox-Waterproof-PartyBoost-eco-Friendly/dp/B09YDS8BHK/ref=sr_1_21?dib=eyJ2IjoiMSJ9.eENKlT-8dFTcdjHB6_suYGfmPSiBPs6QZnAHwgjGKbtze9RyUgecGYa-oe73cWXBGk2UzdHkT6fhwquI4k-_6OrRGRj8six9nfGh_s6YxJnzOuigA9gbRAvZh0VnL680grmGa9AeOTP2YbEC7vzX_EAf9YSfdkCh9_dTGQU1M6nNSiCxAOUfHAuNnf5vm9_ERzYjZWaC7kuX4BXYwIlq05abFIo9ZRZFtRXjqBQgKg0.Zsy84hEmJCCb3dhOCcUcOHY5DzJ6XbKZd3i1rg1cZC4&dib_tag=se&keywords=bluetooth+speaker&qid=1787916066&sr=8-21
2026-08-28 17:24:42 | INFO | amazon_scrapper | [14:16] Saved D:\Amazon Scrapper\AmazonScrapper\data\products\keyword_14_product_016.html
2026-08-28 17:24:43 | INFO | amazon_scrapper | [15:1] HTTP 200 https://www.amazon.com/Astercook-Kitchen-Dishwasher-Sharpener-Stainless/dp/B0C1YBPJ43/ref=sr_1_1?dib=eyJ2IjoiMSJ9.euuOctLt0HQFnsABtiQx32L9j3OypeAPanKhc4SEhyHHeb0i_WFBauEXlmraWKvT2EJl9mY7HwiN46Kz3zBZJTOb3H2HpCbSTSxJH07oejBzibjaWRQ2mn18Jcn_qAa_kSFzeuPj8F3y2Eij22DA69d1lCZPhT7Ds0mSVzrNnvvCI-WRljCsj83vcYFYa9a152zeoeuWI0-MAgLS4VuFsFnd3zWlvJj8n4EFIL-UnZuvID2ALcWZ5ZW7RI_z8DtimKy_oHBIZStSO3BHAzT39snXgH8WfHglAG_ll8_pqCM.NftVHG9vr4dGcYSnhjWuiXCpETuIc6UK6HkPXu9ZmVg&dib_tag=se&keywords=kitchen+knife+set&qid=1787916071&sr=8-1
2026-08-28 17:24:43 | INFO | amazon_scrapper | [15:1] Saved D:\Amazon Scrapper\AmazonScrapper\data\products\keyword_15_product_001.html
2026-08-28 17:24:43 | INFO | amazon_scrapper | [15:2] HTTP 200 https://www.amazon.com/HENCKELS-Razor-Sharp-Engineered-Lightweight-Dishwasher/dp/B00GHX5HGG/ref=sr_1_2?dib=eyJ2IjoiMSJ9.euuOctLt0HQFnsABtiQx32L9j3OypeAPanKhc4SEhyHHeb0i_WFBauEXlmraWKvT2EJl9mY7HwiN46Kz3zBZJTOb3H2HpCbSTSxJH07oejBzibjaWRQ2mn18Jcn_qAa_kSFzeuPj8F3y2Eij22DA69d1lCZPhT7Ds0mSVzrNnvvCI-WRljCsj83vcYFYa9a152zeoeuWI0-MAgLS4VuFsFnd3zWlvJj8n4EFIL-UnZuvID2ALcWZ5ZW7RI_z8DtimKy_oHBIZStSO3BHAzT39snXgH8WfHglAG_ll8_pqCM.NftVHG9vr4dGcYSnhjWuiXCpETuIc6UK6HkPXu9ZmVg&dib_tag=se&keywords=kitchen+knife+set&qid=1787916071&sr=8-2
2026-08-28 17:24:43 | INFO | amazon_scrapper | [15:2] Saved D:\Amazon Scrapper\AmazonScrapper\data\products\keyword_15_product_002.html
2026-08-28 17:24:44 | INFO | amazon_scrapper | [15:3] HTTP 200 https://www.amazon.com/Astercook-6-Piece-Kitchen-Stainless-Dishwasher/dp/B0G8HTRKQG/ref=sr_1_3?dib=eyJ2IjoiMSJ9.euuOctLt0HQFnsABtiQx32L9j3OypeAPanKhc4SEhyHHeb0i_WFBauEXlmraWKvT2EJl9mY7HwiN46Kz3zBZJTOb3H2HpCbSTSxJH07oejBzibjaWRQ2mn18Jcn_qAa_kSFzeuPj8F3y2Eij22DA69d1lCZPhT7Ds0mSVzrNnvvCI-WRljCsj83vcYFYa9a152zeoeuWI0-MAgLS4VuFsFnd3zWlvJj8n4EFIL-UnZuvID2ALcWZ5ZW7RI_z8DtimKy_oHBIZStSO3BHAzT39snXgH8WfHglAG_ll8_pqCM.NftVHG9vr4dGcYSnhjWuiXCpETuIc6UK6HkPXu9ZmVg&dib_tag=se&keywords=kitchen+knife+set&qid=1787916071&sr=8-3
2026-08-28 17:24:44 | INFO | amazon_scrapper | [15:3] Saved D:\Amazon Scrapper\AmazonScrapper\data\products\keyword_15_product_003.html
2026-08-28 17:24:44 | INFO | amazon_scrapper | [15:5] HTTP 200 https://www.amazon.com/Astercook-Knife-Piece-German-Kitchen/dp/B0GTV7FZJT/ref=sr_1_5?dib=eyJ2IjoiMSJ9.euuOctLt0HQFnsABtiQx32L9j3OypeAPanKhc4SEhyHHeb0i_WFBauEXlmraWKvT2EJl9mY7HwiN46Kz3zBZJTOb3H2HpCbSTSxJH07oejBzibjaWRQ2mn18Jcn_qAa_kSFzeuPj8F3y2Eij22DA69d1lCZPhT7Ds0mSVzrNnvvCI-WRljCsj83vcYFYa9a152zeoeuWI0-MAgLS4VuFsFnd3zWlvJj8n4EFIL-UnZuvID2ALcWZ5ZW7RI_z8DtimKy_oHBIZStSO3BHAzT39snXgH8WfHglAG_ll8_pqCM.NftVHG9vr4dGcYSnhjWuiXCpETuIc6UK6HkPXu9ZmVg&dib_tag=se&keywords=kitchen+knife+set&qid=1787916071&sr=8-5
2026-08-28 17:24:44 | INFO | amazon_scrapper | [15:5] Saved D:\Amazon Scrapper\AmazonScrapper\data\products\keyword_15_product_005.html
2026-08-28 17:24:44 | INFO | amazon_scrapper | [15:4] HTTP 200 https://www.amazon.com/Yatoshi-Professional-Kitchen-Stainless-Ergonomic/dp/B0F3KWZQ61/ref=sr_1_4?dib=eyJ2IjoiMSJ9.euuOctLt0HQFnsABtiQx32L9j3OypeAPanKhc4SEhyHHeb0i_WFBauEXlmraWKvT2EJl9mY7HwiN46Kz3zBZJTOb3H2HpCbSTSxJH07oejBzibjaWRQ2mn18Jcn_qAa_kSFzeuPj8F3y2Eij22DA69d1lCZPhT7Ds0mSVzrNnvvCI-WRljCsj83vcYFYa9a152zeoeuWI0-MAgLS4VuFsFnd3zWlvJj8n4EFIL-UnZuvID2ALcWZ5ZW7RI_z8DtimKy_oHBIZStSO3BHAzT39snXgH8WfHglAG_ll8_pqCM.NftVHG9vr4dGcYSnhjWuiXCpETuIc6UK6HkPXu9ZmVg&dib_tag=se&keywords=kitchen+knife+set&qid=1787916071&sr=8-4
2026-08-28 17:24:44 | INFO | amazon_scrapper | [15:4] Saved D:\Amazon Scrapper\AmazonScrapper\data\products\keyword_15_product_004.html
2026-08-28 17:24:45 | INFO | amazon_scrapper | [15:6] HTTP 200 https://www.amazon.com/Brewin-Kitchen-Universal-Dishwasher-Stainless/dp/B0CWRCCFTM/ref=sr_1_6?dib=eyJ2IjoiMSJ9.euuOctLt0HQFnsABtiQx32L9j3OypeAPanKhc4SEhyHHeb0i_WFBauEXlmraWKvT2EJl9mY7HwiN46Kz3zBZJTOb3H2HpCbSTSxJH07oejBzibjaWRQ2mn18Jcn_qAa_kSFzeuPj8F3y2Eij22DA69d1lCZPhT7Ds0mSVzrNnvvCI-WRljCsj83vcYFYa9a152zeoeuWI0-MAgLS4VuFsFnd3zWlvJj8n4EFIL-UnZuvID2ALcWZ5ZW7RI_z8DtimKy_oHBIZStSO3BHAzT39snXgH8WfHglAG_ll8_pqCM.NftVHG9vr4dGcYSnhjWuiXCpETuIc6UK6HkPXu9ZmVg&dib_tag=se&keywords=kitchen+knife+set&qid=1787916071&sr=8-6
2026-08-28 17:24:45 | INFO | amazon_scrapper | [15:6] Saved D:\Amazon Scrapper\AmazonScrapper\data\products\keyword_15_product_006.html
2026-08-28 17:24:45 | INFO | amazon_scrapper | [15:7] HTTP 200 https://www.amazon.com/Cuisinart-C77WTR-15P-Collection-15-Piece-Cutlery/dp/B01ALYD1WI/ref=sr_1_7?dib=eyJ2IjoiMSJ9.euuOctLt0HQFnsABtiQx32L9j3OypeAPanKhc4SEhyHHeb0i_WFBauEXlmraWKvT2EJl9mY7HwiN46Kz3zBZJTOb3H2HpCbSTSxJH07oejBzibjaWRQ2mn18Jcn_qAa_kSFzeuPj8F3y2Eij22DA69d1lCZPhT7Ds0mSVzrNnvvCI-WRljCsj83vcYFYa9a152zeoeuWI0-MAgLS4VuFsFnd3zWlvJj8n4EFIL-UnZuvID2ALcWZ5ZW7RI_z8DtimKy_oHBIZStSO3BHAzT39snXgH8WfHglAG_ll8_pqCM.NftVHG9vr4dGcYSnhjWuiXCpETuIc6UK6HkPXu9ZmVg&dib_tag=se&keywords=kitchen+knife+set&qid=1787916071&sr=8-7
2026-08-28 17:24:45 | INFO | amazon_scrapper | [15:7] Saved D:\Amazon Scrapper\AmazonScrapper\data\products\keyword_15_product_007.html
2026-08-28 17:24:46 | INFO | amazon_scrapper | [15:8] HTTP 200 https://www.amazon.com/Astercook-Stainless-Sharpener-Dishwasher-Anti-Slip/dp/B0DYP3J5BW/ref=sr_1_8?dib=eyJ2IjoiMSJ9.euuOctLt0HQFnsABtiQx32L9j3OypeAPanKhc4SEhyHHeb0i_WFBauEXlmraWKvT2EJl9mY7HwiN46Kz3zBZJTOb3H2HpCbSTSxJH07oejBzibjaWRQ2mn18Jcn_qAa_kSFzeuPj8F3y2Eij22DA69d1lCZPhT7Ds0mSVzrNnvvCI-WRljCsj83vcYFYa9a152zeoeuWI0-MAgLS4VuFsFnd3zWlvJj8n4EFIL-UnZuvID2ALcWZ5ZW7RI_z8DtimKy_oHBIZStSO3BHAzT39snXgH8WfHglAG_ll8_pqCM.NftVHG9vr4dGcYSnhjWuiXCpETuIc6UK6HkPXu9ZmVg&dib_tag=se&keywords=kitchen+knife+set&qid=1787916071&sr=8-8
2026-08-28 17:24:46 | INFO | amazon_scrapper | [15:8] Saved D:\Amazon Scrapper\AmazonScrapper\data\products\keyword_15_product_008.html
2026-08-28 17:24:46 | INFO | amazon_scrapper | [15:10] HTTP 200 https://www.amazon.com/MARTHA-STEWART-Eastwalk-Stainless-Cutlery/dp/B0BNJWWR3S/ref=sr_1_10?dib=eyJ2IjoiMSJ9.euuOctLt0HQFnsABtiQx32L9j3OypeAPanKhc4SEhyHHeb0i_WFBauEXlmraWKvT2EJl9mY7HwiN46Kz3zBZJTOb3H2HpCbSTSxJH07oejBzibjaWRQ2mn18Jcn_qAa_kSFzeuPj8F3y2Eij22DA69d1lCZPhT7Ds0mSVzrNnvvCI-WRljCsj83vcYFYa9a152zeoeuWI0-MAgLS4VuFsFnd3zWlvJj8n4EFIL-UnZuvID2ALcWZ5ZW7RI_z8DtimKy_oHBIZStSO3BHAzT39snXgH8WfHglAG_ll8_pqCM.NftVHG9vr4dGcYSnhjWuiXCpETuIc6UK6HkPXu9ZmVg&dib_tag=se&keywords=kitchen+knife+set&qid=1787916071&sr=8-10
2026-08-28 17:24:46 | INFO | amazon_scrapper | [15:10] Saved D:\Amazon Scrapper\AmazonScrapper\data\products\keyword_15_product_010.html
2026-08-28 17:24:47 | INFO | amazon_scrapper | [15:9] HTTP 200 https://www.amazon.com/Astercook-Sharpener-Stainless-Anti-Rust-Dishwasher/dp/B0G4LV352H/ref=sr_1_9?dib=eyJ2IjoiMSJ9.euuOctLt0HQFnsABtiQx32L9j3OypeAPanKhc4SEhyHHeb0i_WFBauEXlmraWKvT2EJl9mY7HwiN46Kz3zBZJTOb3H2HpCbSTSxJH07oejBzibjaWRQ2mn18Jcn_qAa_kSFzeuPj8F3y2Eij22DA69d1lCZPhT7Ds0mSVzrNnvvCI-WRljCsj83vcYFYa9a152zeoeuWI0-MAgLS4VuFsFnd3zWlvJj8n4EFIL-UnZuvID2ALcWZ5ZW7RI_z8DtimKy_oHBIZStSO3BHAzT39snXgH8WfHglAG_ll8_pqCM.NftVHG9vr4dGcYSnhjWuiXCpETuIc6UK6HkPXu9ZmVg&dib_tag=se&keywords=kitchen+knife+set&qid=1787916071&sr=8-9
2026-08-28 17:24:47 | INFO | amazon_scrapper | [15:9] Saved D:\Amazon Scrapper\AmazonScrapper\data\products\keyword_15_product_009.html
2026-08-28 17:24:47 | INFO | amazon_scrapper | [15:11] HTTP 200 https://www.amazon.com/PAUDIN-Kitchen-Knife-Ultra-Handle/dp/B0H45CW221/ref=sr_1_11?dib=eyJ2IjoiMSJ9.euuOctLt0HQFnsABtiQx32L9j3OypeAPanKhc4SEhyHHeb0i_WFBauEXlmraWKvT2EJl9mY7HwiN46Kz3zBZJTOb3H2HpCbSTSxJH07oejBzibjaWRQ2mn18Jcn_qAa_kSFzeuPj8F3y2Eij22DA69d1lCZPhT7Ds0mSVzrNnvvCI-WRljCsj83vcYFYa9a152zeoeuWI0-MAgLS4VuFsFnd3zWlvJj8n4EFIL-UnZuvID2ALcWZ5ZW7RI_z8DtimKy_oHBIZStSO3BHAzT39snXgH8WfHglAG_ll8_pqCM.NftVHG9vr4dGcYSnhjWuiXCpETuIc6UK6HkPXu9ZmVg&dib_tag=se&keywords=kitchen+knife+set&qid=1787916071&sr=8-11
2026-08-28 17:24:47 | INFO | amazon_scrapper | [15:11] Saved D:\Amazon Scrapper\AmazonScrapper\data\products\keyword_15_product_011.html
2026-08-28 17:24:48 | INFO | amazon_scrapper | [15:12] HTTP 200 https://www.amazon.com/Pieces-Kitchen-Sharpener-Stainless-Dishwasher/dp/B0CRH87MK9/ref=sr_1_12?dib=eyJ2IjoiMSJ9.euuOctLt0HQFnsABtiQx32L9j3OypeAPanKhc4SEhyHHeb0i_WFBauEXlmraWKvT2EJl9mY7HwiN46Kz3zBZJTOb3H2HpCbSTSxJH07oejBzibjaWRQ2mn18Jcn_qAa_kSFzeuPj8F3y2Eij22DA69d1lCZPhT7Ds0mSVzrNnvvCI-WRljCsj83vcYFYa9a152zeoeuWI0-MAgLS4VuFsFnd3zWlvJj8n4EFIL-UnZuvID2ALcWZ5ZW7RI_z8DtimKy_oHBIZStSO3BHAzT39snXgH8WfHglAG_ll8_pqCM.NftVHG9vr4dGcYSnhjWuiXCpETuIc6UK6HkPXu9ZmVg&dib_tag=se&keywords=kitchen+knife+set&qid=1787916071&sr=8-12
2026-08-28 17:24:48 | INFO | amazon_scrapper | [15:12] Saved D:\Amazon Scrapper\AmazonScrapper\data\products\keyword_15_product_012.html
2026-08-28 17:24:48 | INFO | amazon_scrapper | [15:13] HTTP 200 https://www.amazon.com/Cuisinart-C77SS-15PK-15-Piece-Stainless-Hollow/dp/B00GIBKC3K/ref=sr_1_13?dib=eyJ2IjoiMSJ9.euuOctLt0HQFnsABtiQx32L9j3OypeAPanKhc4SEhyHHeb0i_WFBauEXlmraWKvT2EJl9mY7HwiN46Kz3zBZJTOb3H2HpCbSTSxJH07oejBzibjaWRQ2mn18Jcn_qAa_kSFzeuPj8F3y2Eij22DA69d1lCZPhT7Ds0mSVzrNnvvCI-WRljCsj83vcYFYa9a152zeoeuWI0-MAgLS4VuFsFnd3zWlvJj8n4EFIL-UnZuvID2ALcWZ5ZW7RI_z8DtimKy_oHBIZStSO3BHAzT39snXgH8WfHglAG_ll8_pqCM.NftVHG9vr4dGcYSnhjWuiXCpETuIc6UK6HkPXu9ZmVg&dib_tag=se&keywords=kitchen+knife+set&qid=1787916071&sr=8-13
2026-08-28 17:24:48 | INFO | amazon_scrapper | [15:13] Saved D:\Amazon Scrapper\AmazonScrapper\data\products\keyword_15_product_013.html
2026-08-28 17:24:48 | INFO | amazon_scrapper | [15:14] HTTP 200 https://www.amazon.com/Amazon-Basics-Stainless-Construction-Ergonomic/dp/B00R3Z49G6/ref=sr_1_14?dib=eyJ2IjoiMSJ9.euuOctLt0HQFnsABtiQx32L9j3OypeAPanKhc4SEhyHHeb0i_WFBauEXlmraWKvT2EJl9mY7HwiN46Kz3zBZJTOb3H2HpCbSTSxJH07oejBzibjaWRQ2mn18Jcn_qAa_kSFzeuPj8F3y2Eij22DA69d1lCZPhT7Ds0mSVzrNnvvCI-WRljCsj83vcYFYa9a152zeoeuWI0-MAgLS4VuFsFnd3zWlvJj8n4EFIL-UnZuvID2ALcWZ5ZW7RI_z8DtimKy_oHBIZStSO3BHAzT39snXgH8WfHglAG_ll8_pqCM.NftVHG9vr4dGcYSnhjWuiXCpETuIc6UK6HkPXu9ZmVg&dib_tag=se&keywords=kitchen+knife+set&qid=1787916071&sr=8-14
2026-08-28 17:24:48 | INFO | amazon_scrapper | [15:14] Saved D:\Amazon Scrapper\AmazonScrapper\data\products\keyword_15_product_014.html
2026-08-28 17:24:49 | INFO | amazon_scrapper | [15:15] HTTP 200 https://www.amazon.com/Farberware-15-Piece-Stamped-Stainless-Steel/dp/B007RWD11Y/ref=sr_1_15?dib=eyJ2IjoiMSJ9.euuOctLt0HQFnsABtiQx32L9j3OypeAPanKhc4SEhyHHeb0i_WFBauEXlmraWKvT2EJl9mY7HwiN46Kz3zBZJTOb3H2HpCbSTSxJH07oejBzibjaWRQ2mn18Jcn_qAa_kSFzeuPj8F3y2Eij22DA69d1lCZPhT7Ds0mSVzrNnvvCI-WRljCsj83vcYFYa9a152zeoeuWI0-MAgLS4VuFsFnd3zWlvJj8n4EFIL-UnZuvID2ALcWZ5ZW7RI_z8DtimKy_oHBIZStSO3BHAzT39snXgH8WfHglAG_ll8_pqCM.NftVHG9vr4dGcYSnhjWuiXCpETuIc6UK6HkPXu9ZmVg&dib_tag=se&keywords=kitchen+knife+set&qid=1787916071&sr=8-15
2026-08-28 17:24:49 | INFO | amazon_scrapper | [15:15] Saved D:\Amazon Scrapper\AmazonScrapper\data\products\keyword_15_product_015.html
2026-08-28 17:24:49 | INFO | amazon_scrapper | [15:16] HTTP 200 https://www.amazon.com/Henckels-Solution-Razor-Sharp-Engineered-Natural/dp/B08VJLYQ5D/ref=sr_1_16?dib=eyJ2IjoiMSJ9.euuOctLt0HQFnsABtiQx32L9j3OypeAPanKhc4SEhyHHeb0i_WFBauEXlmraWKvT2EJl9mY7HwiN46Kz3zBZJTOb3H2HpCbSTSxJH07oejBzibjaWRQ2mn18Jcn_qAa_kSFzeuPj8F3y2Eij22DA69d1lCZPhT7Ds0mSVzrNnvvCI-WRljCsj83vcYFYa9a152zeoeuWI0-MAgLS4VuFsFnd3zWlvJj8n4EFIL-UnZuvID2ALcWZ5ZW7RI_z8DtimKy_oHBIZStSO3BHAzT39snXgH8WfHglAG_ll8_pqCM.NftVHG9vr4dGcYSnhjWuiXCpETuIc6UK6HkPXu9ZmVg&dib_tag=se&keywords=kitchen+knife+set&qid=1787916071&sr=8-16
2026-08-28 17:24:49 | INFO | amazon_scrapper | [15:16] Saved D:\Amazon Scrapper\AmazonScrapper\data\products\keyword_15_product_016.html
2026-08-28 17:24:50 | INFO | amazon_scrapper | [15:17] HTTP 200 https://www.amazon.com/Henckels-Solution-Razor-Sharp-German-Engineered/dp/B07BN5MZBW/ref=sr_1_17?dib=eyJ2IjoiMSJ9.euuOctLt0HQFnsABtiQx32L9j3OypeAPanKhc4SEhyHHeb0i_WFBauEXlmraWKvT2EJl9mY7HwiN46Kz3zBZJTOb3H2HpCbSTSxJH07oejBzibjaWRQ2mn18Jcn_qAa_kSFzeuPj8F3y2Eij22DA69d1lCZPhT7Ds0mSVzrNnvvCI-WRljCsj83vcYFYa9a152zeoeuWI0-MAgLS4VuFsFnd3zWlvJj8n4EFIL-UnZuvID2ALcWZ5ZW7RI_z8DtimKy_oHBIZStSO3BHAzT39snXgH8WfHglAG_ll8_pqCM.NftVHG9vr4dGcYSnhjWuiXCpETuIc6UK6HkPXu9ZmVg&dib_tag=se&keywords=kitchen+knife+set&qid=1787916071&sr=8-17
2026-08-28 17:24:50 | INFO | amazon_scrapper | [15:17] Saved D:\Amazon Scrapper\AmazonScrapper\data\products\keyword_15_product_017.html
2026-08-28 17:24:50 | INFO | amazon_scrapper | [15:18] HTTP 200 https://www.amazon.com/Astercook-6-Piece-Kitchen-Stainless-Dishwasher/dp/B0G8HSMYJJ/ref=sr_1_18?dib=eyJ2IjoiMSJ9.euuOctLt0HQFnsABtiQx32L9j3OypeAPanKhc4SEhyHHeb0i_WFBauEXlmraWKvT2EJl9mY7HwiN46Kz3zBZJTOb3H2HpCbSTSxJH07oejBzibjaWRQ2mn18Jcn_qAa_kSFzeuPj8F3y2Eij22DA69d1lCZPhT7Ds0mSVzrNnvvCI-WRljCsj83vcYFYa9a152zeoeuWI0-MAgLS4VuFsFnd3zWlvJj8n4EFIL-UnZuvID2ALcWZ5ZW7RI_z8DtimKy_oHBIZStSO3BHAzT39snXgH8WfHglAG_ll8_pqCM.NftVHG9vr4dGcYSnhjWuiXCpETuIc6UK6HkPXu9ZmVg&dib_tag=se&keywords=kitchen+knife+set&qid=1787916071&sr=8-18
2026-08-28 17:24:50 | INFO | amazon_scrapper | [15:18] Saved D:\Amazon Scrapper\AmazonScrapper\data\products\keyword_15_product_018.html
2026-08-28 17:24:51 | INFO | amazon_scrapper | [15:19] HTTP 200 https://www.amazon.com/Astercook-Kitchen-Dishwasher-Sharpener-Stainless/dp/B0BW91HX7D/ref=sr_1_19?dib=eyJ2IjoiMSJ9.euuOctLt0HQFnsABtiQx32L9j3OypeAPanKhc4SEhyHHeb0i_WFBauEXlmraWKvT2EJl9mY7HwiN46Kz3zBZJTOb3H2HpCbSTSxJH07oejBzibjaWRQ2mn18Jcn_qAa_kSFzeuPj8F3y2Eij22DA69d1lCZPhT7Ds0mSVzrNnvvCI-WRljCsj83vcYFYa9a152zeoeuWI0-MAgLS4VuFsFnd3zWlvJj8n4EFIL-UnZuvID2ALcWZ5ZW7RI_z8DtimKy_oHBIZStSO3BHAzT39snXgH8WfHglAG_ll8_pqCM.NftVHG9vr4dGcYSnhjWuiXCpETuIc6UK6HkPXu9ZmVg&dib_tag=se&keywords=kitchen+knife+set&qid=1787916071&sr=8-19
2026-08-28 17:24:51 | INFO | amazon_scrapper | [15:19] Saved D:\Amazon Scrapper\AmazonScrapper\data\products\keyword_15_product_019.html
2026-08-28 17:24:51 | INFO | amazon_scrapper | [15:20] HTTP 200 https://www.amazon.com/Martha-Stewart-Lockton-Stainless-Cutlery/dp/B0DFZG4CR3/ref=sr_1_20?dib=eyJ2IjoiMSJ9.euuOctLt0HQFnsABtiQx32L9j3OypeAPanKhc4SEhyHHeb0i_WFBauEXlmraWKvT2EJl9mY7HwiN46Kz3zBZJTOb3H2HpCbSTSxJH07oejBzibjaWRQ2mn18Jcn_qAa_kSFzeuPj8F3y2Eij22DA69d1lCZPhT7Ds0mSVzrNnvvCI-WRljCsj83vcYFYa9a152zeoeuWI0-MAgLS4VuFsFnd3zWlvJj8n4EFIL-UnZuvID2ALcWZ5ZW7RI_z8DtimKy_oHBIZStSO3BHAzT39snXgH8WfHglAG_ll8_pqCM.NftVHG9vr4dGcYSnhjWuiXCpETuIc6UK6HkPXu9ZmVg&dib_tag=se&keywords=kitchen+knife+set&qid=1787916071&sr=8-20
2026-08-28 17:24:51 | INFO | amazon_scrapper | [15:20] Saved D:\Amazon Scrapper\AmazonScrapper\data\products\keyword_15_product_020.html
2026-08-28 17:24:51 | INFO | amazon_scrapper | [15:21] HTTP 200 https://www.amazon.com/imarku-14-Piece-Japanese-Stainless-Kitchen/dp/B0GQGJ4YF5/ref=sr_1_21?dib=eyJ2IjoiMSJ9.euuOctLt0HQFnsABtiQx32L9j3OypeAPanKhc4SEhyHHeb0i_WFBauEXlmraWKvT2EJl9mY7HwiN46Kz3zBZJTOb3H2HpCbSTSxJH07oejBzibjaWRQ2mn18Jcn_qAa_kSFzeuPj8F3y2Eij22DA69d1lCZPhT7Ds0mSVzrNnvvCI-WRljCsj83vcYFYa9a152zeoeuWI0-MAgLS4VuFsFnd3zWlvJj8n4EFIL-UnZuvID2ALcWZ5ZW7RI_z8DtimKy_oHBIZStSO3BHAzT39snXgH8WfHglAG_ll8_pqCM.NftVHG9vr4dGcYSnhjWuiXCpETuIc6UK6HkPXu9ZmVg&dib_tag=se&keywords=kitchen+knife+set&qid=1787916071&sr=8-21
2026-08-28 17:24:51 | INFO | amazon_scrapper | [15:21] Saved D:\Amazon Scrapper\AmazonScrapper\data\products\keyword_15_product_021.html
2026-08-28 17:24:52 | INFO | amazon_scrapper | [15:22] HTTP 200 https://www.amazon.com/NULAS-Knife-8-Piece-Kitchen-Universal/dp/B0GCJQ4Z51/ref=sr_1_22?dib=eyJ2IjoiMSJ9.euuOctLt0HQFnsABtiQx32L9j3OypeAPanKhc4SEhyHHeb0i_WFBauEXlmraWKvT2EJl9mY7HwiN46Kz3zBZJTOb3H2HpCbSTSxJH07oejBzibjaWRQ2mn18Jcn_qAa_kSFzeuPj8F3y2Eij22DA69d1lCZPhT7Ds0mSVzrNnvvCI-WRljCsj83vcYFYa9a152zeoeuWI0-MAgLS4VuFsFnd3zWlvJj8n4EFIL-UnZuvID2ALcWZ5ZW7RI_z8DtimKy_oHBIZStSO3BHAzT39snXgH8WfHglAG_ll8_pqCM.NftVHG9vr4dGcYSnhjWuiXCpETuIc6UK6HkPXu9ZmVg&dib_tag=se&keywords=kitchen+knife+set&qid=1787916071&sr=8-22
2026-08-28 17:24:52 | INFO | amazon_scrapper | [15:22] Saved D:\Amazon Scrapper\AmazonScrapper\data\products\keyword_15_product_022.html
2026-08-28 17:24:52 | INFO | amazon_scrapper | [15:23] HTTP 200 https://www.amazon.com/Cuisinart-C77CR-10P-Stainless-ColorCoreTM-Guards/dp/B09HCX9BTV/ref=sr_1_23?dib=eyJ2IjoiMSJ9.euuOctLt0HQFnsABtiQx32L9j3OypeAPanKhc4SEhyHHeb0i_WFBauEXlmraWKvT2EJl9mY7HwiN46Kz3zBZJTOb3H2HpCbSTSxJH07oejBzibjaWRQ2mn18Jcn_qAa_kSFzeuPj8F3y2Eij22DA69d1lCZPhT7Ds0mSVzrNnvvCI-WRljCsj83vcYFYa9a152zeoeuWI0-MAgLS4VuFsFnd3zWlvJj8n4EFIL-UnZuvID2ALcWZ5ZW7RI_z8DtimKy_oHBIZStSO3BHAzT39snXgH8WfHglAG_ll8_pqCM.NftVHG9vr4dGcYSnhjWuiXCpETuIc6UK6HkPXu9ZmVg&dib_tag=se&keywords=kitchen+knife+set&qid=1787916071&sr=8-23
2026-08-28 17:24:52 | INFO | amazon_scrapper | [15:23] Saved D:\Amazon Scrapper\AmazonScrapper\data\products\keyword_15_product_023.html
2026-08-28 17:24:52 | INFO | amazon_scrapper | [15:24] HTTP 200 https://www.amazon.com/HOSHANHO-16-Piece-Japanese-Stainless-Sharpener/dp/B0CP5QXC1H/ref=sr_1_24?dib=eyJ2IjoiMSJ9.euuOctLt0HQFnsABtiQx32L9j3OypeAPanKhc4SEhyHHeb0i_WFBauEXlmraWKvT2EJl9mY7HwiN46Kz3zBZJTOb3H2HpCbSTSxJH07oejBzibjaWRQ2mn18Jcn_qAa_kSFzeuPj8F3y2Eij22DA69d1lCZPhT7Ds0mSVzrNnvvCI-WRljCsj83vcYFYa9a152zeoeuWI0-MAgLS4VuFsFnd3zWlvJj8n4EFIL-UnZuvID2ALcWZ5ZW7RI_z8DtimKy_oHBIZStSO3BHAzT39snXgH8WfHglAG_ll8_pqCM.NftVHG9vr4dGcYSnhjWuiXCpETuIc6UK6HkPXu9ZmVg&dib_tag=se&keywords=kitchen+knife+set&qid=1787916071&sr=8-24
2026-08-28 17:24:52 | INFO | amazon_scrapper | [15:24] Saved D:\Amazon Scrapper\AmazonScrapper\data\products\keyword_15_product_024.html
2026-08-28 17:24:53 | INFO | amazon_scrapper | [15:25] HTTP 200 https://www.amazon.com/Cuisinart-Stainless-Essentials-Cutlery-Sharpener/dp/B0DBJSS5LD/ref=sr_1_25?dib=eyJ2IjoiMSJ9.euuOctLt0HQFnsABtiQx32L9j3OypeAPanKhc4SEhyHHeb0i_WFBauEXlmraWKvT2EJl9mY7HwiN46Kz3zBZJTOb3H2HpCbSTSxJH07oejBzibjaWRQ2mn18Jcn_qAa_kSFzeuPj8F3y2Eij22DA69d1lCZPhT7Ds0mSVzrNnvvCI-WRljCsj83vcYFYa9a152zeoeuWI0-MAgLS4VuFsFnd3zWlvJj8n4EFIL-UnZuvID2ALcWZ5ZW7RI_z8DtimKy_oHBIZStSO3BHAzT39snXgH8WfHglAG_ll8_pqCM.NftVHG9vr4dGcYSnhjWuiXCpETuIc6UK6HkPXu9ZmVg&dib_tag=se&keywords=kitchen+knife+set&qid=1787916071&sr=8-25
2026-08-28 17:24:53 | INFO | amazon_scrapper | [15:25] Saved D:\Amazon Scrapper\AmazonScrapper\data\products\keyword_15_product_025.html
2026-08-28 17:24:53 | INFO | amazon_scrapper | [15:26] HTTP 200 https://www.amazon.com/Amorston-Sharpener-Ultra-Sharp-Ergonomic-Dishwasher/dp/B0FM83SLTL/ref=sr_1_26?dib=eyJ2IjoiMSJ9.euuOctLt0HQFnsABtiQx32L9j3OypeAPanKhc4SEhyHHeb0i_WFBauEXlmraWKvT2EJl9mY7HwiN46Kz3zBZJTOb3H2HpCbSTSxJH07oejBzibjaWRQ2mn18Jcn_qAa_kSFzeuPj8F3y2Eij22DA69d1lCZPhT7Ds0mSVzrNnvvCI-WRljCsj83vcYFYa9a152zeoeuWI0-MAgLS4VuFsFnd3zWlvJj8n4EFIL-UnZuvID2ALcWZ5ZW7RI_z8DtimKy_oHBIZStSO3BHAzT39snXgH8WfHglAG_ll8_pqCM.NftVHG9vr4dGcYSnhjWuiXCpETuIc6UK6HkPXu9ZmVg&dib_tag=se&keywords=kitchen+knife+set&qid=1787916071&sr=8-26
2026-08-28 17:24:53 | INFO | amazon_scrapper | [15:26] Saved D:\Amazon Scrapper\AmazonScrapper\data\products\keyword_15_product_026.html
2026-08-28 17:24:54 | INFO | amazon_scrapper | [15:27] HTTP 200 https://www.amazon.com/imarku-Stainless-Precision-Forged-Ultra-Sharp-Dishwasher/dp/B0G5GGC7FP/ref=sr_1_27?dib=eyJ2IjoiMSJ9.euuOctLt0HQFnsABtiQx32L9j3OypeAPanKhc4SEhyHHeb0i_WFBauEXlmraWKvT2EJl9mY7HwiN46Kz3zBZJTOb3H2HpCbSTSxJH07oejBzibjaWRQ2mn18Jcn_qAa_kSFzeuPj8F3y2Eij22DA69d1lCZPhT7Ds0mSVzrNnvvCI-WRljCsj83vcYFYa9a152zeoeuWI0-MAgLS4VuFsFnd3zWlvJj8n4EFIL-UnZuvID2ALcWZ5ZW7RI_z8DtimKy_oHBIZStSO3BHAzT39snXgH8WfHglAG_ll8_pqCM.NftVHG9vr4dGcYSnhjWuiXCpETuIc6UK6HkPXu9ZmVg&dib_tag=se&keywords=kitchen+knife+set&qid=1787916071&sr=8-27
2026-08-28 17:24:54 | INFO | amazon_scrapper | [15:27] Saved D:\Amazon Scrapper\AmazonScrapper\data\products\keyword_15_product_027.html
2026-08-28 17:24:54 | INFO | amazon_scrapper | [15:28] HTTP 200 https://www.amazon.com/imarku-Pieces-Japanese-Carbon-Stainless/dp/B0GK19NTQP/ref=sr_1_28?dib=eyJ2IjoiMSJ9.euuOctLt0HQFnsABtiQx32L9j3OypeAPanKhc4SEhyHHeb0i_WFBauEXlmraWKvT2EJl9mY7HwiN46Kz3zBZJTOb3H2HpCbSTSxJH07oejBzibjaWRQ2mn18Jcn_qAa_kSFzeuPj8F3y2Eij22DA69d1lCZPhT7Ds0mSVzrNnvvCI-WRljCsj83vcYFYa9a152zeoeuWI0-MAgLS4VuFsFnd3zWlvJj8n4EFIL-UnZuvID2ALcWZ5ZW7RI_z8DtimKy_oHBIZStSO3BHAzT39snXgH8WfHglAG_ll8_pqCM.NftVHG9vr4dGcYSnhjWuiXCpETuIc6UK6HkPXu9ZmVg&dib_tag=se&keywords=kitchen+knife+set&qid=1787916071&sr=8-28
2026-08-28 17:24:54 | INFO | amazon_scrapper | [15:28] Saved D:\Amazon Scrapper\AmazonScrapper\data\products\keyword_15_product_028.html
2026-08-28 17:24:55 | INFO | amazon_scrapper | [15:29] HTTP 200 https://www.amazon.com/SYOKAMI-Upgrade-Kitchen-Foldable-Magnetic/dp/B0C9LP36Q5/ref=sr_1_29?dib=eyJ2IjoiMSJ9.euuOctLt0HQFnsABtiQx32L9j3OypeAPanKhc4SEhyHHeb0i_WFBauEXlmraWKvT2EJl9mY7HwiN46Kz3zBZJTOb3H2HpCbSTSxJH07oejBzibjaWRQ2mn18Jcn_qAa_kSFzeuPj8F3y2Eij22DA69d1lCZPhT7Ds0mSVzrNnvvCI-WRljCsj83vcYFYa9a152zeoeuWI0-MAgLS4VuFsFnd3zWlvJj8n4EFIL-UnZuvID2ALcWZ5ZW7RI_z8DtimKy_oHBIZStSO3BHAzT39snXgH8WfHglAG_ll8_pqCM.NftVHG9vr4dGcYSnhjWuiXCpETuIc6UK6HkPXu9ZmVg&dib_tag=se&keywords=kitchen+knife+set&qid=1787916071&sr=8-29
2026-08-28 17:24:55 | INFO | amazon_scrapper | [15:29] Saved D:\Amazon Scrapper\AmazonScrapper\data\products\keyword_15_product_029.html
2026-08-28 17:24:55 | INFO | amazon_scrapper | [15:30] HTTP 200 https://www.amazon.com/Damascus-Kitchen-Sharpener-Stainless-Dishwasher/dp/B0BFQLRHTJ/ref=sr_1_30?dib=eyJ2IjoiMSJ9.euuOctLt0HQFnsABtiQx32L9j3OypeAPanKhc4SEhyHHeb0i_WFBauEXlmraWKvT2EJl9mY7HwiN46Kz3zBZJTOb3H2HpCbSTSxJH07oejBzibjaWRQ2mn18Jcn_qAa_kSFzeuPj8F3y2Eij22DA69d1lCZPhT7Ds0mSVzrNnvvCI-WRljCsj83vcYFYa9a152zeoeuWI0-MAgLS4VuFsFnd3zWlvJj8n4EFIL-UnZuvID2ALcWZ5ZW7RI_z8DtimKy_oHBIZStSO3BHAzT39snXgH8WfHglAG_ll8_pqCM.NftVHG9vr4dGcYSnhjWuiXCpETuIc6UK6HkPXu9ZmVg&dib_tag=se&keywords=kitchen+knife+set&qid=1787916071&sr=8-30
2026-08-28 17:24:55 | INFO | amazon_scrapper | [15:30] Saved D:\Amazon Scrapper\AmazonScrapper\data\products\keyword_15_product_030.html
2026-08-28 17:24:56 | INFO | amazon_scrapper | [15:31] HTTP 200 https://www.amazon.com/HOSHANHO-Butcher-Knife-Set-Kitchen/dp/B0DB4W8FB1/ref=sr_1_31?dib=eyJ2IjoiMSJ9.euuOctLt0HQFnsABtiQx32L9j3OypeAPanKhc4SEhyHHeb0i_WFBauEXlmraWKvT2EJl9mY7HwiN46Kz3zBZJTOb3H2HpCbSTSxJH07oejBzibjaWRQ2mn18Jcn_qAa_kSFzeuPj8F3y2Eij22DA69d1lCZPhT7Ds0mSVzrNnvvCI-WRljCsj83vcYFYa9a152zeoeuWI0-MAgLS4VuFsFnd3zWlvJj8n4EFIL-UnZuvID2ALcWZ5ZW7RI_z8DtimKy_oHBIZStSO3BHAzT39snXgH8WfHglAG_ll8_pqCM.NftVHG9vr4dGcYSnhjWuiXCpETuIc6UK6HkPXu9ZmVg&dib_tag=se&keywords=kitchen+knife+set&qid=1787916071&sr=8-31
2026-08-28 17:24:56 | INFO | amazon_scrapper | [15:31] Saved D:\Amazon Scrapper\AmazonScrapper\data\products\keyword_15_product_031.html
2026-08-28 17:24:56 | INFO | amazon_scrapper | [15:32] HTTP 200 https://www.amazon.com/Ninja-K32017-NeverDull-Sharpener-Stainless/dp/B09B7R3SY7/ref=sr_1_32?dib=eyJ2IjoiMSJ9.euuOctLt0HQFnsABtiQx32L9j3OypeAPanKhc4SEhyHHeb0i_WFBauEXlmraWKvT2EJl9mY7HwiN46Kz3zBZJTOb3H2HpCbSTSxJH07oejBzibjaWRQ2mn18Jcn_qAa_kSFzeuPj8F3y2Eij22DA69d1lCZPhT7Ds0mSVzrNnvvCI-WRljCsj83vcYFYa9a152zeoeuWI0-MAgLS4VuFsFnd3zWlvJj8n4EFIL-UnZuvID2ALcWZ5ZW7RI_z8DtimKy_oHBIZStSO3BHAzT39snXgH8WfHglAG_ll8_pqCM.NftVHG9vr4dGcYSnhjWuiXCpETuIc6UK6HkPXu9ZmVg&dib_tag=se&keywords=kitchen+knife+set&qid=1787916071&sr=8-32
2026-08-28 17:24:56 | INFO | amazon_scrapper | [15:32] Saved D:\Amazon Scrapper\AmazonScrapper\data\products\keyword_15_product_032.html
2026-08-28 17:24:57 | INFO | amazon_scrapper | [15:33] HTTP 200 https://www.amazon.com/imarku-Stainless-Professional-Ergonomic-Pakkawood/dp/B0GK6Q7H3W/ref=sr_1_33?dib=eyJ2IjoiMSJ9.euuOctLt0HQFnsABtiQx32L9j3OypeAPanKhc4SEhyHHeb0i_WFBauEXlmraWKvT2EJl9mY7HwiN46Kz3zBZJTOb3H2HpCbSTSxJH07oejBzibjaWRQ2mn18Jcn_qAa_kSFzeuPj8F3y2Eij22DA69d1lCZPhT7Ds0mSVzrNnvvCI-WRljCsj83vcYFYa9a152zeoeuWI0-MAgLS4VuFsFnd3zWlvJj8n4EFIL-UnZuvID2ALcWZ5ZW7RI_z8DtimKy_oHBIZStSO3BHAzT39snXgH8WfHglAG_ll8_pqCM.NftVHG9vr4dGcYSnhjWuiXCpETuIc6UK6HkPXu9ZmVg&dib_tag=se&keywords=kitchen+knife+set&qid=1787916071&sr=8-33
2026-08-28 17:24:57 | INFO | amazon_scrapper | [15:33] Saved D:\Amazon Scrapper\AmazonScrapper\data\products\keyword_15_product_033.html
2026-08-28 17:24:57 | INFO | amazon_scrapper | [15:34] HTTP 200 https://www.amazon.com/Pieces-Kitchen-Knife-Block-Sharpener/dp/B09Q5KPFXM/ref=sr_1_34?dib=eyJ2IjoiMSJ9.euuOctLt0HQFnsABtiQx32L9j3OypeAPanKhc4SEhyHHeb0i_WFBauEXlmraWKvT2EJl9mY7HwiN46Kz3zBZJTOb3H2HpCbSTSxJH07oejBzibjaWRQ2mn18Jcn_qAa_kSFzeuPj8F3y2Eij22DA69d1lCZPhT7Ds0mSVzrNnvvCI-WRljCsj83vcYFYa9a152zeoeuWI0-MAgLS4VuFsFnd3zWlvJj8n4EFIL-UnZuvID2ALcWZ5ZW7RI_z8DtimKy_oHBIZStSO3BHAzT39snXgH8WfHglAG_ll8_pqCM.NftVHG9vr4dGcYSnhjWuiXCpETuIc6UK6HkPXu9ZmVg&dib_tag=se&keywords=kitchen+knife+set&qid=1787916071&sr=8-34
2026-08-28 17:24:57 | INFO | amazon_scrapper | [15:34] Saved D:\Amazon Scrapper\AmazonScrapper\data\products\keyword_15_product_034.html
2026-08-28 17:24:57 | INFO | amazon_scrapper | [15:35] HTTP 200 https://www.amazon.com/Amazon-Basics-Color-Coded-Dishwasher-Multicolor/dp/B01B3GARVG/ref=sr_1_35?dib=eyJ2IjoiMSJ9.euuOctLt0HQFnsABtiQx32L9j3OypeAPanKhc4SEhyHHeb0i_WFBauEXlmraWKvT2EJl9mY7HwiN46Kz3zBZJTOb3H2HpCbSTSxJH07oejBzibjaWRQ2mn18Jcn_qAa_kSFzeuPj8F3y2Eij22DA69d1lCZPhT7Ds0mSVzrNnvvCI-WRljCsj83vcYFYa9a152zeoeuWI0-MAgLS4VuFsFnd3zWlvJj8n4EFIL-UnZuvID2ALcWZ5ZW7RI_z8DtimKy_oHBIZStSO3BHAzT39snXgH8WfHglAG_ll8_pqCM.NftVHG9vr4dGcYSnhjWuiXCpETuIc6UK6HkPXu9ZmVg&dib_tag=se&keywords=kitchen+knife+set&qid=1787916071&sr=8-35
2026-08-28 17:24:57 | INFO | amazon_scrapper | [15:35] Saved D:\Amazon Scrapper\AmazonScrapper\data\products\keyword_15_product_035.html
2026-08-28 17:24:58 | INFO | amazon_scrapper | [15:36] HTTP 200 https://www.amazon.com/Ninja-K32012-NeverDull-Premium-Stainless/dp/B09B7WRM8P/ref=sr_1_36?dib=eyJ2IjoiMSJ9.euuOctLt0HQFnsABtiQx32L9j3OypeAPanKhc4SEhyHHeb0i_WFBauEXlmraWKvT2EJl9mY7HwiN46Kz3zBZJTOb3H2HpCbSTSxJH07oejBzibjaWRQ2mn18Jcn_qAa_kSFzeuPj8F3y2Eij22DA69d1lCZPhT7Ds0mSVzrNnvvCI-WRljCsj83vcYFYa9a152zeoeuWI0-MAgLS4VuFsFnd3zWlvJj8n4EFIL-UnZuvID2ALcWZ5ZW7RI_z8DtimKy_oHBIZStSO3BHAzT39snXgH8WfHglAG_ll8_pqCM.NftVHG9vr4dGcYSnhjWuiXCpETuIc6UK6HkPXu9ZmVg&dib_tag=se&keywords=kitchen+knife+set&qid=1787916071&sr=8-36
2026-08-28 17:24:58 | INFO | amazon_scrapper | [15:36] Saved D:\Amazon Scrapper\AmazonScrapper\data\products\keyword_15_product_036.html
2026-08-28 17:24:58 | INFO | amazon_scrapper | [15:38] HTTP 200 https://www.amazon.com/Amorston-Engraved-Stainless-Professional-Sharpener/dp/B0GC9RJQT1/ref=sr_1_38?dib=eyJ2IjoiMSJ9.euuOctLt0HQFnsABtiQx32L9j3OypeAPanKhc4SEhyHHeb0i_WFBauEXlmraWKvT2EJl9mY7HwiN46Kz3zBZJTOb3H2HpCbSTSxJH07oejBzibjaWRQ2mn18Jcn_qAa_kSFzeuPj8F3y2Eij22DA69d1lCZPhT7Ds0mSVzrNnvvCI-WRljCsj83vcYFYa9a152zeoeuWI0-MAgLS4VuFsFnd3zWlvJj8n4EFIL-UnZuvID2ALcWZ5ZW7RI_z8DtimKy_oHBIZStSO3BHAzT39snXgH8WfHglAG_ll8_pqCM.NftVHG9vr4dGcYSnhjWuiXCpETuIc6UK6HkPXu9ZmVg&dib_tag=se&keywords=kitchen+knife+set&qid=1787916071&sr=8-38
2026-08-28 17:24:58 | INFO | amazon_scrapper | [15:38] Saved D:\Amazon Scrapper\AmazonScrapper\data\products\keyword_15_product_038.html
2026-08-28 17:24:59 | INFO | amazon_scrapper | [15:37] HTTP 200 https://www.amazon.com/HENKELIVING-14-Piece-Sharpener-Stainless-Ergonomic/dp/B0FXX4Q21N/ref=sr_1_37?dib=eyJ2IjoiMSJ9.euuOctLt0HQFnsABtiQx32L9j3OypeAPanKhc4SEhyHHeb0i_WFBauEXlmraWKvT2EJl9mY7HwiN46Kz3zBZJTOb3H2HpCbSTSxJH07oejBzibjaWRQ2mn18Jcn_qAa_kSFzeuPj8F3y2Eij22DA69d1lCZPhT7Ds0mSVzrNnvvCI-WRljCsj83vcYFYa9a152zeoeuWI0-MAgLS4VuFsFnd3zWlvJj8n4EFIL-UnZuvID2ALcWZ5ZW7RI_z8DtimKy_oHBIZStSO3BHAzT39snXgH8WfHglAG_ll8_pqCM.NftVHG9vr4dGcYSnhjWuiXCpETuIc6UK6HkPXu9ZmVg&dib_tag=se&keywords=kitchen+knife+set&qid=1787916071&sr=8-37
2026-08-28 17:24:59 | INFO | amazon_scrapper | [15:37] Saved D:\Amazon Scrapper\AmazonScrapper\data\products\keyword_15_product_037.html
2026-08-28 17:24:59 | INFO | amazon_scrapper | [15:39] HTTP 200 https://www.amazon.com/Dockorio-Kitchen-Stainless-Serrated-Sharpener/dp/B09BQSYYHC/ref=sr_1_39?dib=eyJ2IjoiMSJ9.euuOctLt0HQFnsABtiQx32L9j3OypeAPanKhc4SEhyHHeb0i_WFBauEXlmraWKvT2EJl9mY7HwiN46Kz3zBZJTOb3H2HpCbSTSxJH07oejBzibjaWRQ2mn18Jcn_qAa_kSFzeuPj8F3y2Eij22DA69d1lCZPhT7Ds0mSVzrNnvvCI-WRljCsj83vcYFYa9a152zeoeuWI0-MAgLS4VuFsFnd3zWlvJj8n4EFIL-UnZuvID2ALcWZ5ZW7RI_z8DtimKy_oHBIZStSO3BHAzT39snXgH8WfHglAG_ll8_pqCM.NftVHG9vr4dGcYSnhjWuiXCpETuIc6UK6HkPXu9ZmVg&dib_tag=se&keywords=kitchen+knife+set&qid=1787916071&sr=8-39
2026-08-28 17:24:59 | INFO | amazon_scrapper | [15:39] Saved D:\Amazon Scrapper\AmazonScrapper\data\products\keyword_15_product_039.html
2026-08-28 17:24:59 | INFO | amazon_scrapper | [15:40] HTTP 200 https://www.amazon.com/Ninja-NeverDull%C2%AE-11-Piece-Sharpening-WK62011GN6/dp/B0HC7CLS4G/ref=sr_1_40?dib=eyJ2IjoiMSJ9.euuOctLt0HQFnsABtiQx32L9j3OypeAPanKhc4SEhyHHeb0i_WFBauEXlmraWKvT2EJl9mY7HwiN46Kz3zBZJTOb3H2HpCbSTSxJH07oejBzibjaWRQ2mn18Jcn_qAa_kSFzeuPj8F3y2Eij22DA69d1lCZPhT7Ds0mSVzrNnvvCI-WRljCsj83vcYFYa9a152zeoeuWI0-MAgLS4VuFsFnd3zWlvJj8n4EFIL-UnZuvID2ALcWZ5ZW7RI_z8DtimKy_oHBIZStSO3BHAzT39snXgH8WfHglAG_ll8_pqCM.NftVHG9vr4dGcYSnhjWuiXCpETuIc6UK6HkPXu9ZmVg&dib_tag=se&keywords=kitchen+knife+set&qid=1787916071&sr=8-40
2026-08-28 17:24:59 | INFO | amazon_scrapper | [15:40] Saved D:\Amazon Scrapper\AmazonScrapper\data\products\keyword_15_product_040.html
2026-08-28 17:25:00 | INFO | amazon_scrapper | [15:41] HTTP 200 https://www.amazon.com/Amorston-Kitchen-Dishwasher-Sharpener-Stainless/dp/B0CFXNZ26Z/ref=sr_1_41?dib=eyJ2IjoiMSJ9.euuOctLt0HQFnsABtiQx32L9j3OypeAPanKhc4SEhyHHeb0i_WFBauEXlmraWKvT2EJl9mY7HwiN46Kz3zBZJTOb3H2HpCbSTSxJH07oejBzibjaWRQ2mn18Jcn_qAa_kSFzeuPj8F3y2Eij22DA69d1lCZPhT7Ds0mSVzrNnvvCI-WRljCsj83vcYFYa9a152zeoeuWI0-MAgLS4VuFsFnd3zWlvJj8n4EFIL-UnZuvID2ALcWZ5ZW7RI_z8DtimKy_oHBIZStSO3BHAzT39snXgH8WfHglAG_ll8_pqCM.NftVHG9vr4dGcYSnhjWuiXCpETuIc6UK6HkPXu9ZmVg&dib_tag=se&keywords=kitchen+knife+set&qid=1787916071&sr=8-41
2026-08-28 17:25:00 | INFO | amazon_scrapper | [15:41] Saved D:\Amazon Scrapper\AmazonScrapper\data\products\keyword_15_product_041.html
2026-08-28 17:25:00 | INFO | amazon_scrapper | [15:43] HTTP 200 https://www.amazon.com/Ninja%C2%AE-NeverDull%C2%AE-10-Pc-German-NK32010SD1/dp/B0H2NBJ2RN/ref=sr_1_43?dib=eyJ2IjoiMSJ9.euuOctLt0HQFnsABtiQx32L9j3OypeAPanKhc4SEhyHHeb0i_WFBauEXlmraWKvT2EJl9mY7HwiN46Kz3zBZJTOb3H2HpCbSTSxJH07oejBzibjaWRQ2mn18Jcn_qAa_kSFzeuPj8F3y2Eij22DA69d1lCZPhT7Ds0mSVzrNnvvCI-WRljCsj83vcYFYa9a152zeoeuWI0-MAgLS4VuFsFnd3zWlvJj8n4EFIL-UnZuvID2ALcWZ5ZW7RI_z8DtimKy_oHBIZStSO3BHAzT39snXgH8WfHglAG_ll8_pqCM.NftVHG9vr4dGcYSnhjWuiXCpETuIc6UK6HkPXu9ZmVg&dib_tag=se&keywords=kitchen+knife+set&qid=1787916071&sr=8-43
2026-08-28 17:25:00 | INFO | amazon_scrapper | [15:43] Saved D:\Amazon Scrapper\AmazonScrapper\data\products\keyword_15_product_043.html
2026-08-28 17:25:01 | INFO | amazon_scrapper | [15:42] HTTP 200 https://www.amazon.com/Astercook-Kitchen-Anti-Rust-Dishwasher-Stainless/dp/B0D9B96TBX/ref=sr_1_42?dib=eyJ2IjoiMSJ9.euuOctLt0HQFnsABtiQx32L9j3OypeAPanKhc4SEhyHHeb0i_WFBauEXlmraWKvT2EJl9mY7HwiN46Kz3zBZJTOb3H2HpCbSTSxJH07oejBzibjaWRQ2mn18Jcn_qAa_kSFzeuPj8F3y2Eij22DA69d1lCZPhT7Ds0mSVzrNnvvCI-WRljCsj83vcYFYa9a152zeoeuWI0-MAgLS4VuFsFnd3zWlvJj8n4EFIL-UnZuvID2ALcWZ5ZW7RI_z8DtimKy_oHBIZStSO3BHAzT39snXgH8WfHglAG_ll8_pqCM.NftVHG9vr4dGcYSnhjWuiXCpETuIc6UK6HkPXu9ZmVg&dib_tag=se&keywords=kitchen+knife+set&qid=1787916071&sr=8-42
2026-08-28 17:25:01 | INFO | amazon_scrapper | [15:42] Saved D:\Amazon Scrapper\AmazonScrapper\data\products\keyword_15_product_042.html
2026-08-28 17:25:01 | INFO | amazon_scrapper | [15:44] HTTP 200 https://www.amazon.com/HENCKELS-Statement-13-pc-Self-Sharpening-Knife/dp/B0FDR5YWM6/ref=sr_1_44?dib=eyJ2IjoiMSJ9.euuOctLt0HQFnsABtiQx32L9j3OypeAPanKhc4SEhyHHeb0i_WFBauEXlmraWKvT2EJl9mY7HwiN46Kz3zBZJTOb3H2HpCbSTSxJH07oejBzibjaWRQ2mn18Jcn_qAa_kSFzeuPj8F3y2Eij22DA69d1lCZPhT7Ds0mSVzrNnvvCI-WRljCsj83vcYFYa9a152zeoeuWI0-MAgLS4VuFsFnd3zWlvJj8n4EFIL-UnZuvID2ALcWZ5ZW7RI_z8DtimKy_oHBIZStSO3BHAzT39snXgH8WfHglAG_ll8_pqCM.NftVHG9vr4dGcYSnhjWuiXCpETuIc6UK6HkPXu9ZmVg&dib_tag=se&keywords=kitchen+knife+set&qid=1787916071&sr=8-44
2026-08-28 17:25:01 | INFO | amazon_scrapper | [15:44] Saved D:\Amazon Scrapper\AmazonScrapper\data\products\keyword_15_product_044.html
2026-08-28 17:25:02 | INFO | amazon_scrapper | [15:46] HTTP 200 https://www.amazon.com/KnifeSaga-Set-14-Stainless-Sharpener/dp/B0CSYKLLJ5/ref=sr_1_46?dib=eyJ2IjoiMSJ9.euuOctLt0HQFnsABtiQx32L9j3OypeAPanKhc4SEhyHHeb0i_WFBauEXlmraWKvT2EJl9mY7HwiN46Kz3zBZJTOb3H2HpCbSTSxJH07oejBzibjaWRQ2mn18Jcn_qAa_kSFzeuPj8F3y2Eij22DA69d1lCZPhT7Ds0mSVzrNnvvCI-WRljCsj83vcYFYa9a152zeoeuWI0-MAgLS4VuFsFnd3zWlvJj8n4EFIL-UnZuvID2ALcWZ5ZW7RI_z8DtimKy_oHBIZStSO3BHAzT39snXgH8WfHglAG_ll8_pqCM.NftVHG9vr4dGcYSnhjWuiXCpETuIc6UK6HkPXu9ZmVg&dib_tag=se&keywords=kitchen+knife+set&qid=1787916071&sr=8-46
2026-08-28 17:25:02 | INFO | amazon_scrapper | [15:46] Saved D:\Amazon Scrapper\AmazonScrapper\data\products\keyword_15_product_046.html
2026-08-28 17:25:02 | INFO | amazon_scrapper | [15:45] HTTP 200 https://www.amazon.com/Astercook-Sharpener-Stainless-Dishwasher-Anti-slip/dp/B0FJ1M2J1S/ref=sr_1_45?dib=eyJ2IjoiMSJ9.euuOctLt0HQFnsABtiQx32L9j3OypeAPanKhc4SEhyHHeb0i_WFBauEXlmraWKvT2EJl9mY7HwiN46Kz3zBZJTOb3H2HpCbSTSxJH07oejBzibjaWRQ2mn18Jcn_qAa_kSFzeuPj8F3y2Eij22DA69d1lCZPhT7Ds0mSVzrNnvvCI-WRljCsj83vcYFYa9a152zeoeuWI0-MAgLS4VuFsFnd3zWlvJj8n4EFIL-UnZuvID2ALcWZ5ZW7RI_z8DtimKy_oHBIZStSO3BHAzT39snXgH8WfHglAG_ll8_pqCM.NftVHG9vr4dGcYSnhjWuiXCpETuIc6UK6HkPXu9ZmVg&dib_tag=se&keywords=kitchen+knife+set&qid=1787916071&sr=8-45
2026-08-28 17:25:02 | INFO | amazon_scrapper | [15:45] Saved D:\Amazon Scrapper\AmazonScrapper\data\products\keyword_15_product_045.html
2026-08-28 17:25:02 | INFO | amazon_scrapper | [15:47] HTTP 200 https://www.amazon.com/Ninja-K32014-NeverDull-Premium-Stainless/dp/B09BGSY58L/ref=sr_1_47?dib=eyJ2IjoiMSJ9.euuOctLt0HQFnsABtiQx32L9j3OypeAPanKhc4SEhyHHeb0i_WFBauEXlmraWKvT2EJl9mY7HwiN46Kz3zBZJTOb3H2HpCbSTSxJH07oejBzibjaWRQ2mn18Jcn_qAa_kSFzeuPj8F3y2Eij22DA69d1lCZPhT7Ds0mSVzrNnvvCI-WRljCsj83vcYFYa9a152zeoeuWI0-MAgLS4VuFsFnd3zWlvJj8n4EFIL-UnZuvID2ALcWZ5ZW7RI_z8DtimKy_oHBIZStSO3BHAzT39snXgH8WfHglAG_ll8_pqCM.NftVHG9vr4dGcYSnhjWuiXCpETuIc6UK6HkPXu9ZmVg&dib_tag=se&keywords=kitchen+knife+set&qid=1787916071&sr=8-47
2026-08-28 17:25:02 | INFO | amazon_scrapper | [15:47] Saved D:\Amazon Scrapper\AmazonScrapper\data\products\keyword_15_product_047.html
2026-08-28 17:25:03 | INFO | amazon_scrapper | [15:48] HTTP 200 https://www.amazon.com/KnifeSaga-Japanese-Stainless-Enduring-Sharpener/dp/B0G4M9K8CY/ref=sr_1_48?dib=eyJ2IjoiMSJ9.euuOctLt0HQFnsABtiQx32L9j3OypeAPanKhc4SEhyHHeb0i_WFBauEXlmraWKvT2EJl9mY7HwiN46Kz3zBZJTOb3H2HpCbSTSxJH07oejBzibjaWRQ2mn18Jcn_qAa_kSFzeuPj8F3y2Eij22DA69d1lCZPhT7Ds0mSVzrNnvvCI-WRljCsj83vcYFYa9a152zeoeuWI0-MAgLS4VuFsFnd3zWlvJj8n4EFIL-UnZuvID2ALcWZ5ZW7RI_z8DtimKy_oHBIZStSO3BHAzT39snXgH8WfHglAG_ll8_pqCM.NftVHG9vr4dGcYSnhjWuiXCpETuIc6UK6HkPXu9ZmVg&dib_tag=se&keywords=kitchen+knife+set&qid=1787916071&sr=8-48
2026-08-28 17:25:03 | INFO | amazon_scrapper | [15:48] Saved D:\Amazon Scrapper\AmazonScrapper\data\products\keyword_15_product_048.html
2026-08-28 17:25:03 | INFO | amazon_scrapper | [16:1] HTTP 200 https://www.amazon.com/Canon-Rebel-T7-18-55mm-II/dp/B07C2Z21X5/ref=sr_1_2?dib=eyJ2IjoiMSJ9.HHVczMaz0xYLgTghpU7CKd8_5VeIYzygd7SYXj-0loihFAh9YQXu7gClXlKMl0I6FlqxU4PNvfqsuILkiom_GJy0O6HclgAPlzo7kRNz7VYQZPkgkZPp-bZkX9LJ1B3QLs58ft10KByGJSpby_Pw9dCxRukq9kiFE3qDY-R2zJMATzh-WTp7LPgC68okwY7WTzQnBMITtB-ZNeA1PepNMqexLK1JwFTqQpCbcswLYIo.w9vazmxpx7yMeJXfSADk5YsG6MJJh4froo4IalqaRRM&dib_tag=se&keywords=DSLR+camera&qid=1787916077&sr=8-2
2026-08-28 17:25:03 | INFO | amazon_scrapper | [16:1] Saved D:\Amazon Scrapper\AmazonScrapper\data\products\keyword_16_product_001.html
2026-08-28 17:25:04 | INFO | amazon_scrapper | [16:3] HTTP 200 https://www.amazon.com/Canon-Rebel-DSLR-Camera-Bundle/dp/B07PCSKGP7/ref=sr_1_4?dib=eyJ2IjoiMSJ9.HHVczMaz0xYLgTghpU7CKd8_5VeIYzygd7SYXj-0loihFAh9YQXu7gClXlKMl0I6FlqxU4PNvfqsuILkiom_GJy0O6HclgAPlzo7kRNz7VYQZPkgkZPp-bZkX9LJ1B3QLs58ft10KByGJSpby_Pw9dCxRukq9kiFE3qDY-R2zJMATzh-WTp7LPgC68okwY7WTzQnBMITtB-ZNeA1PepNMqexLK1JwFTqQpCbcswLYIo.w9vazmxpx7yMeJXfSADk5YsG6MJJh4froo4IalqaRRM&dib_tag=se&keywords=DSLR+camera&qid=1787916077&sr=8-4
2026-08-28 17:25:04 | INFO | amazon_scrapper | [16:3] Saved D:\Amazon Scrapper\AmazonScrapper\data\products\keyword_16_product_003.html
2026-08-28 17:25:04 | INFO | amazon_scrapper | [16:2] HTTP 200 https://www.amazon.com/Rebel-EF18-55mm-75-300mm-Double-Zoom/dp/B0101RW3QK/ref=sr_1_3?dib=eyJ2IjoiMSJ9.HHVczMaz0xYLgTghpU7CKd8_5VeIYzygd7SYXj-0loihFAh9YQXu7gClXlKMl0I6FlqxU4PNvfqsuILkiom_GJy0O6HclgAPlzo7kRNz7VYQZPkgkZPp-bZkX9LJ1B3QLs58ft10KByGJSpby_Pw9dCxRukq9kiFE3qDY-R2zJMATzh-WTp7LPgC68okwY7WTzQnBMITtB-ZNeA1PepNMqexLK1JwFTqQpCbcswLYIo.w9vazmxpx7yMeJXfSADk5YsG6MJJh4froo4IalqaRRM&dib_tag=se&keywords=DSLR+camera&qid=1787916077&sr=8-3
2026-08-28 17:25:04 | INFO | amazon_scrapper | [16:2] Saved D:\Amazon Scrapper\AmazonScrapper\data\products\keyword_16_product_002.html
2026-08-28 17:25:04 | INFO | amazon_scrapper | [16:4] HTTP 200 https://www.amazon.com/Nikon-20-9MP-Camera-18-140mm-3-5-5-6G/dp/B06Y5RTN1T/ref=sr_1_5?dib=eyJ2IjoiMSJ9.HHVczMaz0xYLgTghpU7CKd8_5VeIYzygd7SYXj-0loihFAh9YQXu7gClXlKMl0I6FlqxU4PNvfqsuILkiom_GJy0O6HclgAPlzo7kRNz7VYQZPkgkZPp-bZkX9LJ1B3QLs58ft10KByGJSpby_Pw9dCxRukq9kiFE3qDY-R2zJMATzh-WTp7LPgC68okwY7WTzQnBMITtB-ZNeA1PepNMqexLK1JwFTqQpCbcswLYIo.w9vazmxpx7yMeJXfSADk5YsG6MJJh4froo4IalqaRRM&dib_tag=se&keywords=DSLR+camera&qid=1787916077&sr=8-5
2026-08-28 17:25:04 | INFO | amazon_scrapper | [16:4] Saved D:\Amazon Scrapper\AmazonScrapper\data\products\keyword_16_product_004.html
2026-08-28 17:25:05 | INFO | amazon_scrapper | [16:5] HTTP 200 https://www.amazon.com/Canon-RF-S18-45mm-Mirrorless-Continuous-Lightweight/dp/B0C5PGRP7V/ref=sr_1_6?dib=eyJ2IjoiMSJ9.HHVczMaz0xYLgTghpU7CKd8_5VeIYzygd7SYXj-0loihFAh9YQXu7gClXlKMl0I6FlqxU4PNvfqsuILkiom_GJy0O6HclgAPlzo7kRNz7VYQZPkgkZPp-bZkX9LJ1B3QLs58ft10KByGJSpby_Pw9dCxRukq9kiFE3qDY-R2zJMATzh-WTp7LPgC68okwY7WTzQnBMITtB-ZNeA1PepNMqexLK1JwFTqQpCbcswLYIo.w9vazmxpx7yMeJXfSADk5YsG6MJJh4froo4IalqaRRM&dib_tag=se&keywords=DSLR+camera&qid=1787916077&sr=8-6
2026-08-28 17:25:05 | INFO | amazon_scrapper | [16:5] Saved D:\Amazon Scrapper\AmazonScrapper\data\products\keyword_16_product_005.html
2026-08-28 17:25:05 | INFO | amazon_scrapper | [16:6] HTTP 200 https://www.amazon.com/KODAK-AZ528-BK-Digital-Shooting-Connectivity/dp/B0B9BLHWB8/ref=sr_1_8?dib=eyJ2IjoiMSJ9.HHVczMaz0xYLgTghpU7CKd8_5VeIYzygd7SYXj-0loihFAh9YQXu7gClXlKMl0I6FlqxU4PNvfqsuILkiom_GJy0O6HclgAPlzo7kRNz7VYQZPkgkZPp-bZkX9LJ1B3QLs58ft10KByGJSpby_Pw9dCxRukq9kiFE3qDY-R2zJMATzh-WTp7LPgC68okwY7WTzQnBMITtB-ZNeA1PepNMqexLK1JwFTqQpCbcswLYIo.w9vazmxpx7yMeJXfSADk5YsG6MJJh4froo4IalqaRRM&dib_tag=se&keywords=DSLR+camera&qid=1787916077&sr=8-8
2026-08-28 17:25:05 | INFO | amazon_scrapper | [16:6] Saved D:\Amazon Scrapper\AmazonScrapper\data\products\keyword_16_product_006.html
2026-08-28 17:25:06 | INFO | amazon_scrapper | [16:8] HTTP 200 https://www.amazon.com/Digital-Cameras-Photography-Autofocus-Vlogging/dp/B0H2DVMCR1/ref=sr_1_10?dib=eyJ2IjoiMSJ9.HHVczMaz0xYLgTghpU7CKd8_5VeIYzygd7SYXj-0loihFAh9YQXu7gClXlKMl0I6FlqxU4PNvfqsuILkiom_GJy0O6HclgAPlzo7kRNz7VYQZPkgkZPp-bZkX9LJ1B3QLs58ft10KByGJSpby_Pw9dCxRukq9kiFE3qDY-R2zJMATzh-WTp7LPgC68okwY7WTzQnBMITtB-ZNeA1PepNMqexLK1JwFTqQpCbcswLYIo.w9vazmxpx7yMeJXfSADk5YsG6MJJh4froo4IalqaRRM&dib_tag=se&keywords=DSLR+camera&qid=1787916077&sr=8-10
2026-08-28 17:25:06 | INFO | amazon_scrapper | [16:8] Saved D:\Amazon Scrapper\AmazonScrapper\data\products\keyword_16_product_008.html
2026-08-28 17:25:06 | INFO | amazon_scrapper | [16:9] HTTP 200 https://www.amazon.com/PIXPRO-Friendly-FZ55-BK-Digital-Optical/dp/B09ZRN1N3Z/ref=sr_1_11?dib=eyJ2IjoiMSJ9.HHVczMaz0xYLgTghpU7CKd8_5VeIYzygd7SYXj-0loihFAh9YQXu7gClXlKMl0I6FlqxU4PNvfqsuILkiom_GJy0O6HclgAPlzo7kRNz7VYQZPkgkZPp-bZkX9LJ1B3QLs58ft10KByGJSpby_Pw9dCxRukq9kiFE3qDY-R2zJMATzh-WTp7LPgC68okwY7WTzQnBMITtB-ZNeA1PepNMqexLK1JwFTqQpCbcswLYIo.w9vazmxpx7yMeJXfSADk5YsG6MJJh4froo4IalqaRRM&dib_tag=se&keywords=DSLR+camera&qid=1787916077&sr=8-11
2026-08-28 17:25:06 | INFO | amazon_scrapper | [16:9] Saved D:\Amazon Scrapper\AmazonScrapper\data\products\keyword_16_product_009.html
2026-08-28 17:25:06 | INFO | amazon_scrapper | [16:7] HTTP 200 https://www.amazon.com/KODAK-PIXPRO-AZ405-BK-Digital-Optical/dp/B0BLLCJ963/ref=sr_1_9?dib=eyJ2IjoiMSJ9.HHVczMaz0xYLgTghpU7CKd8_5VeIYzygd7SYXj-0loihFAh9YQXu7gClXlKMl0I6FlqxU4PNvfqsuILkiom_GJy0O6HclgAPlzo7kRNz7VYQZPkgkZPp-bZkX9LJ1B3QLs58ft10KByGJSpby_Pw9dCxRukq9kiFE3qDY-R2zJMATzh-WTp7LPgC68okwY7WTzQnBMITtB-ZNeA1PepNMqexLK1JwFTqQpCbcswLYIo.w9vazmxpx7yMeJXfSADk5YsG6MJJh4froo4IalqaRRM&dib_tag=se&keywords=DSLR+camera&qid=1787916077&sr=8-9
2026-08-28 17:25:06 | INFO | amazon_scrapper | [16:7] Saved D:\Amazon Scrapper\AmazonScrapper\data\products\keyword_16_product_007.html
2026-08-28 17:25:07 | INFO | amazon_scrapper | [16:11] HTTP 200 https://www.amazon.com/Nikon-16-2MP-Digital-Camera-18-55mm/dp/B004U4UHTQ/ref=sr_1_14?dib=eyJ2IjoiMSJ9.HHVczMaz0xYLgTghpU7CKd8_5VeIYzygd7SYXj-0loihFAh9YQXu7gClXlKMl0I6FlqxU4PNvfqsuILkiom_GJy0O6HclgAPlzo7kRNz7VYQZPkgkZPp-bZkX9LJ1B3QLs58ft10KByGJSpby_Pw9dCxRukq9kiFE3qDY-R2zJMATzh-WTp7LPgC68okwY7WTzQnBMITtB-ZNeA1PepNMqexLK1JwFTqQpCbcswLYIo.w9vazmxpx7yMeJXfSADk5YsG6MJJh4froo4IalqaRRM&dib_tag=se&keywords=DSLR+camera&qid=1787916077&sr=8-14
2026-08-28 17:25:07 | INFO | amazon_scrapper | [16:11] Saved D:\Amazon Scrapper\AmazonScrapper\data\products\keyword_16_product_011.html
2026-08-28 17:25:07 | INFO | amazon_scrapper | [16:10] HTTP 200 https://www.amazon.com/Sony-Full-frame-Mirrorless-Interchangeable-Lens-ILCE7M3K/dp/B07B45D8WV/ref=sr_1_13?dib=eyJ2IjoiMSJ9.HHVczMaz0xYLgTghpU7CKd8_5VeIYzygd7SYXj-0loihFAh9YQXu7gClXlKMl0I6FlqxU4PNvfqsuILkiom_GJy0O6HclgAPlzo7kRNz7VYQZPkgkZPp-bZkX9LJ1B3QLs58ft10KByGJSpby_Pw9dCxRukq9kiFE3qDY-R2zJMATzh-WTp7LPgC68okwY7WTzQnBMITtB-ZNeA1PepNMqexLK1JwFTqQpCbcswLYIo.w9vazmxpx7yMeJXfSADk5YsG6MJJh4froo4IalqaRRM&dib_tag=se&keywords=DSLR+camera&qid=1787916077&sr=8-13
2026-08-28 17:25:07 | INFO | amazon_scrapper | [16:10] Saved D:\Amazon Scrapper\AmazonScrapper\data\products\keyword_16_product_010.html
2026-08-28 17:25:07 | INFO | amazon_scrapper | [16:12] HTTP 200 https://www.amazon.com/Canon-75-300mm-Accessory-Including-Software/dp/B0F2GQ56YW/ref=sr_1_15?dib=eyJ2IjoiMSJ9.HHVczMaz0xYLgTghpU7CKd8_5VeIYzygd7SYXj-0loihFAh9YQXu7gClXlKMl0I6FlqxU4PNvfqsuILkiom_GJy0O6HclgAPlzo7kRNz7VYQZPkgkZPp-bZkX9LJ1B3QLs58ft10KByGJSpby_Pw9dCxRukq9kiFE3qDY-R2zJMATzh-WTp7LPgC68okwY7WTzQnBMITtB-ZNeA1PepNMqexLK1JwFTqQpCbcswLYIo.w9vazmxpx7yMeJXfSADk5YsG6MJJh4froo4IalqaRRM&dib_tag=se&keywords=DSLR+camera&qid=1787916077&sr=8-15
2026-08-28 17:25:07 | INFO | amazon_scrapper | [16:12] Saved D:\Amazon Scrapper\AmazonScrapper\data\products\keyword_16_product_012.html
2026-08-28 17:25:08 | INFO | amazon_scrapper | [16:14] HTTP 200 https://www.amazon.com/Nikon-D7500-DX-Format-Digital-Body/dp/B06Y5ZCFHX/ref=sr_1_18?dib=eyJ2IjoiMSJ9.HHVczMaz0xYLgTghpU7CKd8_5VeIYzygd7SYXj-0loihFAh9YQXu7gClXlKMl0I6FlqxU4PNvfqsuILkiom_GJy0O6HclgAPlzo7kRNz7VYQZPkgkZPp-bZkX9LJ1B3QLs58ft10KByGJSpby_Pw9dCxRukq9kiFE3qDY-R2zJMATzh-WTp7LPgC68okwY7WTzQnBMITtB-ZNeA1PepNMqexLK1JwFTqQpCbcswLYIo.w9vazmxpx7yMeJXfSADk5YsG6MJJh4froo4IalqaRRM&dib_tag=se&keywords=DSLR+camera&qid=1787916077&sr=8-18
2026-08-28 17:25:08 | INFO | amazon_scrapper | [16:14] Saved D:\Amazon Scrapper\AmazonScrapper\data\products\keyword_16_product_014.html
2026-08-28 17:25:08 | INFO | amazon_scrapper | [16:13] HTTP 200 https://www.amazon.com/Nikon-Camera-18-55mm-3-5-5-6G-Focus-S/dp/B0012OGF6Q/ref=sr_1_16?dib=eyJ2IjoiMSJ9.HHVczMaz0xYLgTghpU7CKd8_5VeIYzygd7SYXj-0loihFAh9YQXu7gClXlKMl0I6FlqxU4PNvfqsuILkiom_GJy0O6HclgAPlzo7kRNz7VYQZPkgkZPp-bZkX9LJ1B3QLs58ft10KByGJSpby_Pw9dCxRukq9kiFE3qDY-R2zJMATzh-WTp7LPgC68okwY7WTzQnBMITtB-ZNeA1PepNMqexLK1JwFTqQpCbcswLYIo.w9vazmxpx7yMeJXfSADk5YsG6MJJh4froo4IalqaRRM&dib_tag=se&keywords=DSLR+camera&qid=1787916077&sr=8-16
2026-08-28 17:25:08 | INFO | amazon_scrapper | [16:13] Saved D:\Amazon Scrapper\AmazonScrapper\data\products\keyword_16_product_013.html
2026-08-28 17:25:09 | INFO | amazon_scrapper | [16:16] HTTP 200 https://www.amazon.com/Nikon-D5000-18-55mm-3-5-5-6G-Vari-angle/dp/B00267S7TQ/ref=sr_1_20?dib=eyJ2IjoiMSJ9.HHVczMaz0xYLgTghpU7CKd8_5VeIYzygd7SYXj-0loihFAh9YQXu7gClXlKMl0I6FlqxU4PNvfqsuILkiom_GJy0O6HclgAPlzo7kRNz7VYQZPkgkZPp-bZkX9LJ1B3QLs58ft10KByGJSpby_Pw9dCxRukq9kiFE3qDY-R2zJMATzh-WTp7LPgC68okwY7WTzQnBMITtB-ZNeA1PepNMqexLK1JwFTqQpCbcswLYIo.w9vazmxpx7yMeJXfSADk5YsG6MJJh4froo4IalqaRRM&dib_tag=se&keywords=DSLR+camera&qid=1787916077&sr=8-20
2026-08-28 17:25:09 | INFO | amazon_scrapper | [16:16] Saved D:\Amazon Scrapper\AmazonScrapper\data\products\keyword_16_product_016.html
2026-08-28 17:25:09 | INFO | amazon_scrapper | [16:15] HTTP 200 https://www.amazon.com/Nikon-Digital-18-55mm-3-5-5-6-Focus-S/dp/B007VGGFZU/ref=sr_1_19?dib=eyJ2IjoiMSJ9.HHVczMaz0xYLgTghpU7CKd8_5VeIYzygd7SYXj-0loihFAh9YQXu7gClXlKMl0I6FlqxU4PNvfqsuILkiom_GJy0O6HclgAPlzo7kRNz7VYQZPkgkZPp-bZkX9LJ1B3QLs58ft10KByGJSpby_Pw9dCxRukq9kiFE3qDY-R2zJMATzh-WTp7LPgC68okwY7WTzQnBMITtB-ZNeA1PepNMqexLK1JwFTqQpCbcswLYIo.w9vazmxpx7yMeJXfSADk5YsG6MJJh4froo4IalqaRRM&dib_tag=se&keywords=DSLR+camera&qid=1787916077&sr=8-19
2026-08-28 17:25:09 | INFO | amazon_scrapper | [16:15] Saved D:\Amazon Scrapper\AmazonScrapper\data\products\keyword_16_product_015.html
2026-08-28 17:25:10 | INFO | amazon_scrapper | [17:1] HTTP 200 https://www.amazon.com/BLACK-DECKER-Programmable-Coffeemaker-CM1160B/dp/B01GJOMWVA/ref=sr_1_5?dib=eyJ2IjoiMSJ9.6Clc1sxPIsez2ngRzIS3pwb1OYahqW_8BThElvIep_VsgoFxW_qVIvWZpJuuwz53YDu9yphz0h3EKyjsXLHlxCvU4HY2TCVRYDrFwQcsGmPcRnbaorprqwXVx_zhEEqiYOTjczLuV9mLVJfn5qJYtIQcxHWKo6kscsyZc3012fVinHvoMiOowNnpzMzTcXNe5N0hBk8HEBsTS_lp7_K0AmHjw_1NjTOstNggWTwV0xac9UEGq_lz8WvHa65y3MDrBc9E1FOnl-vy0YnS7oNKf4E0BJUDemQHeAFalK5DfKA.GKfoAlbI2Y4FHqmfqi9X-qb3a-_J1sx0d3lpsVLc0YE&dib_tag=se&keywords=coffee+maker&qid=1787916082&sr=8-5
2026-08-28 17:25:10 | INFO | amazon_scrapper | [17:1] Saved D:\Amazon Scrapper\AmazonScrapper\data\products\keyword_17_product_001.html
2026-08-28 17:25:10 | INFO | amazon_scrapper | [17:2] HTTP 200 https://www.amazon.com/Ninja-12-Cup-Programmable-CE251-Stainless/dp/B07S98411N/ref=sr_1_6?dib=eyJ2IjoiMSJ9.6Clc1sxPIsez2ngRzIS3pwb1OYahqW_8BThElvIep_VsgoFxW_qVIvWZpJuuwz53YDu9yphz0h3EKyjsXLHlxCvU4HY2TCVRYDrFwQcsGmPcRnbaorprqwXVx_zhEEqiYOTjczLuV9mLVJfn5qJYtIQcxHWKo6kscsyZc3012fVinHvoMiOowNnpzMzTcXNe5N0hBk8HEBsTS_lp7_K0AmHjw_1NjTOstNggWTwV0xac9UEGq_lz8WvHa65y3MDrBc9E1FOnl-vy0YnS7oNKf4E0BJUDemQHeAFalK5DfKA.GKfoAlbI2Y4FHqmfqi9X-qb3a-_J1sx0d3lpsVLc0YE&dib_tag=se&keywords=coffee+maker&qid=1787916082&sr=8-6
2026-08-28 17:25:10 | INFO | amazon_scrapper | [17:2] Saved D:\Amazon Scrapper\AmazonScrapper\data\products\keyword_17_product_002.html
2026-08-28 17:25:10 | INFO | amazon_scrapper | [17:3] HTTP 200 https://www.amazon.com/Keurig-K-Express-Coffee-Single-Brewer/dp/B09715G57M/ref=sr_1_7?dib=eyJ2IjoiMSJ9.6Clc1sxPIsez2ngRzIS3pwb1OYahqW_8BThElvIep_VsgoFxW_qVIvWZpJuuwz53YDu9yphz0h3EKyjsXLHlxCvU4HY2TCVRYDrFwQcsGmPcRnbaorprqwXVx_zhEEqiYOTjczLuV9mLVJfn5qJYtIQcxHWKo6kscsyZc3012fVinHvoMiOowNnpzMzTcXNe5N0hBk8HEBsTS_lp7_K0AmHjw_1NjTOstNggWTwV0xac9UEGq_lz8WvHa65y3MDrBc9E1FOnl-vy0YnS7oNKf4E0BJUDemQHeAFalK5DfKA.GKfoAlbI2Y4FHqmfqi9X-qb3a-_J1sx0d3lpsVLc0YE&dib_tag=se&keywords=coffee+maker&qid=1787916082&sr=8-7
2026-08-28 17:25:10 | INFO | amazon_scrapper | [17:3] Saved D:\Amazon Scrapper\AmazonScrapper\data\products\keyword_17_product_003.html
2026-08-28 17:25:11 | INFO | amazon_scrapper | [17:5] HTTP 200 https://www.amazon.com/BLACK-DECKER-CM0915BKD-Non-Drip-Removable/dp/B0C8B9V7HR/ref=sr_1_9?dib=eyJ2IjoiMSJ9.6Clc1sxPIsez2ngRzIS3pwb1OYahqW_8BThElvIep_VsgoFxW_qVIvWZpJuuwz53YDu9yphz0h3EKyjsXLHlxCvU4HY2TCVRYDrFwQcsGmPcRnbaorprqwXVx_zhEEqiYOTjczLuV9mLVJfn5qJYtIQcxHWKo6kscsyZc3012fVinHvoMiOowNnpzMzTcXNe5N0hBk8HEBsTS_lp7_K0AmHjw_1NjTOstNggWTwV0xac9UEGq_lz8WvHa65y3MDrBc9E1FOnl-vy0YnS7oNKf4E0BJUDemQHeAFalK5DfKA.GKfoAlbI2Y4FHqmfqi9X-qb3a-_J1sx0d3lpsVLc0YE&dib_tag=se&keywords=coffee+maker&qid=1787916082&sr=8-9
2026-08-28 17:25:11 | INFO | amazon_scrapper | [17:5] Saved D:\Amazon Scrapper\AmazonScrapper\data\products\keyword_17_product_005.html
2026-08-28 17:25:11 | INFO | amazon_scrapper | [17:4] HTTP 200 https://www.amazon.com/Hamilton-Beach-46310-Programmable-Coffee/dp/B07684BPLB/ref=sr_1_8?dib=eyJ2IjoiMSJ9.6Clc1sxPIsez2ngRzIS3pwb1OYahqW_8BThElvIep_VsgoFxW_qVIvWZpJuuwz53YDu9yphz0h3EKyjsXLHlxCvU4HY2TCVRYDrFwQcsGmPcRnbaorprqwXVx_zhEEqiYOTjczLuV9mLVJfn5qJYtIQcxHWKo6kscsyZc3012fVinHvoMiOowNnpzMzTcXNe5N0hBk8HEBsTS_lp7_K0AmHjw_1NjTOstNggWTwV0xac9UEGq_lz8WvHa65y3MDrBc9E1FOnl-vy0YnS7oNKf4E0BJUDemQHeAFalK5DfKA.GKfoAlbI2Y4FHqmfqi9X-qb3a-_J1sx0d3lpsVLc0YE&dib_tag=se&keywords=coffee+maker&qid=1787916082&sr=8-8
2026-08-28 17:25:11 | INFO | amazon_scrapper | [17:4] Saved D:\Amazon Scrapper\AmazonScrapper\data\products\keyword_17_product_004.html
2026-08-28 17:25:11 | INFO | amazon_scrapper | [17:6] HTTP 200 https://www.amazon.com/Keurig-Single-MultiStream-Technology-Reservoir/dp/B0D8LXRHQ8/ref=sr_1_10?dib=eyJ2IjoiMSJ9.6Clc1sxPIsez2ngRzIS3pwb1OYahqW_8BThElvIep_VsgoFxW_qVIvWZpJuuwz53YDu9yphz0h3EKyjsXLHlxCvU4HY2TCVRYDrFwQcsGmPcRnbaorprqwXVx_zhEEqiYOTjczLuV9mLVJfn5qJYtIQcxHWKo6kscsyZc3012fVinHvoMiOowNnpzMzTcXNe5N0hBk8HEBsTS_lp7_K0AmHjw_1NjTOstNggWTwV0xac9UEGq_lz8WvHa65y3MDrBc9E1FOnl-vy0YnS7oNKf4E0BJUDemQHeAFalK5DfKA.GKfoAlbI2Y4FHqmfqi9X-qb3a-_J1sx0d3lpsVLc0YE&dib_tag=se&keywords=coffee+maker&qid=1787916082&sr=8-10
2026-08-28 17:25:11 | INFO | amazon_scrapper | [17:6] Saved D:\Amazon Scrapper\AmazonScrapper\data\products\keyword_17_product_006.html
2026-08-28 17:25:12 | INFO | amazon_scrapper | [17:8] HTTP 200 https://www.amazon.com/Cuisinart-DCC-3200-PerfecTemp-Programmable-Coffeemaker/dp/B00MVWGQX0/ref=sr_1_16?dib=eyJ2IjoiMSJ9.6Clc1sxPIsez2ngRzIS3pwb1OYahqW_8BThElvIep_VsgoFxW_qVIvWZpJuuwz53YDu9yphz0h3EKyjsXLHlxCvU4HY2TCVRYDrFwQcsGmPcRnbaorprqwXVx_zhEEqiYOTjczLuV9mLVJfn5qJYtIQcxHWKo6kscsyZc3012fVinHvoMiOowNnpzMzTcXNe5N0hBk8HEBsTS_lp7_K0AmHjw_1NjTOstNggWTwV0xac9UEGq_lz8WvHa65y3MDrBc9E1FOnl-vy0YnS7oNKf4E0BJUDemQHeAFalK5DfKA.GKfoAlbI2Y4FHqmfqi9X-qb3a-_J1sx0d3lpsVLc0YE&dib_tag=se&keywords=coffee+maker&qid=1787916082&sr=8-16
2026-08-28 17:25:12 | INFO | amazon_scrapper | [17:8] Saved D:\Amazon Scrapper\AmazonScrapper\data\products\keyword_17_product_008.html
2026-08-28 17:25:12 | INFO | amazon_scrapper | [17:7] HTTP 200 https://www.amazon.com/Cuisinart-DCC-3200BKS-Perfectemp-Coffee-Stainless/dp/B077K9YW7D/ref=sr_1_15?dib=eyJ2IjoiMSJ9.6Clc1sxPIsez2ngRzIS3pwb1OYahqW_8BThElvIep_VsgoFxW_qVIvWZpJuuwz53YDu9yphz0h3EKyjsXLHlxCvU4HY2TCVRYDrFwQcsGmPcRnbaorprqwXVx_zhEEqiYOTjczLuV9mLVJfn5qJYtIQcxHWKo6kscsyZc3012fVinHvoMiOowNnpzMzTcXNe5N0hBk8HEBsTS_lp7_K0AmHjw_1NjTOstNggWTwV0xac9UEGq_lz8WvHa65y3MDrBc9E1FOnl-vy0YnS7oNKf4E0BJUDemQHeAFalK5DfKA.GKfoAlbI2Y4FHqmfqi9X-qb3a-_J1sx0d3lpsVLc0YE&dib_tag=se&keywords=coffee+maker&qid=1787916082&sr=8-15
2026-08-28 17:25:12 | INFO | amazon_scrapper | [17:7] Saved D:\Amazon Scrapper\AmazonScrapper\data\products\keyword_17_product_007.html
2026-08-28 17:25:13 | INFO | amazon_scrapper | [17:10] HTTP 200 https://www.amazon.com/Keurig-K-Express-Single-Serve-Coffee/dp/B0FHSC6SPM/ref=sr_1_18?dib=eyJ2IjoiMSJ9.6Clc1sxPIsez2ngRzIS3pwb1OYahqW_8BThElvIep_VsgoFxW_qVIvWZpJuuwz53YDu9yphz0h3EKyjsXLHlxCvU4HY2TCVRYDrFwQcsGmPcRnbaorprqwXVx_zhEEqiYOTjczLuV9mLVJfn5qJYtIQcxHWKo6kscsyZc3012fVinHvoMiOowNnpzMzTcXNe5N0hBk8HEBsTS_lp7_K0AmHjw_1NjTOstNggWTwV0xac9UEGq_lz8WvHa65y3MDrBc9E1FOnl-vy0YnS7oNKf4E0BJUDemQHeAFalK5DfKA.GKfoAlbI2Y4FHqmfqi9X-qb3a-_J1sx0d3lpsVLc0YE&dib_tag=se&keywords=coffee+maker&qid=1787916082&sr=8-18
2026-08-28 17:25:13 | INFO | amazon_scrapper | [17:10] Saved D:\Amazon Scrapper\AmazonScrapper\data\products\keyword_17_product_010.html
2026-08-28 17:25:13 | INFO | amazon_scrapper | [17:9] HTTP 200 https://www.amazon.com/Amazon-Basics-Coffee-Reusable-Shutoff/dp/B0D9QFRJMX/ref=sr_1_17?dib=eyJ2IjoiMSJ9.6Clc1sxPIsez2ngRzIS3pwb1OYahqW_8BThElvIep_VsgoFxW_qVIvWZpJuuwz53YDu9yphz0h3EKyjsXLHlxCvU4HY2TCVRYDrFwQcsGmPcRnbaorprqwXVx_zhEEqiYOTjczLuV9mLVJfn5qJYtIQcxHWKo6kscsyZc3012fVinHvoMiOowNnpzMzTcXNe5N0hBk8HEBsTS_lp7_K0AmHjw_1NjTOstNggWTwV0xac9UEGq_lz8WvHa65y3MDrBc9E1FOnl-vy0YnS7oNKf4E0BJUDemQHeAFalK5DfKA.GKfoAlbI2Y4FHqmfqi9X-qb3a-_J1sx0d3lpsVLc0YE&dib_tag=se&keywords=coffee+maker&qid=1787916082&sr=8-17
2026-08-28 17:25:13 | INFO | amazon_scrapper | [17:9] Saved D:\Amazon Scrapper\AmazonScrapper\data\products\keyword_17_product_009.html
2026-08-28 17:25:13 | INFO | amazon_scrapper | [17:11] HTTP 200 https://www.amazon.com/Mr-Coffee-12-Cup-Maker-Black/dp/B002YI2IG0/ref=sr_1_23?dib=eyJ2IjoiMSJ9.6Clc1sxPIsez2ngRzIS3pwb1OYahqW_8BThElvIep_VsgoFxW_qVIvWZpJuuwz53YDu9yphz0h3EKyjsXLHlxCvU4HY2TCVRYDrFwQcsGmPcRnbaorprqwXVx_zhEEqiYOTjczLuV9mLVJfn5qJYtIQcxHWKo6kscsyZc3012fVinHvoMiOowNnpzMzTcXNe5N0hBk8HEBsTS_lp7_K0AmHjw_1NjTOstNggWTwV0xac9UEGq_lz8WvHa65y3MDrBc9E1FOnl-vy0YnS7oNKf4E0BJUDemQHeAFalK5DfKA.GKfoAlbI2Y4FHqmfqi9X-qb3a-_J1sx0d3lpsVLc0YE&dib_tag=se&keywords=coffee+maker&qid=1787916082&sr=8-23
2026-08-28 17:25:13 | INFO | amazon_scrapper | [17:11] Saved D:\Amazon Scrapper\AmazonScrapper\data\products\keyword_17_product_011.html
2026-08-28 17:25:14 | INFO | amazon_scrapper | [17:12] HTTP 200 https://www.amazon.com/Programmable-Coffee-Regular-Strong-Machine/dp/B0H6M2J4GK/ref=sr_1_24?dib=eyJ2IjoiMSJ9.6Clc1sxPIsez2ngRzIS3pwb1OYahqW_8BThElvIep_VsgoFxW_qVIvWZpJuuwz53YDu9yphz0h3EKyjsXLHlxCvU4HY2TCVRYDrFwQcsGmPcRnbaorprqwXVx_zhEEqiYOTjczLuV9mLVJfn5qJYtIQcxHWKo6kscsyZc3012fVinHvoMiOowNnpzMzTcXNe5N0hBk8HEBsTS_lp7_K0AmHjw_1NjTOstNggWTwV0xac9UEGq_lz8WvHa65y3MDrBc9E1FOnl-vy0YnS7oNKf4E0BJUDemQHeAFalK5DfKA.GKfoAlbI2Y4FHqmfqi9X-qb3a-_J1sx0d3lpsVLc0YE&dib_tag=se&keywords=coffee+maker&qid=1787916082&sr=8-24
2026-08-28 17:25:14 | INFO | amazon_scrapper | [17:12] Saved D:\Amazon Scrapper\AmazonScrapper\data\products\keyword_17_product_012.html
2026-08-28 17:25:14 | INFO | amazon_scrapper | [17:13] HTTP 200 https://www.amazon.com/Mr-Coffee-2129512-5-Cup-Switch/dp/B08QD33PZ2/ref=sr_1_25?dib=eyJ2IjoiMSJ9.6Clc1sxPIsez2ngRzIS3pwb1OYahqW_8BThElvIep_VsgoFxW_qVIvWZpJuuwz53YDu9yphz0h3EKyjsXLHlxCvU4HY2TCVRYDrFwQcsGmPcRnbaorprqwXVx_zhEEqiYOTjczLuV9mLVJfn5qJYtIQcxHWKo6kscsyZc3012fVinHvoMiOowNnpzMzTcXNe5N0hBk8HEBsTS_lp7_K0AmHjw_1NjTOstNggWTwV0xac9UEGq_lz8WvHa65y3MDrBc9E1FOnl-vy0YnS7oNKf4E0BJUDemQHeAFalK5DfKA.GKfoAlbI2Y4FHqmfqi9X-qb3a-_J1sx0d3lpsVLc0YE&dib_tag=se&keywords=coffee+maker&qid=1787916082&sr=8-25
2026-08-28 17:25:14 | INFO | amazon_scrapper | [17:13] Saved D:\Amazon Scrapper\AmazonScrapper\data\products\keyword_17_product_013.html
2026-08-28 17:25:15 | INFO | amazon_scrapper | [17:14] HTTP 200 https://www.amazon.com/Keurig-Compact-Portable-Machine-Offices/dp/B0FMTSRKYL/ref=sr_1_26?dib=eyJ2IjoiMSJ9.6Clc1sxPIsez2ngRzIS3pwb1OYahqW_8BThElvIep_VsgoFxW_qVIvWZpJuuwz53YDu9yphz0h3EKyjsXLHlxCvU4HY2TCVRYDrFwQcsGmPcRnbaorprqwXVx_zhEEqiYOTjczLuV9mLVJfn5qJYtIQcxHWKo6kscsyZc3012fVinHvoMiOowNnpzMzTcXNe5N0hBk8HEBsTS_lp7_K0AmHjw_1NjTOstNggWTwV0xac9UEGq_lz8WvHa65y3MDrBc9E1FOnl-vy0YnS7oNKf4E0BJUDemQHeAFalK5DfKA.GKfoAlbI2Y4FHqmfqi9X-qb3a-_J1sx0d3lpsVLc0YE&dib_tag=se&keywords=coffee+maker&qid=1787916082&sr=8-26
2026-08-28 17:25:15 | INFO | amazon_scrapper | [17:14] Saved D:\Amazon Scrapper\AmazonScrapper\data\products\keyword_17_product_014.html
2026-08-28 17:25:15 | INFO | amazon_scrapper | [17:15] HTTP 200 https://www.amazon.com/Hamilton-Beach-Coffee-Single-Machine/dp/B0GQBYVN9W/ref=sr_1_27?dib=eyJ2IjoiMSJ9.6Clc1sxPIsez2ngRzIS3pwb1OYahqW_8BThElvIep_VsgoFxW_qVIvWZpJuuwz53YDu9yphz0h3EKyjsXLHlxCvU4HY2TCVRYDrFwQcsGmPcRnbaorprqwXVx_zhEEqiYOTjczLuV9mLVJfn5qJYtIQcxHWKo6kscsyZc3012fVinHvoMiOowNnpzMzTcXNe5N0hBk8HEBsTS_lp7_K0AmHjw_1NjTOstNggWTwV0xac9UEGq_lz8WvHa65y3MDrBc9E1FOnl-vy0YnS7oNKf4E0BJUDemQHeAFalK5DfKA.GKfoAlbI2Y4FHqmfqi9X-qb3a-_J1sx0d3lpsVLc0YE&dib_tag=se&keywords=coffee+maker&qid=1787916082&sr=8-27
2026-08-28 17:25:15 | INFO | amazon_scrapper | [17:15] Saved D:\Amazon Scrapper\AmazonScrapper\data\products\keyword_17_product_015.html
2026-08-28 17:25:15 | INFO | amazon_scrapper | [17:16] HTTP 200 https://www.amazon.com/Keurig-K-Elite-Temperature-Capability-Programmable/dp/B078NN17K3/ref=sr_1_28?dib=eyJ2IjoiMSJ9.6Clc1sxPIsez2ngRzIS3pwb1OYahqW_8BThElvIep_VsgoFxW_qVIvWZpJuuwz53YDu9yphz0h3EKyjsXLHlxCvU4HY2TCVRYDrFwQcsGmPcRnbaorprqwXVx_zhEEqiYOTjczLuV9mLVJfn5qJYtIQcxHWKo6kscsyZc3012fVinHvoMiOowNnpzMzTcXNe5N0hBk8HEBsTS_lp7_K0AmHjw_1NjTOstNggWTwV0xac9UEGq_lz8WvHa65y3MDrBc9E1FOnl-vy0YnS7oNKf4E0BJUDemQHeAFalK5DfKA.GKfoAlbI2Y4FHqmfqi9X-qb3a-_J1sx0d3lpsVLc0YE&dib_tag=se&keywords=coffee+maker&qid=1787916082&sr=8-28
2026-08-28 17:25:16 | INFO | amazon_scrapper | [17:16] Saved D:\Amazon Scrapper\AmazonScrapper\data\products\keyword_17_product_016.html
2026-08-28 17:25:16 | INFO | amazon_scrapper | [17:18] HTTP 200 https://www.amazon.com/Keurig-K55-K-Classic-Coffee-Programmable/dp/B018UQ5AMS/ref=sr_1_30?dib=eyJ2IjoiMSJ9.6Clc1sxPIsez2ngRzIS3pwb1OYahqW_8BThElvIep_VsgoFxW_qVIvWZpJuuwz53YDu9yphz0h3EKyjsXLHlxCvU4HY2TCVRYDrFwQcsGmPcRnbaorprqwXVx_zhEEqiYOTjczLuV9mLVJfn5qJYtIQcxHWKo6kscsyZc3012fVinHvoMiOowNnpzMzTcXNe5N0hBk8HEBsTS_lp7_K0AmHjw_1NjTOstNggWTwV0xac9UEGq_lz8WvHa65y3MDrBc9E1FOnl-vy0YnS7oNKf4E0BJUDemQHeAFalK5DfKA.GKfoAlbI2Y4FHqmfqi9X-qb3a-_J1sx0d3lpsVLc0YE&dib_tag=se&keywords=coffee+maker&qid=1787916082&sr=8-30
2026-08-28 17:25:16 | INFO | amazon_scrapper | [17:18] Saved D:\Amazon Scrapper\AmazonScrapper\data\products\keyword_17_product_018.html
2026-08-28 17:25:16 | INFO | amazon_scrapper | [17:17] HTTP 200 https://www.amazon.com/Breville-BES870XL-Barista-Express-Espresso/dp/B00CH9QWOU/ref=sr_1_29?dib=eyJ2IjoiMSJ9.6Clc1sxPIsez2ngRzIS3pwb1OYahqW_8BThElvIep_VsgoFxW_qVIvWZpJuuwz53YDu9yphz0h3EKyjsXLHlxCvU4HY2TCVRYDrFwQcsGmPcRnbaorprqwXVx_zhEEqiYOTjczLuV9mLVJfn5qJYtIQcxHWKo6kscsyZc3012fVinHvoMiOowNnpzMzTcXNe5N0hBk8HEBsTS_lp7_K0AmHjw_1NjTOstNggWTwV0xac9UEGq_lz8WvHa65y3MDrBc9E1FOnl-vy0YnS7oNKf4E0BJUDemQHeAFalK5DfKA.GKfoAlbI2Y4FHqmfqi9X-qb3a-_J1sx0d3lpsVLc0YE&dib_tag=se&keywords=coffee+maker&qid=1787916082&sr=8-29
2026-08-28 17:25:16 | INFO | amazon_scrapper | [17:17] Saved D:\Amazon Scrapper\AmazonScrapper\data\products\keyword_17_product_017.html
2026-08-28 17:25:17 | INFO | amazon_scrapper | [17:19] HTTP 200 https://www.amazon.com/Elite-Gourmet-EHC4128-Automatic-Indicator/dp/B0CZQCTD4K/ref=sr_1_31?dib=eyJ2IjoiMSJ9.6Clc1sxPIsez2ngRzIS3pwb1OYahqW_8BThElvIep_VsgoFxW_qVIvWZpJuuwz53YDu9yphz0h3EKyjsXLHlxCvU4HY2TCVRYDrFwQcsGmPcRnbaorprqwXVx_zhEEqiYOTjczLuV9mLVJfn5qJYtIQcxHWKo6kscsyZc3012fVinHvoMiOowNnpzMzTcXNe5N0hBk8HEBsTS_lp7_K0AmHjw_1NjTOstNggWTwV0xac9UEGq_lz8WvHa65y3MDrBc9E1FOnl-vy0YnS7oNKf4E0BJUDemQHeAFalK5DfKA.GKfoAlbI2Y4FHqmfqi9X-qb3a-_J1sx0d3lpsVLc0YE&dib_tag=se&keywords=coffee+maker&qid=1787916082&sr=8-31
2026-08-28 17:25:17 | INFO | amazon_scrapper | [17:19] Saved D:\Amazon Scrapper\AmazonScrapper\data\products\keyword_17_product_019.html
2026-08-28 17:25:17 | INFO | amazon_scrapper | [17:20] HTTP 200 https://www.amazon.com/bella-cup-Programmable-Coffee-Maker/dp/B0DPNJVG1Z/ref=sr_1_32?dib=eyJ2IjoiMSJ9.6Clc1sxPIsez2ngRzIS3pwb1OYahqW_8BThElvIep_VsgoFxW_qVIvWZpJuuwz53YDu9yphz0h3EKyjsXLHlxCvU4HY2TCVRYDrFwQcsGmPcRnbaorprqwXVx_zhEEqiYOTjczLuV9mLVJfn5qJYtIQcxHWKo6kscsyZc3012fVinHvoMiOowNnpzMzTcXNe5N0hBk8HEBsTS_lp7_K0AmHjw_1NjTOstNggWTwV0xac9UEGq_lz8WvHa65y3MDrBc9E1FOnl-vy0YnS7oNKf4E0BJUDemQHeAFalK5DfKA.GKfoAlbI2Y4FHqmfqi9X-qb3a-_J1sx0d3lpsVLc0YE&dib_tag=se&keywords=coffee+maker&qid=1787916082&sr=8-32
2026-08-28 17:25:17 | INFO | amazon_scrapper | [17:20] Saved D:\Amazon Scrapper\AmazonScrapper\data\products\keyword_17_product_020.html
2026-08-28 17:25:17 | INFO | amazon_scrapper | [17:21] HTTP 200 https://www.amazon.com/Mueller-Function-Anti-Drip-Permanent-Borosilicate/dp/B0BM3C13B6/ref=sr_1_33?dib=eyJ2IjoiMSJ9.6Clc1sxPIsez2ngRzIS3pwb1OYahqW_8BThElvIep_VsgoFxW_qVIvWZpJuuwz53YDu9yphz0h3EKyjsXLHlxCvU4HY2TCVRYDrFwQcsGmPcRnbaorprqwXVx_zhEEqiYOTjczLuV9mLVJfn5qJYtIQcxHWKo6kscsyZc3012fVinHvoMiOowNnpzMzTcXNe5N0hBk8HEBsTS_lp7_K0AmHjw_1NjTOstNggWTwV0xac9UEGq_lz8WvHa65y3MDrBc9E1FOnl-vy0YnS7oNKf4E0BJUDemQHeAFalK5DfKA.GKfoAlbI2Y4FHqmfqi9X-qb3a-_J1sx0d3lpsVLc0YE&dib_tag=se&keywords=coffee+maker&qid=1787916082&sr=8-33
2026-08-28 17:25:17 | INFO | amazon_scrapper | [17:21] Saved D:\Amazon Scrapper\AmazonScrapper\data\products\keyword_17_product_021.html
2026-08-28 17:25:18 | INFO | amazon_scrapper | [17:23] HTTP 200 https://www.amazon.com/Hamilton-Beach-49980A-Programmable-Stainless/dp/B00EI7DPPI/ref=sr_1_35?dib=eyJ2IjoiMSJ9.6Clc1sxPIsez2ngRzIS3pwb1OYahqW_8BThElvIep_VsgoFxW_qVIvWZpJuuwz53YDu9yphz0h3EKyjsXLHlxCvU4HY2TCVRYDrFwQcsGmPcRnbaorprqwXVx_zhEEqiYOTjczLuV9mLVJfn5qJYtIQcxHWKo6kscsyZc3012fVinHvoMiOowNnpzMzTcXNe5N0hBk8HEBsTS_lp7_K0AmHjw_1NjTOstNggWTwV0xac9UEGq_lz8WvHa65y3MDrBc9E1FOnl-vy0YnS7oNKf4E0BJUDemQHeAFalK5DfKA.GKfoAlbI2Y4FHqmfqi9X-qb3a-_J1sx0d3lpsVLc0YE&dib_tag=se&keywords=coffee+maker&qid=1787916082&sr=8-35
2026-08-28 17:25:18 | INFO | amazon_scrapper | [17:23] Saved D:\Amazon Scrapper\AmazonScrapper\data\products\keyword_17_product_023.html
2026-08-28 17:25:18 | INFO | amazon_scrapper | [17:22] HTTP 200 https://www.amazon.com/Ninja-Single-Serve-Permanent-Removable-CM371/dp/B0CSDRZSGG/ref=sr_1_34?dib=eyJ2IjoiMSJ9.6Clc1sxPIsez2ngRzIS3pwb1OYahqW_8BThElvIep_VsgoFxW_qVIvWZpJuuwz53YDu9yphz0h3EKyjsXLHlxCvU4HY2TCVRYDrFwQcsGmPcRnbaorprqwXVx_zhEEqiYOTjczLuV9mLVJfn5qJYtIQcxHWKo6kscsyZc3012fVinHvoMiOowNnpzMzTcXNe5N0hBk8HEBsTS_lp7_K0AmHjw_1NjTOstNggWTwV0xac9UEGq_lz8WvHa65y3MDrBc9E1FOnl-vy0YnS7oNKf4E0BJUDemQHeAFalK5DfKA.GKfoAlbI2Y4FHqmfqi9X-qb3a-_J1sx0d3lpsVLc0YE&dib_tag=se&keywords=coffee+maker&qid=1787916082&sr=8-34
2026-08-28 17:25:18 | INFO | amazon_scrapper | [17:22] Saved D:\Amazon Scrapper\AmazonScrapper\data\products\keyword_17_product_022.html
2026-08-28 17:25:19 | INFO | amazon_scrapper | [17:24] HTTP 200 https://www.amazon.com/BLACK-DECKER-Programmable-Technology-CM2046S/dp/B0C2JK9Y8V/ref=sr_1_36?dib=eyJ2IjoiMSJ9.6Clc1sxPIsez2ngRzIS3pwb1OYahqW_8BThElvIep_VsgoFxW_qVIvWZpJuuwz53YDu9yphz0h3EKyjsXLHlxCvU4HY2TCVRYDrFwQcsGmPcRnbaorprqwXVx_zhEEqiYOTjczLuV9mLVJfn5qJYtIQcxHWKo6kscsyZc3012fVinHvoMiOowNnpzMzTcXNe5N0hBk8HEBsTS_lp7_K0AmHjw_1NjTOstNggWTwV0xac9UEGq_lz8WvHa65y3MDrBc9E1FOnl-vy0YnS7oNKf4E0BJUDemQHeAFalK5DfKA.GKfoAlbI2Y4FHqmfqi9X-qb3a-_J1sx0d3lpsVLc0YE&dib_tag=se&keywords=coffee+maker&qid=1787916082&sr=8-36
2026-08-28 17:25:19 | INFO | amazon_scrapper | [17:24] Saved D:\Amazon Scrapper\AmazonScrapper\data\products\keyword_17_product_024.html
2026-08-28 17:25:19 | INFO | amazon_scrapper | [17:26] HTTP 200 https://www.amazon.com/Keurig-Compact-Portable-Machine-Glamping/dp/B0FMSTSYL7/ref=sr_1_38?dib=eyJ2IjoiMSJ9.6Clc1sxPIsez2ngRzIS3pwb1OYahqW_8BThElvIep_VsgoFxW_qVIvWZpJuuwz53YDu9yphz0h3EKyjsXLHlxCvU4HY2TCVRYDrFwQcsGmPcRnbaorprqwXVx_zhEEqiYOTjczLuV9mLVJfn5qJYtIQcxHWKo6kscsyZc3012fVinHvoMiOowNnpzMzTcXNe5N0hBk8HEBsTS_lp7_K0AmHjw_1NjTOstNggWTwV0xac9UEGq_lz8WvHa65y3MDrBc9E1FOnl-vy0YnS7oNKf4E0BJUDemQHeAFalK5DfKA.GKfoAlbI2Y4FHqmfqi9X-qb3a-_J1sx0d3lpsVLc0YE&dib_tag=se&keywords=coffee+maker&qid=1787916082&sr=8-38
2026-08-28 17:25:19 | INFO | amazon_scrapper | [17:26] Saved D:\Amazon Scrapper\AmazonScrapper\data\products\keyword_17_product_026.html
2026-08-28 17:25:19 | INFO | amazon_scrapper | [17:25] HTTP 200 https://www.amazon.com/Ninja-Specialty-Single-Serve-Compatible-PB051ST/dp/B0DJFBF3SH/ref=sr_1_37?dib=eyJ2IjoiMSJ9.6Clc1sxPIsez2ngRzIS3pwb1OYahqW_8BThElvIep_VsgoFxW_qVIvWZpJuuwz53YDu9yphz0h3EKyjsXLHlxCvU4HY2TCVRYDrFwQcsGmPcRnbaorprqwXVx_zhEEqiYOTjczLuV9mLVJfn5qJYtIQcxHWKo6kscsyZc3012fVinHvoMiOowNnpzMzTcXNe5N0hBk8HEBsTS_lp7_K0AmHjw_1NjTOstNggWTwV0xac9UEGq_lz8WvHa65y3MDrBc9E1FOnl-vy0YnS7oNKf4E0BJUDemQHeAFalK5DfKA.GKfoAlbI2Y4FHqmfqi9X-qb3a-_J1sx0d3lpsVLc0YE&dib_tag=se&keywords=coffee+maker&qid=1787916082&sr=8-37
2026-08-28 17:25:19 | INFO | amazon_scrapper | [17:25] Saved D:\Amazon Scrapper\AmazonScrapper\data\products\keyword_17_product_025.html
2026-08-28 17:25:20 | INFO | amazon_scrapper | [17:28] HTTP 200 https://www.amazon.com/Ninja-Specialty-Fold-Away-Frother-CM401/dp/B07PFLM2LK/ref=sr_1_40?dib=eyJ2IjoiMSJ9.6Clc1sxPIsez2ngRzIS3pwb1OYahqW_8BThElvIep_VsgoFxW_qVIvWZpJuuwz53YDu9yphz0h3EKyjsXLHlxCvU4HY2TCVRYDrFwQcsGmPcRnbaorprqwXVx_zhEEqiYOTjczLuV9mLVJfn5qJYtIQcxHWKo6kscsyZc3012fVinHvoMiOowNnpzMzTcXNe5N0hBk8HEBsTS_lp7_K0AmHjw_1NjTOstNggWTwV0xac9UEGq_lz8WvHa65y3MDrBc9E1FOnl-vy0YnS7oNKf4E0BJUDemQHeAFalK5DfKA.GKfoAlbI2Y4FHqmfqi9X-qb3a-_J1sx0d3lpsVLc0YE&dib_tag=se&keywords=coffee+maker&qid=1787916082&sr=8-40
2026-08-28 17:25:20 | INFO | amazon_scrapper | [17:28] Saved D:\Amazon Scrapper\AmazonScrapper\data\products\keyword_17_product_028.html
2026-08-28 17:25:20 | INFO | amazon_scrapper | [17:27] HTTP 200 https://www.amazon.com/BLACK-DECKER-Programmable-Coffeemaker-CM1160W/dp/B01GJOMWYC/ref=sr_1_39?dib=eyJ2IjoiMSJ9.6Clc1sxPIsez2ngRzIS3pwb1OYahqW_8BThElvIep_VsgoFxW_qVIvWZpJuuwz53YDu9yphz0h3EKyjsXLHlxCvU4HY2TCVRYDrFwQcsGmPcRnbaorprqwXVx_zhEEqiYOTjczLuV9mLVJfn5qJYtIQcxHWKo6kscsyZc3012fVinHvoMiOowNnpzMzTcXNe5N0hBk8HEBsTS_lp7_K0AmHjw_1NjTOstNggWTwV0xac9UEGq_lz8WvHa65y3MDrBc9E1FOnl-vy0YnS7oNKf4E0BJUDemQHeAFalK5DfKA.GKfoAlbI2Y4FHqmfqi9X-qb3a-_J1sx0d3lpsVLc0YE&dib_tag=se&keywords=coffee+maker&qid=1787916082&sr=8-39
2026-08-28 17:25:20 | INFO | amazon_scrapper | [17:27] Saved D:\Amazon Scrapper\AmazonScrapper\data\products\keyword_17_product_027.html
2026-08-28 17:25:21 | INFO | amazon_scrapper | [17:29] HTTP 200 https://www.amazon.com/Keurig-MultiStream-Technology-Dual-Position-Customizable/dp/B0892V8JT8/ref=sr_1_41?dib=eyJ2IjoiMSJ9.6Clc1sxPIsez2ngRzIS3pwb1OYahqW_8BThElvIep_VsgoFxW_qVIvWZpJuuwz53YDu9yphz0h3EKyjsXLHlxCvU4HY2TCVRYDrFwQcsGmPcRnbaorprqwXVx_zhEEqiYOTjczLuV9mLVJfn5qJYtIQcxHWKo6kscsyZc3012fVinHvoMiOowNnpzMzTcXNe5N0hBk8HEBsTS_lp7_K0AmHjw_1NjTOstNggWTwV0xac9UEGq_lz8WvHa65y3MDrBc9E1FOnl-vy0YnS7oNKf4E0BJUDemQHeAFalK5DfKA.GKfoAlbI2Y4FHqmfqi9X-qb3a-_J1sx0d3lpsVLc0YE&dib_tag=se&keywords=coffee+maker&qid=1787916082&sr=8-41
2026-08-28 17:25:21 | INFO | amazon_scrapper | [17:29] Saved D:\Amazon Scrapper\AmazonScrapper\data\products\keyword_17_product_029.html
2026-08-28 17:25:21 | INFO | amazon_scrapper | [17:30] HTTP 200 https://www.amazon.com/Tastyle-Coffee-Single-Classic-Version/dp/B0DHCJDJBW/ref=sr_1_42?dib=eyJ2IjoiMSJ9.6Clc1sxPIsez2ngRzIS3pwb1OYahqW_8BThElvIep_VsgoFxW_qVIvWZpJuuwz53YDu9yphz0h3EKyjsXLHlxCvU4HY2TCVRYDrFwQcsGmPcRnbaorprqwXVx_zhEEqiYOTjczLuV9mLVJfn5qJYtIQcxHWKo6kscsyZc3012fVinHvoMiOowNnpzMzTcXNe5N0hBk8HEBsTS_lp7_K0AmHjw_1NjTOstNggWTwV0xac9UEGq_lz8WvHa65y3MDrBc9E1FOnl-vy0YnS7oNKf4E0BJUDemQHeAFalK5DfKA.GKfoAlbI2Y4FHqmfqi9X-qb3a-_J1sx0d3lpsVLc0YE&dib_tag=se&keywords=coffee+maker&qid=1787916082&sr=8-42
2026-08-28 17:25:21 | INFO | amazon_scrapper | [17:30] Saved D:\Amazon Scrapper\AmazonScrapper\data\products\keyword_17_product_030.html
2026-08-28 17:25:22 | INFO | amazon_scrapper | [17:31] HTTP 200 https://www.amazon.com/Cuisinart-DCC-1200-Central-Programmable-Coffeemaker/dp/B00005IBX9/ref=sr_1_43?dib=eyJ2IjoiMSJ9.6Clc1sxPIsez2ngRzIS3pwb1OYahqW_8BThElvIep_VsgoFxW_qVIvWZpJuuwz53YDu9yphz0h3EKyjsXLHlxCvU4HY2TCVRYDrFwQcsGmPcRnbaorprqwXVx_zhEEqiYOTjczLuV9mLVJfn5qJYtIQcxHWKo6kscsyZc3012fVinHvoMiOowNnpzMzTcXNe5N0hBk8HEBsTS_lp7_K0AmHjw_1NjTOstNggWTwV0xac9UEGq_lz8WvHa65y3MDrBc9E1FOnl-vy0YnS7oNKf4E0BJUDemQHeAFalK5DfKA.GKfoAlbI2Y4FHqmfqi9X-qb3a-_J1sx0d3lpsVLc0YE&dib_tag=se&keywords=coffee+maker&qid=1787916082&sr=8-43
2026-08-28 17:25:22 | INFO | amazon_scrapper | [17:31] Saved D:\Amazon Scrapper\AmazonScrapper\data\products\keyword_17_product_031.html
2026-08-28 17:25:22 | INFO | amazon_scrapper | [17:33] HTTP 200 https://www.amazon.com/Elite-Gourmet-Automatic-Indicator-Stainless/dp/B08WBT3233/ref=sr_1_45?dib=eyJ2IjoiMSJ9.6Clc1sxPIsez2ngRzIS3pwb1OYahqW_8BThElvIep_VsgoFxW_qVIvWZpJuuwz53YDu9yphz0h3EKyjsXLHlxCvU4HY2TCVRYDrFwQcsGmPcRnbaorprqwXVx_zhEEqiYOTjczLuV9mLVJfn5qJYtIQcxHWKo6kscsyZc3012fVinHvoMiOowNnpzMzTcXNe5N0hBk8HEBsTS_lp7_K0AmHjw_1NjTOstNggWTwV0xac9UEGq_lz8WvHa65y3MDrBc9E1FOnl-vy0YnS7oNKf4E0BJUDemQHeAFalK5DfKA.GKfoAlbI2Y4FHqmfqi9X-qb3a-_J1sx0d3lpsVLc0YE&dib_tag=se&keywords=coffee+maker&qid=1787916082&sr=8-45
2026-08-28 17:25:22 | INFO | amazon_scrapper | [17:33] Saved D:\Amazon Scrapper\AmazonScrapper\data\products\keyword_17_product_033.html
2026-08-28 17:25:22 | INFO | amazon_scrapper | [17:32] HTTP 200 https://www.amazon.com/Cuisinart-DCC-3400-Stainless-Thermal-Coffeemaker/dp/B01N6T5QNO/ref=sr_1_44?dib=eyJ2IjoiMSJ9.6Clc1sxPIsez2ngRzIS3pwb1OYahqW_8BThElvIep_VsgoFxW_qVIvWZpJuuwz53YDu9yphz0h3EKyjsXLHlxCvU4HY2TCVRYDrFwQcsGmPcRnbaorprqwXVx_zhEEqiYOTjczLuV9mLVJfn5qJYtIQcxHWKo6kscsyZc3012fVinHvoMiOowNnpzMzTcXNe5N0hBk8HEBsTS_lp7_K0AmHjw_1NjTOstNggWTwV0xac9UEGq_lz8WvHa65y3MDrBc9E1FOnl-vy0YnS7oNKf4E0BJUDemQHeAFalK5DfKA.GKfoAlbI2Y4FHqmfqi9X-qb3a-_J1sx0d3lpsVLc0YE&dib_tag=se&keywords=coffee+maker&qid=1787916082&sr=8-44
2026-08-28 17:25:22 | INFO | amazon_scrapper | [17:32] Saved D:\Amazon Scrapper\AmazonScrapper\data\products\keyword_17_product_032.html
2026-08-28 17:25:23 | INFO | amazon_scrapper | [17:34] HTTP 200 https://www.amazon.com/Nostalgia-Classic-Retro-Coffee-Maker/dp/B0GGLB36C5/ref=sr_1_46?dib=eyJ2IjoiMSJ9.6Clc1sxPIsez2ngRzIS3pwb1OYahqW_8BThElvIep_VsgoFxW_qVIvWZpJuuwz53YDu9yphz0h3EKyjsXLHlxCvU4HY2TCVRYDrFwQcsGmPcRnbaorprqwXVx_zhEEqiYOTjczLuV9mLVJfn5qJYtIQcxHWKo6kscsyZc3012fVinHvoMiOowNnpzMzTcXNe5N0hBk8HEBsTS_lp7_K0AmHjw_1NjTOstNggWTwV0xac9UEGq_lz8WvHa65y3MDrBc9E1FOnl-vy0YnS7oNKf4E0BJUDemQHeAFalK5DfKA.GKfoAlbI2Y4FHqmfqi9X-qb3a-_J1sx0d3lpsVLc0YE&dib_tag=se&keywords=coffee+maker&qid=1787916082&sr=8-46
2026-08-28 17:25:23 | INFO | amazon_scrapper | [17:34] Saved D:\Amazon Scrapper\AmazonScrapper\data\products\keyword_17_product_034.html
2026-08-28 17:25:23 | INFO | amazon_scrapper | [17:35] HTTP 200 https://www.amazon.com/Aromvel-Coffee-Maker-Display-Machine/dp/B0HDBKMR2F/ref=sr_1_47?dib=eyJ2IjoiMSJ9.6Clc1sxPIsez2ngRzIS3pwb1OYahqW_8BThElvIep_VsgoFxW_qVIvWZpJuuwz53YDu9yphz0h3EKyjsXLHlxCvU4HY2TCVRYDrFwQcsGmPcRnbaorprqwXVx_zhEEqiYOTjczLuV9mLVJfn5qJYtIQcxHWKo6kscsyZc3012fVinHvoMiOowNnpzMzTcXNe5N0hBk8HEBsTS_lp7_K0AmHjw_1NjTOstNggWTwV0xac9UEGq_lz8WvHa65y3MDrBc9E1FOnl-vy0YnS7oNKf4E0BJUDemQHeAFalK5DfKA.GKfoAlbI2Y4FHqmfqi9X-qb3a-_J1sx0d3lpsVLc0YE&dib_tag=se&keywords=coffee+maker&qid=1787916082&sr=8-47
2026-08-28 17:25:23 | INFO | amazon_scrapper | [17:35] Saved D:\Amazon Scrapper\AmazonScrapper\data\products\keyword_17_product_035.html
2026-08-28 17:25:23 | INFO | amazon_scrapper | [17:36] HTTP 200 https://www.amazon.com/BLACK-DECKER-CM1110B-1-Programmable-Coffeemaker/dp/B098CHH298/ref=sr_1_48?dib=eyJ2IjoiMSJ9.6Clc1sxPIsez2ngRzIS3pwb1OYahqW_8BThElvIep_VsgoFxW_qVIvWZpJuuwz53YDu9yphz0h3EKyjsXLHlxCvU4HY2TCVRYDrFwQcsGmPcRnbaorprqwXVx_zhEEqiYOTjczLuV9mLVJfn5qJYtIQcxHWKo6kscsyZc3012fVinHvoMiOowNnpzMzTcXNe5N0hBk8HEBsTS_lp7_K0AmHjw_1NjTOstNggWTwV0xac9UEGq_lz8WvHa65y3MDrBc9E1FOnl-vy0YnS7oNKf4E0BJUDemQHeAFalK5DfKA.GKfoAlbI2Y4FHqmfqi9X-qb3a-_J1sx0d3lpsVLc0YE&dib_tag=se&keywords=coffee+maker&qid=1787916082&sr=8-48
2026-08-28 17:25:23 | INFO | amazon_scrapper | [17:36] Saved D:\Amazon Scrapper\AmazonScrapper\data\products\keyword_17_product_036.html
2026-08-28 17:25:24 | INFO | amazon_scrapper | [17:37] HTTP 200 https://www.amazon.com/Keurig-Compact-Portable-Machine-Offices/dp/B0G6NCZ3WK/ref=sr_1_49?dib=eyJ2IjoiMSJ9.6Clc1sxPIsez2ngRzIS3pwb1OYahqW_8BThElvIep_VsgoFxW_qVIvWZpJuuwz53YDu9yphz0h3EKyjsXLHlxCvU4HY2TCVRYDrFwQcsGmPcRnbaorprqwXVx_zhEEqiYOTjczLuV9mLVJfn5qJYtIQcxHWKo6kscsyZc3012fVinHvoMiOowNnpzMzTcXNe5N0hBk8HEBsTS_lp7_K0AmHjw_1NjTOstNggWTwV0xac9UEGq_lz8WvHa65y3MDrBc9E1FOnl-vy0YnS7oNKf4E0BJUDemQHeAFalK5DfKA.GKfoAlbI2Y4FHqmfqi9X-qb3a-_J1sx0d3lpsVLc0YE&dib_tag=se&keywords=coffee+maker&qid=1787916082&sr=8-49
2026-08-28 17:25:24 | INFO | amazon_scrapper | [17:37] Saved D:\Amazon Scrapper\AmazonScrapper\data\products\keyword_17_product_037.html
2026-08-28 17:25:24 | INFO | amazon_scrapper | [17:38] HTTP 200 https://www.amazon.com/BLACK-DECKER-CAF%C3%89CRAFT-12-Cup-Coffeemaker/dp/B0FLSLVSHB/ref=sr_1_50?dib=eyJ2IjoiMSJ9.6Clc1sxPIsez2ngRzIS3pwb1OYahqW_8BThElvIep_VsgoFxW_qVIvWZpJuuwz53YDu9yphz0h3EKyjsXLHlxCvU4HY2TCVRYDrFwQcsGmPcRnbaorprqwXVx_zhEEqiYOTjczLuV9mLVJfn5qJYtIQcxHWKo6kscsyZc3012fVinHvoMiOowNnpzMzTcXNe5N0hBk8HEBsTS_lp7_K0AmHjw_1NjTOstNggWTwV0xac9UEGq_lz8WvHa65y3MDrBc9E1FOnl-vy0YnS7oNKf4E0BJUDemQHeAFalK5DfKA.GKfoAlbI2Y4FHqmfqi9X-qb3a-_J1sx0d3lpsVLc0YE&dib_tag=se&keywords=coffee+maker&qid=1787916082&sr=8-50
2026-08-28 17:25:24 | INFO | amazon_scrapper | [17:38] Saved D:\Amazon Scrapper\AmazonScrapper\data\products\keyword_17_product_038.html
2026-08-28 17:25:25 | INFO | amazon_scrapper | [17:39] HTTP 200 https://www.amazon.com/QHH-Stainless-Airtight-Leak-Proof-coffee/dp/B0CGWS1M51/ref=sr_1_51?dib=eyJ2IjoiMSJ9.6Clc1sxPIsez2ngRzIS3pwb1OYahqW_8BThElvIep_VsgoFxW_qVIvWZpJuuwz53YDu9yphz0h3EKyjsXLHlxCvU4HY2TCVRYDrFwQcsGmPcRnbaorprqwXVx_zhEEqiYOTjczLuV9mLVJfn5qJYtIQcxHWKo6kscsyZc3012fVinHvoMiOowNnpzMzTcXNe5N0hBk8HEBsTS_lp7_K0AmHjw_1NjTOstNggWTwV0xac9UEGq_lz8WvHa65y3MDrBc9E1FOnl-vy0YnS7oNKf4E0BJUDemQHeAFalK5DfKA.GKfoAlbI2Y4FHqmfqi9X-qb3a-_J1sx0d3lpsVLc0YE&dib_tag=se&keywords=coffee+maker&qid=1787916082&sr=8-51
2026-08-28 17:25:25 | INFO | amazon_scrapper | [17:39] Saved D:\Amazon Scrapper\AmazonScrapper\data\products\keyword_17_product_039.html
2026-08-28 17:25:25 | INFO | amazon_scrapper | [17:40] HTTP 200 https://www.amazon.com/Elite-Gourmet-EHC113M-Single-Serve-Compatible/dp/B0B41D4PR1/ref=sr_1_52?dib=eyJ2IjoiMSJ9.6Clc1sxPIsez2ngRzIS3pwb1OYahqW_8BThElvIep_VsgoFxW_qVIvWZpJuuwz53YDu9yphz0h3EKyjsXLHlxCvU4HY2TCVRYDrFwQcsGmPcRnbaorprqwXVx_zhEEqiYOTjczLuV9mLVJfn5qJYtIQcxHWKo6kscsyZc3012fVinHvoMiOowNnpzMzTcXNe5N0hBk8HEBsTS_lp7_K0AmHjw_1NjTOstNggWTwV0xac9UEGq_lz8WvHa65y3MDrBc9E1FOnl-vy0YnS7oNKf4E0BJUDemQHeAFalK5DfKA.GKfoAlbI2Y4FHqmfqi9X-qb3a-_J1sx0d3lpsVLc0YE&dib_tag=se&keywords=coffee+maker&qid=1787916082&sr=8-52
2026-08-28 17:25:25 | INFO | amazon_scrapper | [17:40] Saved D:\Amazon Scrapper\AmazonScrapper\data\products\keyword_17_product_040.html
2026-08-28 17:25:25 | INFO | amazon_scrapper | [17:41] HTTP 200 https://www.amazon.com/OVENTE-Anti-Drip-Borosilicate-One-touch-CM412B/dp/B0CDFFF1P5/ref=sr_1_53?dib=eyJ2IjoiMSJ9.6Clc1sxPIsez2ngRzIS3pwb1OYahqW_8BThElvIep_VsgoFxW_qVIvWZpJuuwz53YDu9yphz0h3EKyjsXLHlxCvU4HY2TCVRYDrFwQcsGmPcRnbaorprqwXVx_zhEEqiYOTjczLuV9mLVJfn5qJYtIQcxHWKo6kscsyZc3012fVinHvoMiOowNnpzMzTcXNe5N0hBk8HEBsTS_lp7_K0AmHjw_1NjTOstNggWTwV0xac9UEGq_lz8WvHa65y3MDrBc9E1FOnl-vy0YnS7oNKf4E0BJUDemQHeAFalK5DfKA.GKfoAlbI2Y4FHqmfqi9X-qb3a-_J1sx0d3lpsVLc0YE&dib_tag=se&keywords=coffee+maker&qid=1787916082&sr=8-53
2026-08-28 17:25:25 | INFO | amazon_scrapper | [17:41] Saved D:\Amazon Scrapper\AmazonScrapper\data\products\keyword_17_product_041.html
2026-08-28 17:25:26 | INFO | amazon_scrapper | [17:42] HTTP 200 https://www.amazon.com/AIRMSEN-12-Cup-Programmable-Coffee-Maker/dp/B0FFN4JDNP/ref=sr_1_54?dib=eyJ2IjoiMSJ9.6Clc1sxPIsez2ngRzIS3pwb1OYahqW_8BThElvIep_VsgoFxW_qVIvWZpJuuwz53YDu9yphz0h3EKyjsXLHlxCvU4HY2TCVRYDrFwQcsGmPcRnbaorprqwXVx_zhEEqiYOTjczLuV9mLVJfn5qJYtIQcxHWKo6kscsyZc3012fVinHvoMiOowNnpzMzTcXNe5N0hBk8HEBsTS_lp7_K0AmHjw_1NjTOstNggWTwV0xac9UEGq_lz8WvHa65y3MDrBc9E1FOnl-vy0YnS7oNKf4E0BJUDemQHeAFalK5DfKA.GKfoAlbI2Y4FHqmfqi9X-qb3a-_J1sx0d3lpsVLc0YE&dib_tag=se&keywords=coffee+maker&qid=1787916082&sr=8-54
2026-08-28 17:25:26 | INFO | amazon_scrapper | [17:42] Saved D:\Amazon Scrapper\AmazonScrapper\data\products\keyword_17_product_042.html
2026-08-28 17:25:26 | INFO | amazon_scrapper | [17:43] HTTP 200 https://www.amazon.com/Hamilton-Beach-47950-Brewstation-Stainless/dp/B00AF7WUO2/ref=sr_1_55?dib=eyJ2IjoiMSJ9.6Clc1sxPIsez2ngRzIS3pwb1OYahqW_8BThElvIep_VsgoFxW_qVIvWZpJuuwz53YDu9yphz0h3EKyjsXLHlxCvU4HY2TCVRYDrFwQcsGmPcRnbaorprqwXVx_zhEEqiYOTjczLuV9mLVJfn5qJYtIQcxHWKo6kscsyZc3012fVinHvoMiOowNnpzMzTcXNe5N0hBk8HEBsTS_lp7_K0AmHjw_1NjTOstNggWTwV0xac9UEGq_lz8WvHa65y3MDrBc9E1FOnl-vy0YnS7oNKf4E0BJUDemQHeAFalK5DfKA.GKfoAlbI2Y4FHqmfqi9X-qb3a-_J1sx0d3lpsVLc0YE&dib_tag=se&keywords=coffee+maker&qid=1787916082&sr=8-55
2026-08-28 17:25:26 | INFO | amazon_scrapper | [17:43] Saved D:\Amazon Scrapper\AmazonScrapper\data\products\keyword_17_product_043.html
2026-08-28 17:25:27 | INFO | amazon_scrapper | [17:44] HTTP 200 https://www.amazon.com/Presto-02811-12-Cup-Stainless-Coffee/dp/B00006IV0Q/ref=sr_1_56?dib=eyJ2IjoiMSJ9.6Clc1sxPIsez2ngRzIS3pwb1OYahqW_8BThElvIep_VsgoFxW_qVIvWZpJuuwz53YDu9yphz0h3EKyjsXLHlxCvU4HY2TCVRYDrFwQcsGmPcRnbaorprqwXVx_zhEEqiYOTjczLuV9mLVJfn5qJYtIQcxHWKo6kscsyZc3012fVinHvoMiOowNnpzMzTcXNe5N0hBk8HEBsTS_lp7_K0AmHjw_1NjTOstNggWTwV0xac9UEGq_lz8WvHa65y3MDrBc9E1FOnl-vy0YnS7oNKf4E0BJUDemQHeAFalK5DfKA.GKfoAlbI2Y4FHqmfqi9X-qb3a-_J1sx0d3lpsVLc0YE&dib_tag=se&keywords=coffee+maker&qid=1787916082&sr=8-56
2026-08-28 17:25:27 | INFO | amazon_scrapper | [17:44] Saved D:\Amazon Scrapper\AmazonScrapper\data\products\keyword_17_product_044.html
2026-08-28 17:25:27 | INFO | amazon_scrapper | [17:45] HTTP 200 https://www.amazon.com/Hamilton-Beach-FlexBrew-Compatible-Grounds/dp/B0FTZZYP24/ref=sr_1_57?dib=eyJ2IjoiMSJ9.6Clc1sxPIsez2ngRzIS3pwb1OYahqW_8BThElvIep_VsgoFxW_qVIvWZpJuuwz53YDu9yphz0h3EKyjsXLHlxCvU4HY2TCVRYDrFwQcsGmPcRnbaorprqwXVx_zhEEqiYOTjczLuV9mLVJfn5qJYtIQcxHWKo6kscsyZc3012fVinHvoMiOowNnpzMzTcXNe5N0hBk8HEBsTS_lp7_K0AmHjw_1NjTOstNggWTwV0xac9UEGq_lz8WvHa65y3MDrBc9E1FOnl-vy0YnS7oNKf4E0BJUDemQHeAFalK5DfKA.GKfoAlbI2Y4FHqmfqi9X-qb3a-_J1sx0d3lpsVLc0YE&dib_tag=se&keywords=coffee+maker&qid=1787916082&sr=8-57
2026-08-28 17:25:27 | INFO | amazon_scrapper | [17:45] Saved D:\Amazon Scrapper\AmazonScrapper\data\products\keyword_17_product_045.html
2026-08-28 17:25:27 | INFO | amazon_scrapper | [17:46] HTTP 200 https://www.amazon.com/Keurig-K-Express-Removable-Reservoir-Lavender/dp/B0DWBJ6CM1/ref=sr_1_58?dib=eyJ2IjoiMSJ9.6Clc1sxPIsez2ngRzIS3pwb1OYahqW_8BThElvIep_VsgoFxW_qVIvWZpJuuwz53YDu9yphz0h3EKyjsXLHlxCvU4HY2TCVRYDrFwQcsGmPcRnbaorprqwXVx_zhEEqiYOTjczLuV9mLVJfn5qJYtIQcxHWKo6kscsyZc3012fVinHvoMiOowNnpzMzTcXNe5N0hBk8HEBsTS_lp7_K0AmHjw_1NjTOstNggWTwV0xac9UEGq_lz8WvHa65y3MDrBc9E1FOnl-vy0YnS7oNKf4E0BJUDemQHeAFalK5DfKA.GKfoAlbI2Y4FHqmfqi9X-qb3a-_J1sx0d3lpsVLc0YE&dib_tag=se&keywords=coffee+maker&qid=1787916082&sr=8-58
2026-08-28 17:25:27 | INFO | amazon_scrapper | [17:46] Saved D:\Amazon Scrapper\AmazonScrapper\data\products\keyword_17_product_046.html
2026-08-28 17:25:28 | INFO | amazon_scrapper | [17:47] HTTP 200 https://www.amazon.com/Coffee-High-Heat-Borosilicate-Reusable-Stainless/dp/B07KQVW6RR/ref=sr_1_59?dib=eyJ2IjoiMSJ9.6Clc1sxPIsez2ngRzIS3pwb1OYahqW_8BThElvIep_VsgoFxW_qVIvWZpJuuwz53YDu9yphz0h3EKyjsXLHlxCvU4HY2TCVRYDrFwQcsGmPcRnbaorprqwXVx_zhEEqiYOTjczLuV9mLVJfn5qJYtIQcxHWKo6kscsyZc3012fVinHvoMiOowNnpzMzTcXNe5N0hBk8HEBsTS_lp7_K0AmHjw_1NjTOstNggWTwV0xac9UEGq_lz8WvHa65y3MDrBc9E1FOnl-vy0YnS7oNKf4E0BJUDemQHeAFalK5DfKA.GKfoAlbI2Y4FHqmfqi9X-qb3a-_J1sx0d3lpsVLc0YE&dib_tag=se&keywords=coffee+maker&qid=1787916082&sr=8-59
2026-08-28 17:25:28 | INFO | amazon_scrapper | [17:47] Saved D:\Amazon Scrapper\AmazonScrapper\data\products\keyword_17_product_047.html
2026-08-28 17:25:29 | INFO | amazon_scrapper | [17:48] HTTP 200 https://www.amazon.com/KRUPS-Newer-Model-Coffee-Silver/dp/B08PP1H7QK/ref=sr_1_60?dib=eyJ2IjoiMSJ9.6Clc1sxPIsez2ngRzIS3pwb1OYahqW_8BThElvIep_VsgoFxW_qVIvWZpJuuwz53YDu9yphz0h3EKyjsXLHlxCvU4HY2TCVRYDrFwQcsGmPcRnbaorprqwXVx_zhEEqiYOTjczLuV9mLVJfn5qJYtIQcxHWKo6kscsyZc3012fVinHvoMiOowNnpzMzTcXNe5N0hBk8HEBsTS_lp7_K0AmHjw_1NjTOstNggWTwV0xac9UEGq_lz8WvHa65y3MDrBc9E1FOnl-vy0YnS7oNKf4E0BJUDemQHeAFalK5DfKA.GKfoAlbI2Y4FHqmfqi9X-qb3a-_J1sx0d3lpsVLc0YE&dib_tag=se&keywords=coffee+maker&qid=1787916082&sr=8-60
2026-08-28 17:25:29 | INFO | amazon_scrapper | [17:48] Saved D:\Amazon Scrapper\AmazonScrapper\data\products\keyword_17_product_048.html
2026-08-28 17:25:29 | INFO | amazon_scrapper | [18:1] HTTP 200 https://www.amazon.com/Gaming-Adults-Ergonomic-7-Point-Support/dp/B0H6SD9317/ref=sr_1_5?dib=eyJ2IjoiMSJ9.eFy3NimfedgDYwZC3oLaz_NT-83HHLEbCruSWwl37z053mBVBaSiDKx7KRxrvQcjbLfWP6bYKHYFA5XUzGv1JPUxO_gaR1pvTSpQgk9JOUI3t2TcEmH1kJfN5r4KaOLpqSWLhIzG8G5oeflGIKgwOgfTFbhXYT8HsQTA_MWUj2cUA8XJ_2cQF4chX-yRrTmt_yD9d1NxTOt5Kwb-PX2-b_i_8t6k35ru1MLdieFg_Y5ru1e4FipEX0VV31m3cBtYpfZ7TCoB6txohQD6WAXpbt6mobpskyjvxI7_SOR6LkU.12ngcU3kfnAusvV1AXa-Izk2RO6se0be8clWRLcURqk&dib_tag=se&keywords=gaming+chair&qid=1787916091&sr=8-5
2026-08-28 17:25:29 | INFO | amazon_scrapper | [18:1] Saved D:\Amazon Scrapper\AmazonScrapper\data\products\keyword_18_product_001.html
2026-08-28 17:25:29 | INFO | amazon_scrapper | [18:2] HTTP 200 https://www.amazon.com/Gaming-Ergonomic-Footstool-Lumbar-Support/dp/B0H49HVCPW/ref=sr_1_6?dib=eyJ2IjoiMSJ9.eFy3NimfedgDYwZC3oLaz_NT-83HHLEbCruSWwl37z053mBVBaSiDKx7KRxrvQcjbLfWP6bYKHYFA5XUzGv1JPUxO_gaR1pvTSpQgk9JOUI3t2TcEmH1kJfN5r4KaOLpqSWLhIzG8G5oeflGIKgwOgfTFbhXYT8HsQTA_MWUj2cUA8XJ_2cQF4chX-yRrTmt_yD9d1NxTOt5Kwb-PX2-b_i_8t6k35ru1MLdieFg_Y5ru1e4FipEX0VV31m3cBtYpfZ7TCoB6txohQD6WAXpbt6mobpskyjvxI7_SOR6LkU.12ngcU3kfnAusvV1AXa-Izk2RO6se0be8clWRLcURqk&dib_tag=se&keywords=gaming+chair&qid=1787916091&sr=8-6
2026-08-28 17:25:29 | INFO | amazon_scrapper | [18:2] Saved D:\Amazon Scrapper\AmazonScrapper\data\products\keyword_18_product_002.html
2026-08-28 17:25:29 | INFO | amazon_scrapper | [18:3] HTTP 200 https://www.amazon.com/GTPLAYER-Computer-Armrests-Footrest-Ergonomic/dp/B0F9YFX3QN/ref=sr_1_7?dib=eyJ2IjoiMSJ9.eFy3NimfedgDYwZC3oLaz_NT-83HHLEbCruSWwl37z053mBVBaSiDKx7KRxrvQcjbLfWP6bYKHYFA5XUzGv1JPUxO_gaR1pvTSpQgk9JOUI3t2TcEmH1kJfN5r4KaOLpqSWLhIzG8G5oeflGIKgwOgfTFbhXYT8HsQTA_MWUj2cUA8XJ_2cQF4chX-yRrTmt_yD9d1NxTOt5Kwb-PX2-b_i_8t6k35ru1MLdieFg_Y5ru1e4FipEX0VV31m3cBtYpfZ7TCoB6txohQD6WAXpbt6mobpskyjvxI7_SOR6LkU.12ngcU3kfnAusvV1AXa-Izk2RO6se0be8clWRLcURqk&dib_tag=se&keywords=gaming+chair&qid=1787916091&sr=8-7
2026-08-28 17:25:29 | INFO | amazon_scrapper | [18:3] Saved D:\Amazon Scrapper\AmazonScrapper\data\products\keyword_18_product_003.html
2026-08-28 17:25:30 | INFO | amazon_scrapper | [18:4] HTTP 200 https://www.amazon.com/Gaming-Adults-Footrest-Ergonomic-Computer/dp/B0H82WWZ1D/ref=sr_1_8?dib=eyJ2IjoiMSJ9.eFy3NimfedgDYwZC3oLaz_NT-83HHLEbCruSWwl37z053mBVBaSiDKx7KRxrvQcjbLfWP6bYKHYFA5XUzGv1JPUxO_gaR1pvTSpQgk9JOUI3t2TcEmH1kJfN5r4KaOLpqSWLhIzG8G5oeflGIKgwOgfTFbhXYT8HsQTA_MWUj2cUA8XJ_2cQF4chX-yRrTmt_yD9d1NxTOt5Kwb-PX2-b_i_8t6k35ru1MLdieFg_Y5ru1e4FipEX0VV31m3cBtYpfZ7TCoB6txohQD6WAXpbt6mobpskyjvxI7_SOR6LkU.12ngcU3kfnAusvV1AXa-Izk2RO6se0be8clWRLcURqk&dib_tag=se&keywords=gaming+chair&qid=1787916091&sr=8-8
2026-08-28 17:25:30 | INFO | amazon_scrapper | [18:4] Saved D:\Amazon Scrapper\AmazonScrapper\data\products\keyword_18_product_004.html
2026-08-28 17:25:31 | INFO | amazon_scrapper | [18:5] HTTP 200 https://www.amazon.com/Gaming-Adults-Footrest-Ergonomic-Computer/dp/B0HBNDKB2X/ref=sr_1_9?dib=eyJ2IjoiMSJ9.eFy3NimfedgDYwZC3oLaz_NT-83HHLEbCruSWwl37z053mBVBaSiDKx7KRxrvQcjbLfWP6bYKHYFA5XUzGv1JPUxO_gaR1pvTSpQgk9JOUI3t2TcEmH1kJfN5r4KaOLpqSWLhIzG8G5oeflGIKgwOgfTFbhXYT8HsQTA_MWUj2cUA8XJ_2cQF4chX-yRrTmt_yD9d1NxTOt5Kwb-PX2-b_i_8t6k35ru1MLdieFg_Y5ru1e4FipEX0VV31m3cBtYpfZ7TCoB6txohQD6WAXpbt6mobpskyjvxI7_SOR6LkU.12ngcU3kfnAusvV1AXa-Izk2RO6se0be8clWRLcURqk&dib_tag=se&keywords=gaming+chair&qid=1787916091&sr=8-9
2026-08-28 17:25:31 | INFO | amazon_scrapper | [18:5] Saved D:\Amazon Scrapper\AmazonScrapper\data\products\keyword_18_product_005.html
2026-08-28 17:25:31 | INFO | amazon_scrapper | [18:6] HTTP 200 https://www.amazon.com/GTPLAYER-Computer-Footrest-Adjustable-360%C2%B0-Swivel/dp/B08B12P6CS/ref=sr_1_10?dib=eyJ2IjoiMSJ9.eFy3NimfedgDYwZC3oLaz_NT-83HHLEbCruSWwl37z053mBVBaSiDKx7KRxrvQcjbLfWP6bYKHYFA5XUzGv1JPUxO_gaR1pvTSpQgk9JOUI3t2TcEmH1kJfN5r4KaOLpqSWLhIzG8G5oeflGIKgwOgfTFbhXYT8HsQTA_MWUj2cUA8XJ_2cQF4chX-yRrTmt_yD9d1NxTOt5Kwb-PX2-b_i_8t6k35ru1MLdieFg_Y5ru1e4FipEX0VV31m3cBtYpfZ7TCoB6txohQD6WAXpbt6mobpskyjvxI7_SOR6LkU.12ngcU3kfnAusvV1AXa-Izk2RO6se0be8clWRLcURqk&dib_tag=se&keywords=gaming+chair&qid=1787916091&sr=8-10
2026-08-28 17:25:31 | INFO | amazon_scrapper | [18:6] Saved D:\Amazon Scrapper\AmazonScrapper\data\products\keyword_18_product_006.html
2026-08-28 17:25:31 | INFO | amazon_scrapper | [18:7] HTTP 200 https://www.amazon.com/GTPLAYER-Ergonomic-Computer-Reclining-Off-White/dp/B0GSPDRHW1/ref=sr_1_15?dib=eyJ2IjoiMSJ9.eFy3NimfedgDYwZC3oLaz_NT-83HHLEbCruSWwl37z053mBVBaSiDKx7KRxrvQcjbLfWP6bYKHYFA5XUzGv1JPUxO_gaR1pvTSpQgk9JOUI3t2TcEmH1kJfN5r4KaOLpqSWLhIzG8G5oeflGIKgwOgfTFbhXYT8HsQTA_MWUj2cUA8XJ_2cQF4chX-yRrTmt_yD9d1NxTOt5Kwb-PX2-b_i_8t6k35ru1MLdieFg_Y5ru1e4FipEX0VV31m3cBtYpfZ7TCoB6txohQD6WAXpbt6mobpskyjvxI7_SOR6LkU.12ngcU3kfnAusvV1AXa-Izk2RO6se0be8clWRLcURqk&dib_tag=se&keywords=gaming+chair&qid=1787916091&sr=8-15
2026-08-28 17:25:31 | INFO | amazon_scrapper | [18:7] Saved D:\Amazon Scrapper\AmazonScrapper\data\products\keyword_18_product_007.html
2026-08-28 17:25:31 | INFO | amazon_scrapper | [18:8] HTTP 200 https://www.amazon.com/GTPLAYER-Cushion-Gamings-Computer-Footrest/dp/B0FN3JSVNZ/ref=sr_1_16?dib=eyJ2IjoiMSJ9.eFy3NimfedgDYwZC3oLaz_NT-83HHLEbCruSWwl37z053mBVBaSiDKx7KRxrvQcjbLfWP6bYKHYFA5XUzGv1JPUxO_gaR1pvTSpQgk9JOUI3t2TcEmH1kJfN5r4KaOLpqSWLhIzG8G5oeflGIKgwOgfTFbhXYT8HsQTA_MWUj2cUA8XJ_2cQF4chX-yRrTmt_yD9d1NxTOt5Kwb-PX2-b_i_8t6k35ru1MLdieFg_Y5ru1e4FipEX0VV31m3cBtYpfZ7TCoB6txohQD6WAXpbt6mobpskyjvxI7_SOR6LkU.12ngcU3kfnAusvV1AXa-Izk2RO6se0be8clWRLcURqk&dib_tag=se&keywords=gaming+chair&qid=1787916091&sr=8-16
2026-08-28 17:25:31 | INFO | amazon_scrapper | [18:8] Saved D:\Amazon Scrapper\AmazonScrapper\data\products\keyword_18_product_008.html
2026-08-28 17:25:32 | INFO | amazon_scrapper | [18:9] HTTP 200 https://www.amazon.com/Gaming-Adults-Footrest-Ergonomic-Computer/dp/B0H7XF1D5Z/ref=sr_1_17?dib=eyJ2IjoiMSJ9.eFy3NimfedgDYwZC3oLaz_NT-83HHLEbCruSWwl37z053mBVBaSiDKx7KRxrvQcjbLfWP6bYKHYFA5XUzGv1JPUxO_gaR1pvTSpQgk9JOUI3t2TcEmH1kJfN5r4KaOLpqSWLhIzG8G5oeflGIKgwOgfTFbhXYT8HsQTA_MWUj2cUA8XJ_2cQF4chX-yRrTmt_yD9d1NxTOt5Kwb-PX2-b_i_8t6k35ru1MLdieFg_Y5ru1e4FipEX0VV31m3cBtYpfZ7TCoB6txohQD6WAXpbt6mobpskyjvxI7_SOR6LkU.12ngcU3kfnAusvV1AXa-Izk2RO6se0be8clWRLcURqk&dib_tag=se&keywords=gaming+chair&qid=1787916091&sr=8-17
2026-08-28 17:25:32 | INFO | amazon_scrapper | [18:9] Saved D:\Amazon Scrapper\AmazonScrapper\data\products\keyword_18_product_009.html
2026-08-28 17:25:33 | INFO | amazon_scrapper | [18:10] HTTP 200 https://www.amazon.com/Dowinx-Ergonomic-Footrest-2D-Linkage-Streaming/dp/B0FRMS6KF3/ref=sr_1_18?dib=eyJ2IjoiMSJ9.eFy3NimfedgDYwZC3oLaz_NT-83HHLEbCruSWwl37z053mBVBaSiDKx7KRxrvQcjbLfWP6bYKHYFA5XUzGv1JPUxO_gaR1pvTSpQgk9JOUI3t2TcEmH1kJfN5r4KaOLpqSWLhIzG8G5oeflGIKgwOgfTFbhXYT8HsQTA_MWUj2cUA8XJ_2cQF4chX-yRrTmt_yD9d1NxTOt5Kwb-PX2-b_i_8t6k35ru1MLdieFg_Y5ru1e4FipEX0VV31m3cBtYpfZ7TCoB6txohQD6WAXpbt6mobpskyjvxI7_SOR6LkU.12ngcU3kfnAusvV1AXa-Izk2RO6se0be8clWRLcURqk&dib_tag=se&keywords=gaming+chair&qid=1787916091&sr=8-18
2026-08-28 17:25:33 | INFO | amazon_scrapper | [18:10] Saved D:\Amazon Scrapper\AmazonScrapper\data\products\keyword_18_product_010.html
2026-08-28 17:25:33 | INFO | amazon_scrapper | [18:11] HTTP 200 https://www.amazon.com/GTPLAYER-Computer-Ergonomic-Adjustable-Removable/dp/B0H8DBTLV6/ref=sr_1_23?dib=eyJ2IjoiMSJ9.eFy3NimfedgDYwZC3oLaz_NT-83HHLEbCruSWwl37z053mBVBaSiDKx7KRxrvQcjbLfWP6bYKHYFA5XUzGv1JPUxO_gaR1pvTSpQgk9JOUI3t2TcEmH1kJfN5r4KaOLpqSWLhIzG8G5oeflGIKgwOgfTFbhXYT8HsQTA_MWUj2cUA8XJ_2cQF4chX-yRrTmt_yD9d1NxTOt5Kwb-PX2-b_i_8t6k35ru1MLdieFg_Y5ru1e4FipEX0VV31m3cBtYpfZ7TCoB6txohQD6WAXpbt6mobpskyjvxI7_SOR6LkU.12ngcU3kfnAusvV1AXa-Izk2RO6se0be8clWRLcURqk&dib_tag=se&keywords=gaming+chair&qid=1787916091&sr=8-23
2026-08-28 17:25:33 | INFO | amazon_scrapper | [18:11] Saved D:\Amazon Scrapper\AmazonScrapper\data\products\keyword_18_product_011.html
2026-08-28 17:25:33 | INFO | amazon_scrapper | [18:12] HTTP 200 https://www.amazon.com/Corsair-TC100-Relaxed-Gaming-Chair/dp/B0BN6RRD5V/ref=sr_1_24?dib=eyJ2IjoiMSJ9.eFy3NimfedgDYwZC3oLaz_NT-83HHLEbCruSWwl37z053mBVBaSiDKx7KRxrvQcjbLfWP6bYKHYFA5XUzGv1JPUxO_gaR1pvTSpQgk9JOUI3t2TcEmH1kJfN5r4KaOLpqSWLhIzG8G5oeflGIKgwOgfTFbhXYT8HsQTA_MWUj2cUA8XJ_2cQF4chX-yRrTmt_yD9d1NxTOt5Kwb-PX2-b_i_8t6k35ru1MLdieFg_Y5ru1e4FipEX0VV31m3cBtYpfZ7TCoB6txohQD6WAXpbt6mobpskyjvxI7_SOR6LkU.12ngcU3kfnAusvV1AXa-Izk2RO6se0be8clWRLcURqk&dib_tag=se&keywords=gaming+chair&qid=1787916091&sr=8-24
2026-08-28 17:25:33 | INFO | amazon_scrapper | [18:12] Saved D:\Amazon Scrapper\AmazonScrapper\data\products\keyword_18_product_012.html
2026-08-28 17:25:33 | INFO | amazon_scrapper | [18:13] HTTP 200 https://www.amazon.com/HapGIFT-Ergonomic-Computer-Armrest-Adujustable/dp/B0GVZYSLK2/ref=sr_1_25?dib=eyJ2IjoiMSJ9.eFy3NimfedgDYwZC3oLaz_NT-83HHLEbCruSWwl37z053mBVBaSiDKx7KRxrvQcjbLfWP6bYKHYFA5XUzGv1JPUxO_gaR1pvTSpQgk9JOUI3t2TcEmH1kJfN5r4KaOLpqSWLhIzG8G5oeflGIKgwOgfTFbhXYT8HsQTA_MWUj2cUA8XJ_2cQF4chX-yRrTmt_yD9d1NxTOt5Kwb-PX2-b_i_8t6k35ru1MLdieFg_Y5ru1e4FipEX0VV31m3cBtYpfZ7TCoB6txohQD6WAXpbt6mobpskyjvxI7_SOR6LkU.12ngcU3kfnAusvV1AXa-Izk2RO6se0be8clWRLcURqk&dib_tag=se&keywords=gaming+chair&qid=1787916091&sr=8-25
2026-08-28 17:25:33 | INFO | amazon_scrapper | [18:13] Saved D:\Amazon Scrapper\AmazonScrapper\data\products\keyword_18_product_013.html
2026-08-28 17:25:34 | INFO | amazon_scrapper | [18:14] HTTP 200 https://www.amazon.com/Marsail-Ergonomic-Office-Chair-Adjustable/dp/B0CP22DQQS/ref=sr_1_26?dib=eyJ2IjoiMSJ9.eFy3NimfedgDYwZC3oLaz_NT-83HHLEbCruSWwl37z053mBVBaSiDKx7KRxrvQcjbLfWP6bYKHYFA5XUzGv1JPUxO_gaR1pvTSpQgk9JOUI3t2TcEmH1kJfN5r4KaOLpqSWLhIzG8G5oeflGIKgwOgfTFbhXYT8HsQTA_MWUj2cUA8XJ_2cQF4chX-yRrTmt_yD9d1NxTOt5Kwb-PX2-b_i_8t6k35ru1MLdieFg_Y5ru1e4FipEX0VV31m3cBtYpfZ7TCoB6txohQD6WAXpbt6mobpskyjvxI7_SOR6LkU.12ngcU3kfnAusvV1AXa-Izk2RO6se0be8clWRLcURqk&dib_tag=se&keywords=gaming+chair&qid=1787916091&sr=8-26
2026-08-28 17:25:34 | INFO | amazon_scrapper | [18:14] Saved D:\Amazon Scrapper\AmazonScrapper\data\products\keyword_18_product_014.html
2026-08-28 17:25:34 | INFO | amazon_scrapper | [18:15] HTTP 200 https://www.amazon.com/GTPLAYER-Cushion-Computer-Footrest-Support/dp/B0D4TKP2M1/ref=sr_1_27?dib=eyJ2IjoiMSJ9.eFy3NimfedgDYwZC3oLaz_NT-83HHLEbCruSWwl37z053mBVBaSiDKx7KRxrvQcjbLfWP6bYKHYFA5XUzGv1JPUxO_gaR1pvTSpQgk9JOUI3t2TcEmH1kJfN5r4KaOLpqSWLhIzG8G5oeflGIKgwOgfTFbhXYT8HsQTA_MWUj2cUA8XJ_2cQF4chX-yRrTmt_yD9d1NxTOt5Kwb-PX2-b_i_8t6k35ru1MLdieFg_Y5ru1e4FipEX0VV31m3cBtYpfZ7TCoB6txohQD6WAXpbt6mobpskyjvxI7_SOR6LkU.12ngcU3kfnAusvV1AXa-Izk2RO6se0be8clWRLcURqk&dib_tag=se&keywords=gaming+chair&qid=1787916091&sr=8-27
2026-08-28 17:25:34 | INFO | amazon_scrapper | [18:15] Saved D:\Amazon Scrapper\AmazonScrapper\data\products\keyword_18_product_015.html
2026-08-28 17:25:35 | INFO | amazon_scrapper | [18:16] HTTP 200 https://www.amazon.com/Gaming-Ergonomic-Computer-Footrest-Support/dp/B0GXVVVDTY/ref=sr_1_28?dib=eyJ2IjoiMSJ9.eFy3NimfedgDYwZC3oLaz_NT-83HHLEbCruSWwl37z053mBVBaSiDKx7KRxrvQcjbLfWP6bYKHYFA5XUzGv1JPUxO_gaR1pvTSpQgk9JOUI3t2TcEmH1kJfN5r4KaOLpqSWLhIzG8G5oeflGIKgwOgfTFbhXYT8HsQTA_MWUj2cUA8XJ_2cQF4chX-yRrTmt_yD9d1NxTOt5Kwb-PX2-b_i_8t6k35ru1MLdieFg_Y5ru1e4FipEX0VV31m3cBtYpfZ7TCoB6txohQD6WAXpbt6mobpskyjvxI7_SOR6LkU.12ngcU3kfnAusvV1AXa-Izk2RO6se0be8clWRLcURqk&dib_tag=se&keywords=gaming+chair&qid=1787916091&sr=8-28
2026-08-28 17:25:35 | INFO | amazon_scrapper | [18:16] Saved D:\Amazon Scrapper\AmazonScrapper\data\products\keyword_18_product_016.html
2026-08-28 17:25:35 | INFO | amazon_scrapper | [18:17] HTTP 200 https://www.amazon.com/CAPOT-Ergonomic-Adjustable-Backrest-Headrest/dp/B0D9VPSQM7/ref=sr_1_29?dib=eyJ2IjoiMSJ9.eFy3NimfedgDYwZC3oLaz_NT-83HHLEbCruSWwl37z053mBVBaSiDKx7KRxrvQcjbLfWP6bYKHYFA5XUzGv1JPUxO_gaR1pvTSpQgk9JOUI3t2TcEmH1kJfN5r4KaOLpqSWLhIzG8G5oeflGIKgwOgfTFbhXYT8HsQTA_MWUj2cUA8XJ_2cQF4chX-yRrTmt_yD9d1NxTOt5Kwb-PX2-b_i_8t6k35ru1MLdieFg_Y5ru1e4FipEX0VV31m3cBtYpfZ7TCoB6txohQD6WAXpbt6mobpskyjvxI7_SOR6LkU.12ngcU3kfnAusvV1AXa-Izk2RO6se0be8clWRLcURqk&dib_tag=se&keywords=gaming+chair&qid=1787916091&sr=8-29
2026-08-28 17:25:35 | INFO | amazon_scrapper | [18:17] Saved D:\Amazon Scrapper\AmazonScrapper\data\products\keyword_18_product_017.html
2026-08-28 17:25:35 | INFO | amazon_scrapper | [18:18] HTTP 200 https://www.amazon.com/Ergonomic-Capacity-Computer-Comfortable-Executive/dp/B0DGK8TG51/ref=sr_1_30?dib=eyJ2IjoiMSJ9.eFy3NimfedgDYwZC3oLaz_NT-83HHLEbCruSWwl37z053mBVBaSiDKx7KRxrvQcjbLfWP6bYKHYFA5XUzGv1JPUxO_gaR1pvTSpQgk9JOUI3t2TcEmH1kJfN5r4KaOLpqSWLhIzG8G5oeflGIKgwOgfTFbhXYT8HsQTA_MWUj2cUA8XJ_2cQF4chX-yRrTmt_yD9d1NxTOt5Kwb-PX2-b_i_8t6k35ru1MLdieFg_Y5ru1e4FipEX0VV31m3cBtYpfZ7TCoB6txohQD6WAXpbt6mobpskyjvxI7_SOR6LkU.12ngcU3kfnAusvV1AXa-Izk2RO6se0be8clWRLcURqk&dib_tag=se&keywords=gaming+chair&qid=1787916091&sr=8-30
2026-08-28 17:25:35 | INFO | amazon_scrapper | [18:18] Saved D:\Amazon Scrapper\AmazonScrapper\data\products\keyword_18_product_018.html
2026-08-28 17:25:36 | INFO | amazon_scrapper | [18:19] HTTP 200 https://www.amazon.com/TRALT-Office-Ergonomic-Chairs-Comfortable/dp/B0CG6TN45R/ref=sr_1_31?dib=eyJ2IjoiMSJ9.eFy3NimfedgDYwZC3oLaz_NT-83HHLEbCruSWwl37z053mBVBaSiDKx7KRxrvQcjbLfWP6bYKHYFA5XUzGv1JPUxO_gaR1pvTSpQgk9JOUI3t2TcEmH1kJfN5r4KaOLpqSWLhIzG8G5oeflGIKgwOgfTFbhXYT8HsQTA_MWUj2cUA8XJ_2cQF4chX-yRrTmt_yD9d1NxTOt5Kwb-PX2-b_i_8t6k35ru1MLdieFg_Y5ru1e4FipEX0VV31m3cBtYpfZ7TCoB6txohQD6WAXpbt6mobpskyjvxI7_SOR6LkU.12ngcU3kfnAusvV1AXa-Izk2RO6se0be8clWRLcURqk&dib_tag=se&keywords=gaming+chair&qid=1787916091&sr=8-31
2026-08-28 17:25:36 | INFO | amazon_scrapper | [18:19] Saved D:\Amazon Scrapper\AmazonScrapper\data\products\keyword_18_product_019.html
2026-08-28 17:25:37 | INFO | amazon_scrapper | [18:20] HTTP 200 https://www.amazon.com/Sweetcrispy-Computer-Video-Game-Chair/dp/B0FFGK32C5/ref=sr_1_32?dib=eyJ2IjoiMSJ9.eFy3NimfedgDYwZC3oLaz_NT-83HHLEbCruSWwl37z053mBVBaSiDKx7KRxrvQcjbLfWP6bYKHYFA5XUzGv1JPUxO_gaR1pvTSpQgk9JOUI3t2TcEmH1kJfN5r4KaOLpqSWLhIzG8G5oeflGIKgwOgfTFbhXYT8HsQTA_MWUj2cUA8XJ_2cQF4chX-yRrTmt_yD9d1NxTOt5Kwb-PX2-b_i_8t6k35ru1MLdieFg_Y5ru1e4FipEX0VV31m3cBtYpfZ7TCoB6txohQD6WAXpbt6mobpskyjvxI7_SOR6LkU.12ngcU3kfnAusvV1AXa-Izk2RO6se0be8clWRLcURqk&dib_tag=se&keywords=gaming+chair&qid=1787916091&sr=8-32
2026-08-28 17:25:37 | INFO | amazon_scrapper | [18:20] Saved D:\Amazon Scrapper\AmazonScrapper\data\products\keyword_18_product_020.html
2026-08-28 17:25:37 | INFO | amazon_scrapper | [18:21] HTTP 200 https://www.amazon.com/Gaming-Ergonomic-Computer-Footrest-Support/dp/B0H6PZMQ1L/ref=sr_1_33?dib=eyJ2IjoiMSJ9.eFy3NimfedgDYwZC3oLaz_NT-83HHLEbCruSWwl37z053mBVBaSiDKx7KRxrvQcjbLfWP6bYKHYFA5XUzGv1JPUxO_gaR1pvTSpQgk9JOUI3t2TcEmH1kJfN5r4KaOLpqSWLhIzG8G5oeflGIKgwOgfTFbhXYT8HsQTA_MWUj2cUA8XJ_2cQF4chX-yRrTmt_yD9d1NxTOt5Kwb-PX2-b_i_8t6k35ru1MLdieFg_Y5ru1e4FipEX0VV31m3cBtYpfZ7TCoB6txohQD6WAXpbt6mobpskyjvxI7_SOR6LkU.12ngcU3kfnAusvV1AXa-Izk2RO6se0be8clWRLcURqk&dib_tag=se&keywords=gaming+chair&qid=1787916091&sr=8-33
2026-08-28 17:25:37 | INFO | amazon_scrapper | [18:21] Saved D:\Amazon Scrapper\AmazonScrapper\data\products\keyword_18_product_021.html
2026-08-28 17:25:37 | INFO | amazon_scrapper | [18:22] HTTP 200 https://www.amazon.com/GTPLAYER-Computer-Armrests-Footrest-Ergonomic/dp/B0D8T39GS1/ref=sr_1_34?dib=eyJ2IjoiMSJ9.eFy3NimfedgDYwZC3oLaz_NT-83HHLEbCruSWwl37z053mBVBaSiDKx7KRxrvQcjbLfWP6bYKHYFA5XUzGv1JPUxO_gaR1pvTSpQgk9JOUI3t2TcEmH1kJfN5r4KaOLpqSWLhIzG8G5oeflGIKgwOgfTFbhXYT8HsQTA_MWUj2cUA8XJ_2cQF4chX-yRrTmt_yD9d1NxTOt5Kwb-PX2-b_i_8t6k35ru1MLdieFg_Y5ru1e4FipEX0VV31m3cBtYpfZ7TCoB6txohQD6WAXpbt6mobpskyjvxI7_SOR6LkU.12ngcU3kfnAusvV1AXa-Izk2RO6se0be8clWRLcURqk&dib_tag=se&keywords=gaming+chair&qid=1787916091&sr=8-34
2026-08-28 17:25:37 | INFO | amazon_scrapper | [18:22] Saved D:\Amazon Scrapper\AmazonScrapper\data\products\keyword_18_product_022.html
2026-08-28 17:25:37 | INFO | amazon_scrapper | [18:23] HTTP 200 https://www.amazon.com/VENTUVIBE-Gaming-Chair-Ergonomic-Adjustable/dp/B0G2BPN56M/ref=sr_1_35?dib=eyJ2IjoiMSJ9.eFy3NimfedgDYwZC3oLaz_NT-83HHLEbCruSWwl37z053mBVBaSiDKx7KRxrvQcjbLfWP6bYKHYFA5XUzGv1JPUxO_gaR1pvTSpQgk9JOUI3t2TcEmH1kJfN5r4KaOLpqSWLhIzG8G5oeflGIKgwOgfTFbhXYT8HsQTA_MWUj2cUA8XJ_2cQF4chX-yRrTmt_yD9d1NxTOt5Kwb-PX2-b_i_8t6k35ru1MLdieFg_Y5ru1e4FipEX0VV31m3cBtYpfZ7TCoB6txohQD6WAXpbt6mobpskyjvxI7_SOR6LkU.12ngcU3kfnAusvV1AXa-Izk2RO6se0be8clWRLcURqk&dib_tag=se&keywords=gaming+chair&qid=1787916091&sr=8-35
2026-08-28 17:25:37 | INFO | amazon_scrapper | [18:23] Saved D:\Amazon Scrapper\AmazonScrapper\data\products\keyword_18_product_023.html
2026-08-28 17:25:38 | INFO | amazon_scrapper | [18:24] HTTP 200 https://www.amazon.com/ALLGOD-Desk-Chair-Computer-footrest/dp/B0GS5QKBP2/ref=sr_1_36?dib=eyJ2IjoiMSJ9.eFy3NimfedgDYwZC3oLaz_NT-83HHLEbCruSWwl37z053mBVBaSiDKx7KRxrvQcjbLfWP6bYKHYFA5XUzGv1JPUxO_gaR1pvTSpQgk9JOUI3t2TcEmH1kJfN5r4KaOLpqSWLhIzG8G5oeflGIKgwOgfTFbhXYT8HsQTA_MWUj2cUA8XJ_2cQF4chX-yRrTmt_yD9d1NxTOt5Kwb-PX2-b_i_8t6k35ru1MLdieFg_Y5ru1e4FipEX0VV31m3cBtYpfZ7TCoB6txohQD6WAXpbt6mobpskyjvxI7_SOR6LkU.12ngcU3kfnAusvV1AXa-Izk2RO6se0be8clWRLcURqk&dib_tag=se&keywords=gaming+chair&qid=1787916091&sr=8-36
2026-08-28 17:25:38 | INFO | amazon_scrapper | [18:24] Saved D:\Amazon Scrapper\AmazonScrapper\data\products\keyword_18_product_024.html
2026-08-28 17:25:38 | INFO | amazon_scrapper | [18:25] HTTP 200 https://www.amazon.com/Gaming-Ergonomic-Computer-Footrest-Support/dp/B0GXVTGXC2/ref=sr_1_37?dib=eyJ2IjoiMSJ9.eFy3NimfedgDYwZC3oLaz_NT-83HHLEbCruSWwl37z053mBVBaSiDKx7KRxrvQcjbLfWP6bYKHYFA5XUzGv1JPUxO_gaR1pvTSpQgk9JOUI3t2TcEmH1kJfN5r4KaOLpqSWLhIzG8G5oeflGIKgwOgfTFbhXYT8HsQTA_MWUj2cUA8XJ_2cQF4chX-yRrTmt_yD9d1NxTOt5Kwb-PX2-b_i_8t6k35ru1MLdieFg_Y5ru1e4FipEX0VV31m3cBtYpfZ7TCoB6txohQD6WAXpbt6mobpskyjvxI7_SOR6LkU.12ngcU3kfnAusvV1AXa-Izk2RO6se0be8clWRLcURqk&dib_tag=se&keywords=gaming+chair&qid=1787916091&sr=8-37
2026-08-28 17:25:39 | INFO | amazon_scrapper | [18:25] Saved D:\Amazon Scrapper\AmazonScrapper\data\products\keyword_18_product_025.html
2026-08-28 17:25:39 | INFO | amazon_scrapper | [18:26] HTTP 200 https://www.amazon.com/GTPLAYER-Cushion-Gamings-Computer-Footrest/dp/B0DLVWB9RC/ref=sr_1_38?dib=eyJ2IjoiMSJ9.eFy3NimfedgDYwZC3oLaz_NT-83HHLEbCruSWwl37z053mBVBaSiDKx7KRxrvQcjbLfWP6bYKHYFA5XUzGv1JPUxO_gaR1pvTSpQgk9JOUI3t2TcEmH1kJfN5r4KaOLpqSWLhIzG8G5oeflGIKgwOgfTFbhXYT8HsQTA_MWUj2cUA8XJ_2cQF4chX-yRrTmt_yD9d1NxTOt5Kwb-PX2-b_i_8t6k35ru1MLdieFg_Y5ru1e4FipEX0VV31m3cBtYpfZ7TCoB6txohQD6WAXpbt6mobpskyjvxI7_SOR6LkU.12ngcU3kfnAusvV1AXa-Izk2RO6se0be8clWRLcURqk&dib_tag=se&keywords=gaming+chair&qid=1787916091&sr=8-38
2026-08-28 17:25:39 | INFO | amazon_scrapper | [18:26] Saved D:\Amazon Scrapper\AmazonScrapper\data\products\keyword_18_product_026.html
2026-08-28 17:25:39 | INFO | amazon_scrapper | [18:27] HTTP 200 https://www.amazon.com/Kslysuty-Desk-Computer-Gaming-Chair/dp/B0GHVWZPL6/ref=sr_1_39?dib=eyJ2IjoiMSJ9.eFy3NimfedgDYwZC3oLaz_NT-83HHLEbCruSWwl37z053mBVBaSiDKx7KRxrvQcjbLfWP6bYKHYFA5XUzGv1JPUxO_gaR1pvTSpQgk9JOUI3t2TcEmH1kJfN5r4KaOLpqSWLhIzG8G5oeflGIKgwOgfTFbhXYT8HsQTA_MWUj2cUA8XJ_2cQF4chX-yRrTmt_yD9d1NxTOt5Kwb-PX2-b_i_8t6k35ru1MLdieFg_Y5ru1e4FipEX0VV31m3cBtYpfZ7TCoB6txohQD6WAXpbt6mobpskyjvxI7_SOR6LkU.12ngcU3kfnAusvV1AXa-Izk2RO6se0be8clWRLcURqk&dib_tag=se&keywords=gaming+chair&qid=1787916091&sr=8-39
2026-08-28 17:25:39 | INFO | amazon_scrapper | [18:27] Saved D:\Amazon Scrapper\AmazonScrapper\data\products\keyword_18_product_027.html
2026-08-28 17:25:39 | INFO | amazon_scrapper | [18:28] HTTP 200 https://www.amazon.com/TRALT-Office-Chair-Adjustable-Comfortable/dp/B0CQD3K8PJ/ref=sr_1_40?dib=eyJ2IjoiMSJ9.eFy3NimfedgDYwZC3oLaz_NT-83HHLEbCruSWwl37z053mBVBaSiDKx7KRxrvQcjbLfWP6bYKHYFA5XUzGv1JPUxO_gaR1pvTSpQgk9JOUI3t2TcEmH1kJfN5r4KaOLpqSWLhIzG8G5oeflGIKgwOgfTFbhXYT8HsQTA_MWUj2cUA8XJ_2cQF4chX-yRrTmt_yD9d1NxTOt5Kwb-PX2-b_i_8t6k35ru1MLdieFg_Y5ru1e4FipEX0VV31m3cBtYpfZ7TCoB6txohQD6WAXpbt6mobpskyjvxI7_SOR6LkU.12ngcU3kfnAusvV1AXa-Izk2RO6se0be8clWRLcURqk&dib_tag=se&keywords=gaming+chair&qid=1787916091&sr=8-40
2026-08-28 17:25:39 | INFO | amazon_scrapper | [18:28] Saved D:\Amazon Scrapper\AmazonScrapper\data\products\keyword_18_product_028.html
2026-08-28 17:25:40 | INFO | amazon_scrapper | [18:29] HTTP 200 https://www.amazon.com/ErgoDesign-Gaming-Linkage-Armrest-Footrest/dp/B0CB1BNBY7/ref=sr_1_41?dib=eyJ2IjoiMSJ9.eFy3NimfedgDYwZC3oLaz_NT-83HHLEbCruSWwl37z053mBVBaSiDKx7KRxrvQcjbLfWP6bYKHYFA5XUzGv1JPUxO_gaR1pvTSpQgk9JOUI3t2TcEmH1kJfN5r4KaOLpqSWLhIzG8G5oeflGIKgwOgfTFbhXYT8HsQTA_MWUj2cUA8XJ_2cQF4chX-yRrTmt_yD9d1NxTOt5Kwb-PX2-b_i_8t6k35ru1MLdieFg_Y5ru1e4FipEX0VV31m3cBtYpfZ7TCoB6txohQD6WAXpbt6mobpskyjvxI7_SOR6LkU.12ngcU3kfnAusvV1AXa-Izk2RO6se0be8clWRLcURqk&dib_tag=se&keywords=gaming+chair&qid=1787916091&sr=8-41
2026-08-28 17:25:40 | INFO | amazon_scrapper | [18:29] Saved D:\Amazon Scrapper\AmazonScrapper\data\products\keyword_18_product_029.html
2026-08-28 17:25:40 | INFO | amazon_scrapper | [18:30] HTTP 200 https://www.amazon.com/BestOffice-Gaming-Executive-Headrest-Computer/dp/B07KJYY9BD/ref=sr_1_42?dib=eyJ2IjoiMSJ9.eFy3NimfedgDYwZC3oLaz_NT-83HHLEbCruSWwl37z053mBVBaSiDKx7KRxrvQcjbLfWP6bYKHYFA5XUzGv1JPUxO_gaR1pvTSpQgk9JOUI3t2TcEmH1kJfN5r4KaOLpqSWLhIzG8G5oeflGIKgwOgfTFbhXYT8HsQTA_MWUj2cUA8XJ_2cQF4chX-yRrTmt_yD9d1NxTOt5Kwb-PX2-b_i_8t6k35ru1MLdieFg_Y5ru1e4FipEX0VV31m3cBtYpfZ7TCoB6txohQD6WAXpbt6mobpskyjvxI7_SOR6LkU.12ngcU3kfnAusvV1AXa-Izk2RO6se0be8clWRLcURqk&dib_tag=se&keywords=gaming+chair&qid=1787916091&sr=8-42
2026-08-28 17:25:40 | INFO | amazon_scrapper | [18:30] Saved D:\Amazon Scrapper\AmazonScrapper\data\products\keyword_18_product_030.html
2026-08-28 17:25:41 | INFO | amazon_scrapper | [18:31] HTTP 200 https://www.amazon.com/Gamtimer-Computer-Footrest-Armrests-Support/dp/B0DY6ZP7YW/ref=sr_1_43?dib=eyJ2IjoiMSJ9.eFy3NimfedgDYwZC3oLaz_NT-83HHLEbCruSWwl37z053mBVBaSiDKx7KRxrvQcjbLfWP6bYKHYFA5XUzGv1JPUxO_gaR1pvTSpQgk9JOUI3t2TcEmH1kJfN5r4KaOLpqSWLhIzG8G5oeflGIKgwOgfTFbhXYT8HsQTA_MWUj2cUA8XJ_2cQF4chX-yRrTmt_yD9d1NxTOt5Kwb-PX2-b_i_8t6k35ru1MLdieFg_Y5ru1e4FipEX0VV31m3cBtYpfZ7TCoB6txohQD6WAXpbt6mobpskyjvxI7_SOR6LkU.12ngcU3kfnAusvV1AXa-Izk2RO6se0be8clWRLcURqk&dib_tag=se&keywords=gaming+chair&qid=1787916091&sr=8-43
2026-08-28 17:25:41 | INFO | amazon_scrapper | [18:31] Saved D:\Amazon Scrapper\AmazonScrapper\data\products\keyword_18_product_031.html
2026-08-28 17:25:41 | INFO | amazon_scrapper | [18:32] HTTP 200 https://www.amazon.com/Kslysuty-Desk-Computer-Gaming-Chair/dp/B0GHWLZF39/ref=sr_1_44?dib=eyJ2IjoiMSJ9.eFy3NimfedgDYwZC3oLaz_NT-83HHLEbCruSWwl37z053mBVBaSiDKx7KRxrvQcjbLfWP6bYKHYFA5XUzGv1JPUxO_gaR1pvTSpQgk9JOUI3t2TcEmH1kJfN5r4KaOLpqSWLhIzG8G5oeflGIKgwOgfTFbhXYT8HsQTA_MWUj2cUA8XJ_2cQF4chX-yRrTmt_yD9d1NxTOt5Kwb-PX2-b_i_8t6k35ru1MLdieFg_Y5ru1e4FipEX0VV31m3cBtYpfZ7TCoB6txohQD6WAXpbt6mobpskyjvxI7_SOR6LkU.12ngcU3kfnAusvV1AXa-Izk2RO6se0be8clWRLcURqk&dib_tag=se&keywords=gaming+chair&qid=1787916091&sr=8-44
2026-08-28 17:25:41 | INFO | amazon_scrapper | [18:32] Saved D:\Amazon Scrapper\AmazonScrapper\data\products\keyword_18_product_032.html
2026-08-28 17:25:41 | INFO | amazon_scrapper | [18:33] HTTP 200 https://www.amazon.com/Gaming-Chair-Computer-Ergonomic-Adjustable/dp/B0CKCT1KL5/ref=sr_1_45?dib=eyJ2IjoiMSJ9.eFy3NimfedgDYwZC3oLaz_NT-83HHLEbCruSWwl37z053mBVBaSiDKx7KRxrvQcjbLfWP6bYKHYFA5XUzGv1JPUxO_gaR1pvTSpQgk9JOUI3t2TcEmH1kJfN5r4KaOLpqSWLhIzG8G5oeflGIKgwOgfTFbhXYT8HsQTA_MWUj2cUA8XJ_2cQF4chX-yRrTmt_yD9d1NxTOt5Kwb-PX2-b_i_8t6k35ru1MLdieFg_Y5ru1e4FipEX0VV31m3cBtYpfZ7TCoB6txohQD6WAXpbt6mobpskyjvxI7_SOR6LkU.12ngcU3kfnAusvV1AXa-Izk2RO6se0be8clWRLcURqk&dib_tag=se&keywords=gaming+chair&qid=1787916091&sr=8-45
2026-08-28 17:25:41 | INFO | amazon_scrapper | [18:33] Saved D:\Amazon Scrapper\AmazonScrapper\data\products\keyword_18_product_033.html
2026-08-28 17:25:42 | INFO | amazon_scrapper | [18:34] HTTP 200 https://www.amazon.com/GTPLAYER-Gaming-Chair-Footrest-Black/dp/B0GXYVDFZV/ref=sr_1_46?dib=eyJ2IjoiMSJ9.eFy3NimfedgDYwZC3oLaz_NT-83HHLEbCruSWwl37z053mBVBaSiDKx7KRxrvQcjbLfWP6bYKHYFA5XUzGv1JPUxO_gaR1pvTSpQgk9JOUI3t2TcEmH1kJfN5r4KaOLpqSWLhIzG8G5oeflGIKgwOgfTFbhXYT8HsQTA_MWUj2cUA8XJ_2cQF4chX-yRrTmt_yD9d1NxTOt5Kwb-PX2-b_i_8t6k35ru1MLdieFg_Y5ru1e4FipEX0VV31m3cBtYpfZ7TCoB6txohQD6WAXpbt6mobpskyjvxI7_SOR6LkU.12ngcU3kfnAusvV1AXa-Izk2RO6se0be8clWRLcURqk&dib_tag=se&keywords=gaming+chair&qid=1787916091&sr=8-46
2026-08-28 17:25:42 | INFO | amazon_scrapper | [18:34] Saved D:\Amazon Scrapper\AmazonScrapper\data\products\keyword_18_product_034.html
2026-08-28 17:25:42 | INFO | amazon_scrapper | [18:35] HTTP 200 https://www.amazon.com/Gaming-Ergonomic-Computer-Footrest-Support/dp/B0GXVPBXKX/ref=sr_1_47?dib=eyJ2IjoiMSJ9.eFy3NimfedgDYwZC3oLaz_NT-83HHLEbCruSWwl37z053mBVBaSiDKx7KRxrvQcjbLfWP6bYKHYFA5XUzGv1JPUxO_gaR1pvTSpQgk9JOUI3t2TcEmH1kJfN5r4KaOLpqSWLhIzG8G5oeflGIKgwOgfTFbhXYT8HsQTA_MWUj2cUA8XJ_2cQF4chX-yRrTmt_yD9d1NxTOt5Kwb-PX2-b_i_8t6k35ru1MLdieFg_Y5ru1e4FipEX0VV31m3cBtYpfZ7TCoB6txohQD6WAXpbt6mobpskyjvxI7_SOR6LkU.12ngcU3kfnAusvV1AXa-Izk2RO6se0be8clWRLcURqk&dib_tag=se&keywords=gaming+chair&qid=1787916091&sr=8-47
2026-08-28 17:25:42 | INFO | amazon_scrapper | [18:35] Saved D:\Amazon Scrapper\AmazonScrapper\data\products\keyword_18_product_035.html
2026-08-28 17:25:43 | INFO | amazon_scrapper | [18:36] HTTP 200 https://www.amazon.com/GTPLAYER-Ergonomic-Computer-Footrest-Adjustable/dp/B0GXDWJD86/ref=sr_1_48?dib=eyJ2IjoiMSJ9.eFy3NimfedgDYwZC3oLaz_NT-83HHLEbCruSWwl37z053mBVBaSiDKx7KRxrvQcjbLfWP6bYKHYFA5XUzGv1JPUxO_gaR1pvTSpQgk9JOUI3t2TcEmH1kJfN5r4KaOLpqSWLhIzG8G5oeflGIKgwOgfTFbhXYT8HsQTA_MWUj2cUA8XJ_2cQF4chX-yRrTmt_yD9d1NxTOt5Kwb-PX2-b_i_8t6k35ru1MLdieFg_Y5ru1e4FipEX0VV31m3cBtYpfZ7TCoB6txohQD6WAXpbt6mobpskyjvxI7_SOR6LkU.12ngcU3kfnAusvV1AXa-Izk2RO6se0be8clWRLcURqk&dib_tag=se&keywords=gaming+chair&qid=1787916091&sr=8-48
2026-08-28 17:25:43 | INFO | amazon_scrapper | [18:36] Saved D:\Amazon Scrapper\AmazonScrapper\data\products\keyword_18_product_036.html
2026-08-28 17:25:43 | INFO | amazon_scrapper | [18:37] HTTP 200 https://www.amazon.com/GTPLAYER-Footrest-Computer-Adjustable-Removable/dp/B0FLJLV8WN/ref=sr_1_49?dib=eyJ2IjoiMSJ9.eFy3NimfedgDYwZC3oLaz_NT-83HHLEbCruSWwl37z053mBVBaSiDKx7KRxrvQcjbLfWP6bYKHYFA5XUzGv1JPUxO_gaR1pvTSpQgk9JOUI3t2TcEmH1kJfN5r4KaOLpqSWLhIzG8G5oeflGIKgwOgfTFbhXYT8HsQTA_MWUj2cUA8XJ_2cQF4chX-yRrTmt_yD9d1NxTOt5Kwb-PX2-b_i_8t6k35ru1MLdieFg_Y5ru1e4FipEX0VV31m3cBtYpfZ7TCoB6txohQD6WAXpbt6mobpskyjvxI7_SOR6LkU.12ngcU3kfnAusvV1AXa-Izk2RO6se0be8clWRLcURqk&dib_tag=se&keywords=gaming+chair&qid=1787916091&sr=8-49
2026-08-28 17:25:43 | INFO | amazon_scrapper | [18:37] Saved D:\Amazon Scrapper\AmazonScrapper\data\products\keyword_18_product_037.html
2026-08-28 17:25:43 | INFO | amazon_scrapper | [18:38] HTTP 200 https://www.amazon.com/GTPLAYER-Bluetooth-Speakers-Footrest-Ergonomic/dp/B0FWQK7TBQ/ref=sr_1_50?dib=eyJ2IjoiMSJ9.eFy3NimfedgDYwZC3oLaz_NT-83HHLEbCruSWwl37z053mBVBaSiDKx7KRxrvQcjbLfWP6bYKHYFA5XUzGv1JPUxO_gaR1pvTSpQgk9JOUI3t2TcEmH1kJfN5r4KaOLpqSWLhIzG8G5oeflGIKgwOgfTFbhXYT8HsQTA_MWUj2cUA8XJ_2cQF4chX-yRrTmt_yD9d1NxTOt5Kwb-PX2-b_i_8t6k35ru1MLdieFg_Y5ru1e4FipEX0VV31m3cBtYpfZ7TCoB6txohQD6WAXpbt6mobpskyjvxI7_SOR6LkU.12ngcU3kfnAusvV1AXa-Izk2RO6se0be8clWRLcURqk&dib_tag=se&keywords=gaming+chair&qid=1787916091&sr=8-50
2026-08-28 17:25:43 | INFO | amazon_scrapper | [18:38] Saved D:\Amazon Scrapper\AmazonScrapper\data\products\keyword_18_product_038.html
2026-08-28 17:25:44 | INFO | amazon_scrapper | [18:40] HTTP 200 https://www.amazon.com/WYLEBER-Stretchable-Breathable-Resistant-Slipcovers/dp/B0FH25Z9W3/ref=sr_1_52?dib=eyJ2IjoiMSJ9.eFy3NimfedgDYwZC3oLaz_NT-83HHLEbCruSWwl37z053mBVBaSiDKx7KRxrvQcjbLfWP6bYKHYFA5XUzGv1JPUxO_gaR1pvTSpQgk9JOUI3t2TcEmH1kJfN5r4KaOLpqSWLhIzG8G5oeflGIKgwOgfTFbhXYT8HsQTA_MWUj2cUA8XJ_2cQF4chX-yRrTmt_yD9d1NxTOt5Kwb-PX2-b_i_8t6k35ru1MLdieFg_Y5ru1e4FipEX0VV31m3cBtYpfZ7TCoB6txohQD6WAXpbt6mobpskyjvxI7_SOR6LkU.12ngcU3kfnAusvV1AXa-Izk2RO6se0be8clWRLcURqk&dib_tag=se&keywords=gaming+chair&qid=1787916091&sr=8-52
2026-08-28 17:25:44 | INFO | amazon_scrapper | [18:40] Saved D:\Amazon Scrapper\AmazonScrapper\data\products\keyword_18_product_040.html
2026-08-28 17:25:44 | INFO | amazon_scrapper | [18:39] HTTP 200 https://www.amazon.com/TUKAKA-Ergonomic-Computer-Reclining-Adjustable/dp/B0DCHXTGRN/ref=sr_1_51?dib=eyJ2IjoiMSJ9.eFy3NimfedgDYwZC3oLaz_NT-83HHLEbCruSWwl37z053mBVBaSiDKx7KRxrvQcjbLfWP6bYKHYFA5XUzGv1JPUxO_gaR1pvTSpQgk9JOUI3t2TcEmH1kJfN5r4KaOLpqSWLhIzG8G5oeflGIKgwOgfTFbhXYT8HsQTA_MWUj2cUA8XJ_2cQF4chX-yRrTmt_yD9d1NxTOt5Kwb-PX2-b_i_8t6k35ru1MLdieFg_Y5ru1e4FipEX0VV31m3cBtYpfZ7TCoB6txohQD6WAXpbt6mobpskyjvxI7_SOR6LkU.12ngcU3kfnAusvV1AXa-Izk2RO6se0be8clWRLcURqk&dib_tag=se&keywords=gaming+chair&qid=1787916091&sr=8-51
2026-08-28 17:25:44 | INFO | amazon_scrapper | [18:39] Saved D:\Amazon Scrapper\AmazonScrapper\data\products\keyword_18_product_039.html
2026-08-28 17:25:45 | INFO | amazon_scrapper | [18:41] HTTP 200 https://www.amazon.com/Office-Chair-Comfy-Computer-Ergonomic/dp/B0GXZ39NBD/ref=sr_1_53?dib=eyJ2IjoiMSJ9.eFy3NimfedgDYwZC3oLaz_NT-83HHLEbCruSWwl37z053mBVBaSiDKx7KRxrvQcjbLfWP6bYKHYFA5XUzGv1JPUxO_gaR1pvTSpQgk9JOUI3t2TcEmH1kJfN5r4KaOLpqSWLhIzG8G5oeflGIKgwOgfTFbhXYT8HsQTA_MWUj2cUA8XJ_2cQF4chX-yRrTmt_yD9d1NxTOt5Kwb-PX2-b_i_8t6k35ru1MLdieFg_Y5ru1e4FipEX0VV31m3cBtYpfZ7TCoB6txohQD6WAXpbt6mobpskyjvxI7_SOR6LkU.12ngcU3kfnAusvV1AXa-Izk2RO6se0be8clWRLcURqk&dib_tag=se&keywords=gaming+chair&qid=1787916091&sr=8-53
2026-08-28 17:25:45 | INFO | amazon_scrapper | [18:41] Saved D:\Amazon Scrapper\AmazonScrapper\data\products\keyword_18_product_041.html
2026-08-28 17:25:45 | INFO | amazon_scrapper | [18:43] HTTP 200 https://www.amazon.com/GTPLAYER-Ergonomic-Computer-Footrest-Adjustable/dp/B0GXDR1VWR/ref=sr_1_55?dib=eyJ2IjoiMSJ9.eFy3NimfedgDYwZC3oLaz_NT-83HHLEbCruSWwl37z053mBVBaSiDKx7KRxrvQcjbLfWP6bYKHYFA5XUzGv1JPUxO_gaR1pvTSpQgk9JOUI3t2TcEmH1kJfN5r4KaOLpqSWLhIzG8G5oeflGIKgwOgfTFbhXYT8HsQTA_MWUj2cUA8XJ_2cQF4chX-yRrTmt_yD9d1NxTOt5Kwb-PX2-b_i_8t6k35ru1MLdieFg_Y5ru1e4FipEX0VV31m3cBtYpfZ7TCoB6txohQD6WAXpbt6mobpskyjvxI7_SOR6LkU.12ngcU3kfnAusvV1AXa-Izk2RO6se0be8clWRLcURqk&dib_tag=se&keywords=gaming+chair&qid=1787916091&sr=8-55
2026-08-28 17:25:45 | INFO | amazon_scrapper | [18:43] Saved D:\Amazon Scrapper\AmazonScrapper\data\products\keyword_18_product_043.html
2026-08-28 17:25:45 | INFO | amazon_scrapper | [18:42] HTTP 200 https://www.amazon.com/GTPLAYER-Adjustable-Ergonomic-Breathable-Reclining/dp/B0F6WBLG4W/ref=sr_1_54?dib=eyJ2IjoiMSJ9.eFy3NimfedgDYwZC3oLaz_NT-83HHLEbCruSWwl37z053mBVBaSiDKx7KRxrvQcjbLfWP6bYKHYFA5XUzGv1JPUxO_gaR1pvTSpQgk9JOUI3t2TcEmH1kJfN5r4KaOLpqSWLhIzG8G5oeflGIKgwOgfTFbhXYT8HsQTA_MWUj2cUA8XJ_2cQF4chX-yRrTmt_yD9d1NxTOt5Kwb-PX2-b_i_8t6k35ru1MLdieFg_Y5ru1e4FipEX0VV31m3cBtYpfZ7TCoB6txohQD6WAXpbt6mobpskyjvxI7_SOR6LkU.12ngcU3kfnAusvV1AXa-Izk2RO6se0be8clWRLcURqk&dib_tag=se&keywords=gaming+chair&qid=1787916091&sr=8-54
2026-08-28 17:25:45 | INFO | amazon_scrapper | [18:42] Saved D:\Amazon Scrapper\AmazonScrapper\data\products\keyword_18_product_042.html
2026-08-28 17:25:46 | INFO | amazon_scrapper | [18:44] HTTP 200 https://www.amazon.com/Rocker-Achiever-Lighting-Adjustable-Ergonomic/dp/B0DBRDW93D/ref=sr_1_56?dib=eyJ2IjoiMSJ9.eFy3NimfedgDYwZC3oLaz_NT-83HHLEbCruSWwl37z053mBVBaSiDKx7KRxrvQcjbLfWP6bYKHYFA5XUzGv1JPUxO_gaR1pvTSpQgk9JOUI3t2TcEmH1kJfN5r4KaOLpqSWLhIzG8G5oeflGIKgwOgfTFbhXYT8HsQTA_MWUj2cUA8XJ_2cQF4chX-yRrTmt_yD9d1NxTOt5Kwb-PX2-b_i_8t6k35ru1MLdieFg_Y5ru1e4FipEX0VV31m3cBtYpfZ7TCoB6txohQD6WAXpbt6mobpskyjvxI7_SOR6LkU.12ngcU3kfnAusvV1AXa-Izk2RO6se0be8clWRLcURqk&dib_tag=se&keywords=gaming+chair&qid=1787916091&sr=8-56
2026-08-28 17:25:46 | INFO | amazon_scrapper | [18:44] Saved D:\Amazon Scrapper\AmazonScrapper\data\products\keyword_18_product_044.html
2026-08-28 17:25:46 | INFO | amazon_scrapper | [18:45] HTTP 200 https://www.amazon.com/Morkprism-Computer-Ergonomic-Reclining-Adjustable/dp/B0F21SSY1N/ref=sr_1_57?dib=eyJ2IjoiMSJ9.eFy3NimfedgDYwZC3oLaz_NT-83HHLEbCruSWwl37z053mBVBaSiDKx7KRxrvQcjbLfWP6bYKHYFA5XUzGv1JPUxO_gaR1pvTSpQgk9JOUI3t2TcEmH1kJfN5r4KaOLpqSWLhIzG8G5oeflGIKgwOgfTFbhXYT8HsQTA_MWUj2cUA8XJ_2cQF4chX-yRrTmt_yD9d1NxTOt5Kwb-PX2-b_i_8t6k35ru1MLdieFg_Y5ru1e4FipEX0VV31m3cBtYpfZ7TCoB6txohQD6WAXpbt6mobpskyjvxI7_SOR6LkU.12ngcU3kfnAusvV1AXa-Izk2RO6se0be8clWRLcURqk&dib_tag=se&keywords=gaming+chair&qid=1787916091&sr=8-57
2026-08-28 17:25:46 | INFO | amazon_scrapper | [18:45] Saved D:\Amazon Scrapper\AmazonScrapper\data\products\keyword_18_product_045.html
2026-08-28 17:25:47 | INFO | amazon_scrapper | [18:46] HTTP 200 https://www.amazon.com/MINOMAC-Ergonomic-Computer-Load-Bearing-Retractable/dp/B0H14TPV1L/ref=sr_1_58?dib=eyJ2IjoiMSJ9.eFy3NimfedgDYwZC3oLaz_NT-83HHLEbCruSWwl37z053mBVBaSiDKx7KRxrvQcjbLfWP6bYKHYFA5XUzGv1JPUxO_gaR1pvTSpQgk9JOUI3t2TcEmH1kJfN5r4KaOLpqSWLhIzG8G5oeflGIKgwOgfTFbhXYT8HsQTA_MWUj2cUA8XJ_2cQF4chX-yRrTmt_yD9d1NxTOt5Kwb-PX2-b_i_8t6k35ru1MLdieFg_Y5ru1e4FipEX0VV31m3cBtYpfZ7TCoB6txohQD6WAXpbt6mobpskyjvxI7_SOR6LkU.12ngcU3kfnAusvV1AXa-Izk2RO6se0be8clWRLcURqk&dib_tag=se&keywords=gaming+chair&qid=1787916091&sr=8-58
2026-08-28 17:25:47 | INFO | amazon_scrapper | [18:46] Saved D:\Amazon Scrapper\AmazonScrapper\data\products\keyword_18_product_046.html
2026-08-28 17:25:47 | INFO | amazon_scrapper | [18:47] HTTP 200 https://www.amazon.com/EXCEBET-Executive-Ergonomic-All-Black/dp/B0DZNMWKXH/ref=sr_1_59?dib=eyJ2IjoiMSJ9.eFy3NimfedgDYwZC3oLaz_NT-83HHLEbCruSWwl37z053mBVBaSiDKx7KRxrvQcjbLfWP6bYKHYFA5XUzGv1JPUxO_gaR1pvTSpQgk9JOUI3t2TcEmH1kJfN5r4KaOLpqSWLhIzG8G5oeflGIKgwOgfTFbhXYT8HsQTA_MWUj2cUA8XJ_2cQF4chX-yRrTmt_yD9d1NxTOt5Kwb-PX2-b_i_8t6k35ru1MLdieFg_Y5ru1e4FipEX0VV31m3cBtYpfZ7TCoB6txohQD6WAXpbt6mobpskyjvxI7_SOR6LkU.12ngcU3kfnAusvV1AXa-Izk2RO6se0be8clWRLcURqk&dib_tag=se&keywords=gaming+chair&qid=1787916091&sr=8-59
2026-08-28 17:25:47 | INFO | amazon_scrapper | [18:47] Saved D:\Amazon Scrapper\AmazonScrapper\data\products\keyword_18_product_047.html
2026-08-28 17:25:47 | INFO | amazon_scrapper | [18:48] HTTP 200 https://www.amazon.com/Gamtimer-Footrest-Ergonomic-Breathable-Adults%EF%BC%88Grey%EF%BC%89/dp/B0DZCLTHW7/ref=sr_1_60?dib=eyJ2IjoiMSJ9.eFy3NimfedgDYwZC3oLaz_NT-83HHLEbCruSWwl37z053mBVBaSiDKx7KRxrvQcjbLfWP6bYKHYFA5XUzGv1JPUxO_gaR1pvTSpQgk9JOUI3t2TcEmH1kJfN5r4KaOLpqSWLhIzG8G5oeflGIKgwOgfTFbhXYT8HsQTA_MWUj2cUA8XJ_2cQF4chX-yRrTmt_yD9d1NxTOt5Kwb-PX2-b_i_8t6k35ru1MLdieFg_Y5ru1e4FipEX0VV31m3cBtYpfZ7TCoB6txohQD6WAXpbt6mobpskyjvxI7_SOR6LkU.12ngcU3kfnAusvV1AXa-Izk2RO6se0be8clWRLcURqk&dib_tag=se&keywords=gaming+chair&qid=1787916091&sr=8-60
2026-08-28 17:25:47 | INFO | amazon_scrapper | [18:48] Saved D:\Amazon Scrapper\AmazonScrapper\data\products\keyword_18_product_048.html
2026-08-28 17:25:48 | INFO | amazon_scrapper | [19:1] HTTP 200 https://www.amazon.com/JanSport-Big-Student-Backpack-Black/dp/B07K74LDCH/ref=sr_1_3?dib=eyJ2IjoiMSJ9.D39xe2WXnbouPxTLhB70Z9zQVuvRPvsEvhGSwax3xTLZoaLA3Qx4eLFAHpTuIa0q5PoQ-KAIXYjCFOaf5Ynh3I6trmsUjYlZ4VTbc77CKN8XRbIBEG6whqUhxLO6-fis3aX1KN1R4H3Ec3PkesnsudkjqzGiQ5YJfbvI1A5Raw2m913WTCfHcn9lQYBfRNAOR6ZjLwOo-iudv0mKl9nxkYXMzKKkE4RTcrgHKjJkgF8.gRuXOt2BSM5m1-CxSPx4FaGdsnCp5RDMYTEtQvw-6Yc&dib_tag=se&keywords=backpack&qid=1787916098&sr=8-3
2026-08-28 17:25:48 | INFO | amazon_scrapper | [19:1] Saved D:\Amazon Scrapper\AmazonScrapper\data\products\keyword_19_product_001.html
2026-08-28 17:25:48 | INFO | amazon_scrapper | [19:2] HTTP 200 https://www.amazon.com/Classical-Backpack-College-Resistant-Bookbag/dp/B07CPW148Z/ref=sr_1_4?dib=eyJ2IjoiMSJ9.D39xe2WXnbouPxTLhB70Z9zQVuvRPvsEvhGSwax3xTLZoaLA3Qx4eLFAHpTuIa0q5PoQ-KAIXYjCFOaf5Ynh3I6trmsUjYlZ4VTbc77CKN8XRbIBEG6whqUhxLO6-fis3aX1KN1R4H3Ec3PkesnsudkjqzGiQ5YJfbvI1A5Raw2m913WTCfHcn9lQYBfRNAOR6ZjLwOo-iudv0mKl9nxkYXMzKKkE4RTcrgHKjJkgF8.gRuXOt2BSM5m1-CxSPx4FaGdsnCp5RDMYTEtQvw-6Yc&dib_tag=se&keywords=backpack&qid=1787916098&sr=8-4
2026-08-28 17:25:48 | INFO | amazon_scrapper | [19:2] Saved D:\Amazon Scrapper\AmazonScrapper\data\products\keyword_19_product_002.html
2026-08-28 17:25:49 | INFO | amazon_scrapper | [19:3] HTTP 200 https://www.amazon.com/Backpack-Business-Charging-Resistant-Computer/dp/B06XZTZ7GB/ref=sr_1_5?dib=eyJ2IjoiMSJ9.D39xe2WXnbouPxTLhB70Z9zQVuvRPvsEvhGSwax3xTLZoaLA3Qx4eLFAHpTuIa0q5PoQ-KAIXYjCFOaf5Ynh3I6trmsUjYlZ4VTbc77CKN8XRbIBEG6whqUhxLO6-fis3aX1KN1R4H3Ec3PkesnsudkjqzGiQ5YJfbvI1A5Raw2m913WTCfHcn9lQYBfRNAOR6ZjLwOo-iudv0mKl9nxkYXMzKKkE4RTcrgHKjJkgF8.gRuXOt2BSM5m1-CxSPx4FaGdsnCp5RDMYTEtQvw-6Yc&dib_tag=se&keywords=backpack&qid=1787916098&sr=8-5
2026-08-28 17:25:49 | INFO | amazon_scrapper | [19:3] Saved D:\Amazon Scrapper\AmazonScrapper\data\products\keyword_19_product_003.html
2026-08-28 17:25:49 | INFO | amazon_scrapper | [19:5] HTTP 200 https://www.amazon.com/Under-Armour-Unisex-Hustle-Backpack/dp/B0CHGWX7HG/ref=sr_1_8?dib=eyJ2IjoiMSJ9.D39xe2WXnbouPxTLhB70Z9zQVuvRPvsEvhGSwax3xTLZoaLA3Qx4eLFAHpTuIa0q5PoQ-KAIXYjCFOaf5Ynh3I6trmsUjYlZ4VTbc77CKN8XRbIBEG6whqUhxLO6-fis3aX1KN1R4H3Ec3PkesnsudkjqzGiQ5YJfbvI1A5Raw2m913WTCfHcn9lQYBfRNAOR6ZjLwOo-iudv0mKl9nxkYXMzKKkE4RTcrgHKjJkgF8.gRuXOt2BSM5m1-CxSPx4FaGdsnCp5RDMYTEtQvw-6Yc&dib_tag=se&keywords=backpack&qid=1787916098&sr=8-8
2026-08-28 17:25:49 | INFO | amazon_scrapper | [19:5] Saved D:\Amazon Scrapper\AmazonScrapper\data\products\keyword_19_product_005.html
2026-08-28 17:25:50 | INFO | amazon_scrapper | [19:4] HTTP 200 https://www.amazon.com/LHI-Military-Tactical-Backpack-Rucksack/dp/B0C13GFY7N/ref=sr_1_6?dib=eyJ2IjoiMSJ9.D39xe2WXnbouPxTLhB70Z9zQVuvRPvsEvhGSwax3xTLZoaLA3Qx4eLFAHpTuIa0q5PoQ-KAIXYjCFOaf5Ynh3I6trmsUjYlZ4VTbc77CKN8XRbIBEG6whqUhxLO6-fis3aX1KN1R4H3Ec3PkesnsudkjqzGiQ5YJfbvI1A5Raw2m913WTCfHcn9lQYBfRNAOR6ZjLwOo-iudv0mKl9nxkYXMzKKkE4RTcrgHKjJkgF8.gRuXOt2BSM5m1-CxSPx4FaGdsnCp5RDMYTEtQvw-6Yc&dib_tag=se&keywords=backpack&qid=1787916098&sr=8-6
2026-08-28 17:25:50 | INFO | amazon_scrapper | [19:4] Saved D:\Amazon Scrapper\AmazonScrapper\data\products\keyword_19_product_004.html
2026-08-28 17:25:50 | INFO | amazon_scrapper | [19:6] HTTP 200 https://www.amazon.com/Travel-Laptop-Backpack-Charging-Laptops/dp/B07V4R4Z77/ref=sr_1_9?dib=eyJ2IjoiMSJ9.D39xe2WXnbouPxTLhB70Z9zQVuvRPvsEvhGSwax3xTLZoaLA3Qx4eLFAHpTuIa0q5PoQ-KAIXYjCFOaf5Ynh3I6trmsUjYlZ4VTbc77CKN8XRbIBEG6whqUhxLO6-fis3aX1KN1R4H3Ec3PkesnsudkjqzGiQ5YJfbvI1A5Raw2m913WTCfHcn9lQYBfRNAOR6ZjLwOo-iudv0mKl9nxkYXMzKKkE4RTcrgHKjJkgF8.gRuXOt2BSM5m1-CxSPx4FaGdsnCp5RDMYTEtQvw-6Yc&dib_tag=se&keywords=backpack&qid=1787916098&sr=8-9
2026-08-28 17:25:50 | INFO | amazon_scrapper | [19:6] Saved D:\Amazon Scrapper\AmazonScrapper\data\products\keyword_19_product_006.html
2026-08-28 17:25:51 | INFO | amazon_scrapper | [19:7] HTTP 200 https://www.amazon.com/LOVEVOOK-Backpack-Capacity-Waterproof-Beige-Black-Brown/dp/B0DL8W99LM/ref=sr_1_10?dib=eyJ2IjoiMSJ9.D39xe2WXnbouPxTLhB70Z9zQVuvRPvsEvhGSwax3xTLZoaLA3Qx4eLFAHpTuIa0q5PoQ-KAIXYjCFOaf5Ynh3I6trmsUjYlZ4VTbc77CKN8XRbIBEG6whqUhxLO6-fis3aX1KN1R4H3Ec3PkesnsudkjqzGiQ5YJfbvI1A5Raw2m913WTCfHcn9lQYBfRNAOR6ZjLwOo-iudv0mKl9nxkYXMzKKkE4RTcrgHKjJkgF8.gRuXOt2BSM5m1-CxSPx4FaGdsnCp5RDMYTEtQvw-6Yc&dib_tag=se&keywords=backpack&qid=1787916098&sr=8-10
2026-08-28 17:25:51 | INFO | amazon_scrapper | [19:7] Saved D:\Amazon Scrapper\AmazonScrapper\data\products\keyword_19_product_007.html
2026-08-28 17:25:51 | INFO | amazon_scrapper | [19:8] HTTP 200 https://www.amazon.com/Backpack-Business-Charging-Resistant-Computer/dp/B07F2YJRN2/ref=sr_1_11?dib=eyJ2IjoiMSJ9.D39xe2WXnbouPxTLhB70Z9zQVuvRPvsEvhGSwax3xTLZoaLA3Qx4eLFAHpTuIa0q5PoQ-KAIXYjCFOaf5Ynh3I6trmsUjYlZ4VTbc77CKN8XRbIBEG6whqUhxLO6-fis3aX1KN1R4H3Ec3PkesnsudkjqzGiQ5YJfbvI1A5Raw2m913WTCfHcn9lQYBfRNAOR6ZjLwOo-iudv0mKl9nxkYXMzKKkE4RTcrgHKjJkgF8.gRuXOt2BSM5m1-CxSPx4FaGdsnCp5RDMYTEtQvw-6Yc&dib_tag=se&keywords=backpack&qid=1787916098&sr=8-11
2026-08-28 17:25:51 | INFO | amazon_scrapper | [19:8] Saved D:\Amazon Scrapper\AmazonScrapper\data\products\keyword_19_product_008.html
2026-08-28 17:25:51 | INFO | amazon_scrapper | [19:9] HTTP 200 https://www.amazon.com/Under-Armour-Unisex-Hustle-Backpack/dp/B0CHGVV5L7/ref=sr_1_13?dib=eyJ2IjoiMSJ9.D39xe2WXnbouPxTLhB70Z9zQVuvRPvsEvhGSwax3xTLZoaLA3Qx4eLFAHpTuIa0q5PoQ-KAIXYjCFOaf5Ynh3I6trmsUjYlZ4VTbc77CKN8XRbIBEG6whqUhxLO6-fis3aX1KN1R4H3Ec3PkesnsudkjqzGiQ5YJfbvI1A5Raw2m913WTCfHcn9lQYBfRNAOR6ZjLwOo-iudv0mKl9nxkYXMzKKkE4RTcrgHKjJkgF8.gRuXOt2BSM5m1-CxSPx4FaGdsnCp5RDMYTEtQvw-6Yc&dib_tag=se&keywords=backpack&qid=1787916098&sr=8-13
2026-08-28 17:25:51 | INFO | amazon_scrapper | [19:9] Saved D:\Amazon Scrapper\AmazonScrapper\data\products\keyword_19_product_009.html
2026-08-28 17:25:52 | INFO | amazon_scrapper | [19:10] HTTP 200 https://www.amazon.com/BAGSMART-College-Backpack-Quilted-Water-Resistant/dp/B0DQSJM8SX/ref=sr_1_14?dib=eyJ2IjoiMSJ9.D39xe2WXnbouPxTLhB70Z9zQVuvRPvsEvhGSwax3xTLZoaLA3Qx4eLFAHpTuIa0q5PoQ-KAIXYjCFOaf5Ynh3I6trmsUjYlZ4VTbc77CKN8XRbIBEG6whqUhxLO6-fis3aX1KN1R4H3Ec3PkesnsudkjqzGiQ5YJfbvI1A5Raw2m913WTCfHcn9lQYBfRNAOR6ZjLwOo-iudv0mKl9nxkYXMzKKkE4RTcrgHKjJkgF8.gRuXOt2BSM5m1-CxSPx4FaGdsnCp5RDMYTEtQvw-6Yc&dib_tag=se&keywords=backpack&qid=1787916098&sr=8-14
2026-08-28 17:25:52 | INFO | amazon_scrapper | [19:10] Saved D:\Amazon Scrapper\AmazonScrapper\data\products\keyword_19_product_010.html
2026-08-28 17:25:52 | INFO | amazon_scrapper | [19:11] HTTP 200 https://www.amazon.com/JanSport-Student-Backpack-Blue-Dust/dp/B08KSHWYL2/ref=sr_1_15?dib=eyJ2IjoiMSJ9.D39xe2WXnbouPxTLhB70Z9zQVuvRPvsEvhGSwax3xTLZoaLA3Qx4eLFAHpTuIa0q5PoQ-KAIXYjCFOaf5Ynh3I6trmsUjYlZ4VTbc77CKN8XRbIBEG6whqUhxLO6-fis3aX1KN1R4H3Ec3PkesnsudkjqzGiQ5YJfbvI1A5Raw2m913WTCfHcn9lQYBfRNAOR6ZjLwOo-iudv0mKl9nxkYXMzKKkE4RTcrgHKjJkgF8.gRuXOt2BSM5m1-CxSPx4FaGdsnCp5RDMYTEtQvw-6Yc&dib_tag=se&keywords=backpack&qid=1787916098&sr=8-15
2026-08-28 17:25:52 | INFO | amazon_scrapper | [19:11] Saved D:\Amazon Scrapper\AmazonScrapper\data\products\keyword_19_product_011.html
2026-08-28 17:25:53 | INFO | amazon_scrapper | [19:12] HTTP 200 https://www.amazon.com/GAMLFL-Backpack-Aesthetic-Rucksack-Students/dp/B0DT1H3CR1/ref=sr_1_16?dib=eyJ2IjoiMSJ9.D39xe2WXnbouPxTLhB70Z9zQVuvRPvsEvhGSwax3xTLZoaLA3Qx4eLFAHpTuIa0q5PoQ-KAIXYjCFOaf5Ynh3I6trmsUjYlZ4VTbc77CKN8XRbIBEG6whqUhxLO6-fis3aX1KN1R4H3Ec3PkesnsudkjqzGiQ5YJfbvI1A5Raw2m913WTCfHcn9lQYBfRNAOR6ZjLwOo-iudv0mKl9nxkYXMzKKkE4RTcrgHKjJkgF8.gRuXOt2BSM5m1-CxSPx4FaGdsnCp5RDMYTEtQvw-6Yc&dib_tag=se&keywords=backpack&qid=1787916098&sr=8-16
2026-08-28 17:25:53 | INFO | amazon_scrapper | [19:12] Saved D:\Amazon Scrapper\AmazonScrapper\data\products\keyword_19_product_012.html
2026-08-28 17:25:53 | INFO | amazon_scrapper | [19:13] HTTP 200 https://www.amazon.com/LOVEVOOK-Backpack-Waterproof-Computer-Professional/dp/B0FSLB42V3/ref=sr_1_18?dib=eyJ2IjoiMSJ9.D39xe2WXnbouPxTLhB70Z9zQVuvRPvsEvhGSwax3xTLZoaLA3Qx4eLFAHpTuIa0q5PoQ-KAIXYjCFOaf5Ynh3I6trmsUjYlZ4VTbc77CKN8XRbIBEG6whqUhxLO6-fis3aX1KN1R4H3Ec3PkesnsudkjqzGiQ5YJfbvI1A5Raw2m913WTCfHcn9lQYBfRNAOR6ZjLwOo-iudv0mKl9nxkYXMzKKkE4RTcrgHKjJkgF8.gRuXOt2BSM5m1-CxSPx4FaGdsnCp5RDMYTEtQvw-6Yc&dib_tag=se&keywords=backpack&qid=1787916098&sr=8-18
2026-08-28 17:25:53 | INFO | amazon_scrapper | [19:13] Saved D:\Amazon Scrapper\AmazonScrapper\data\products\keyword_19_product_013.html
2026-08-28 17:25:53 | INFO | amazon_scrapper | [19:14] HTTP 200 https://www.amazon.com/Nike-Unisex-Varsity-Backpack-Metallic/dp/B0F9LRK6SS/ref=sr_1_19?dib=eyJ2IjoiMSJ9.D39xe2WXnbouPxTLhB70Z9zQVuvRPvsEvhGSwax3xTLZoaLA3Qx4eLFAHpTuIa0q5PoQ-KAIXYjCFOaf5Ynh3I6trmsUjYlZ4VTbc77CKN8XRbIBEG6whqUhxLO6-fis3aX1KN1R4H3Ec3PkesnsudkjqzGiQ5YJfbvI1A5Raw2m913WTCfHcn9lQYBfRNAOR6ZjLwOo-iudv0mKl9nxkYXMzKKkE4RTcrgHKjJkgF8.gRuXOt2BSM5m1-CxSPx4FaGdsnCp5RDMYTEtQvw-6Yc&dib_tag=se&keywords=backpack&qid=1787916098&sr=8-19
2026-08-28 17:25:53 | INFO | amazon_scrapper | [19:14] Saved D:\Amazon Scrapper\AmazonScrapper\data\products\keyword_19_product_014.html
2026-08-28 17:25:54 | INFO | amazon_scrapper | [19:15] HTTP 200 https://www.amazon.com/JanSport-Cross-Town-Black-Size/dp/B0823VFB4C/ref=sr_1_20?dib=eyJ2IjoiMSJ9.D39xe2WXnbouPxTLhB70Z9zQVuvRPvsEvhGSwax3xTLZoaLA3Qx4eLFAHpTuIa0q5PoQ-KAIXYjCFOaf5Ynh3I6trmsUjYlZ4VTbc77CKN8XRbIBEG6whqUhxLO6-fis3aX1KN1R4H3Ec3PkesnsudkjqzGiQ5YJfbvI1A5Raw2m913WTCfHcn9lQYBfRNAOR6ZjLwOo-iudv0mKl9nxkYXMzKKkE4RTcrgHKjJkgF8.gRuXOt2BSM5m1-CxSPx4FaGdsnCp5RDMYTEtQvw-6Yc&dib_tag=se&keywords=backpack&qid=1787916098&sr=8-20
2026-08-28 17:25:54 | INFO | amazon_scrapper | [19:15] Saved D:\Amazon Scrapper\AmazonScrapper\data\products\keyword_19_product_015.html
2026-08-28 17:25:54 | INFO | amazon_scrapper | [19:16] HTTP 200 https://www.amazon.com/Ricky-H-Graffiti-Backpack-Lightweight-Compartment-Dark/dp/B079K963KG/ref=sr_1_21?dib=eyJ2IjoiMSJ9.D39xe2WXnbouPxTLhB70Z9zQVuvRPvsEvhGSwax3xTLZoaLA3Qx4eLFAHpTuIa0q5PoQ-KAIXYjCFOaf5Ynh3I6trmsUjYlZ4VTbc77CKN8XRbIBEG6whqUhxLO6-fis3aX1KN1R4H3Ec3PkesnsudkjqzGiQ5YJfbvI1A5Raw2m913WTCfHcn9lQYBfRNAOR6ZjLwOo-iudv0mKl9nxkYXMzKKkE4RTcrgHKjJkgF8.gRuXOt2BSM5m1-CxSPx4FaGdsnCp5RDMYTEtQvw-6Yc&dib_tag=se&keywords=backpack&qid=1787916098&sr=8-21
2026-08-28 17:25:54 | INFO | amazon_scrapper | [19:16] Saved D:\Amazon Scrapper\AmazonScrapper\data\products\keyword_19_product_016.html
2026-08-28 17:25:55 | INFO | amazon_scrapper | [20:1] HTTP 200 https://www.amazon.com/LG-27U411A-B-27-inch-Computer-Monitor/dp/B0FHXY7VZ5/ref=sr_1_3?dib=eyJ2IjoiMSJ9.6GU1alkgn0D_PRctWtK9uZ0AF8zk2Lm_VDEMsQ6QUEIGLkwlmCiZO9EeOK6Pk_RiIHNu23PCihzLvHcEUjCGAEG_Dql39Wx0gVANHWsvxm8yQocKaoyDU-Q2rI6oLGyAknIzjzkiZmCrzFwAZfNfesZYTKClcm8E28B5v_MmEcUczNlAtICP_rfs4KTZ7Y6dBqPvAElHlJCYKY-Jh1IyQdEydq8uTUBay2ptfiY1l5Y.cYJDozaFNcAf9VCMqIehrJ2srF-Ff2TqmSyl9s_XL2I&dib_tag=se&keywords=monitor+27+inch&qid=1787916103&sr=8-3
2026-08-28 17:25:55 | INFO | amazon_scrapper | [20:1] Saved D:\Amazon Scrapper\AmazonScrapper\data\products\keyword_20_product_001.html
2026-08-28 17:25:55 | INFO | amazon_scrapper | [20:3] HTTP 200 https://www.amazon.com/ASUS-1080P-Care-Monitor-VA279HG/dp/B0DM6SNBGM/ref=sr_1_5?dib=eyJ2IjoiMSJ9.6GU1alkgn0D_PRctWtK9uZ0AF8zk2Lm_VDEMsQ6QUEIGLkwlmCiZO9EeOK6Pk_RiIHNu23PCihzLvHcEUjCGAEG_Dql39Wx0gVANHWsvxm8yQocKaoyDU-Q2rI6oLGyAknIzjzkiZmCrzFwAZfNfesZYTKClcm8E28B5v_MmEcUczNlAtICP_rfs4KTZ7Y6dBqPvAElHlJCYKY-Jh1IyQdEydq8uTUBay2ptfiY1l5Y.cYJDozaFNcAf9VCMqIehrJ2srF-Ff2TqmSyl9s_XL2I&dib_tag=se&keywords=monitor+27+inch&qid=1787916103&sr=8-5
2026-08-28 17:25:55 | INFO | amazon_scrapper | [20:3] Saved D:\Amazon Scrapper\AmazonScrapper\data\products\keyword_20_product_003.html
2026-08-28 17:25:55 | INFO | amazon_scrapper | [20:2] HTTP 200 https://www.amazon.com/Acer-1920x1080-120Hz-Office-Monitor/dp/B0D9MK23S7/ref=sr_1_4?dib=eyJ2IjoiMSJ9.6GU1alkgn0D_PRctWtK9uZ0AF8zk2Lm_VDEMsQ6QUEIGLkwlmCiZO9EeOK6Pk_RiIHNu23PCihzLvHcEUjCGAEG_Dql39Wx0gVANHWsvxm8yQocKaoyDU-Q2rI6oLGyAknIzjzkiZmCrzFwAZfNfesZYTKClcm8E28B5v_MmEcUczNlAtICP_rfs4KTZ7Y6dBqPvAElHlJCYKY-Jh1IyQdEydq8uTUBay2ptfiY1l5Y.cYJDozaFNcAf9VCMqIehrJ2srF-Ff2TqmSyl9s_XL2I&dib_tag=se&keywords=monitor+27+inch&qid=1787916103&sr=8-4
2026-08-28 17:25:55 | INFO | amazon_scrapper | [20:2] Saved D:\Amazon Scrapper\AmazonScrapper\data\products\keyword_20_product_002.html
2026-08-28 17:25:56 | INFO | amazon_scrapper | [20:4] HTTP 200 https://www.amazon.com/Sceptre-DisplayPort-FreeSync-Frameless-E275W-FW100T/dp/B0CHHSFMRL/ref=sr_1_6?dib=eyJ2IjoiMSJ9.6GU1alkgn0D_PRctWtK9uZ0AF8zk2Lm_VDEMsQ6QUEIGLkwlmCiZO9EeOK6Pk_RiIHNu23PCihzLvHcEUjCGAEG_Dql39Wx0gVANHWsvxm8yQocKaoyDU-Q2rI6oLGyAknIzjzkiZmCrzFwAZfNfesZYTKClcm8E28B5v_MmEcUczNlAtICP_rfs4KTZ7Y6dBqPvAElHlJCYKY-Jh1IyQdEydq8uTUBay2ptfiY1l5Y.cYJDozaFNcAf9VCMqIehrJ2srF-Ff2TqmSyl9s_XL2I&dib_tag=se&keywords=monitor+27+inch&qid=1787916103&sr=8-6
2026-08-28 17:25:56 | INFO | amazon_scrapper | [20:4] Saved D:\Amazon Scrapper\AmazonScrapper\data\products\keyword_20_product_004.html
2026-08-28 17:25:57 | INFO | amazon_scrapper | [20:5] HTTP 200 https://www.amazon.com/LG-27G610A-B-Ultragear-DisplayHDR-DisplayPort/dp/B0FLM15Q5L/ref=sr_1_8?dib=eyJ2IjoiMSJ9.6GU1alkgn0D_PRctWtK9uZ0AF8zk2Lm_VDEMsQ6QUEIGLkwlmCiZO9EeOK6Pk_RiIHNu23PCihzLvHcEUjCGAEG_Dql39Wx0gVANHWsvxm8yQocKaoyDU-Q2rI6oLGyAknIzjzkiZmCrzFwAZfNfesZYTKClcm8E28B5v_MmEcUczNlAtICP_rfs4KTZ7Y6dBqPvAElHlJCYKY-Jh1IyQdEydq8uTUBay2ptfiY1l5Y.cYJDozaFNcAf9VCMqIehrJ2srF-Ff2TqmSyl9s_XL2I&dib_tag=se&keywords=monitor+27+inch&qid=1787916103&sr=8-8
2026-08-28 17:25:57 | INFO | amazon_scrapper | [20:5] Saved D:\Amazon Scrapper\AmazonScrapper\data\products\keyword_20_product_005.html
2026-08-28 17:25:57 | INFO | amazon_scrapper | [20:6] HTTP 200 https://www.amazon.com/Sceptre-27-inch-DisplayPort-Speakers-E275B-FW180T/dp/B0H5FG8TL2/ref=sr_1_9?dib=eyJ2IjoiMSJ9.6GU1alkgn0D_PRctWtK9uZ0AF8zk2Lm_VDEMsQ6QUEIGLkwlmCiZO9EeOK6Pk_RiIHNu23PCihzLvHcEUjCGAEG_Dql39Wx0gVANHWsvxm8yQocKaoyDU-Q2rI6oLGyAknIzjzkiZmCrzFwAZfNfesZYTKClcm8E28B5v_MmEcUczNlAtICP_rfs4KTZ7Y6dBqPvAElHlJCYKY-Jh1IyQdEydq8uTUBay2ptfiY1l5Y.cYJDozaFNcAf9VCMqIehrJ2srF-Ff2TqmSyl9s_XL2I&dib_tag=se&keywords=monitor+27+inch&qid=1787916103&sr=8-9
2026-08-28 17:25:57 | INFO | amazon_scrapper | [20:6] Saved D:\Amazon Scrapper\AmazonScrapper\data\products\keyword_20_product_006.html
2026-08-28 17:25:57 | INFO | amazon_scrapper | [20:8] HTTP 200 https://www.amazon.com/Sceptre-27-inch-DisplayPort-Speakers-C275B-FW180T/dp/B0H5FJXKRG/ref=sr_1_11?dib=eyJ2IjoiMSJ9.6GU1alkgn0D_PRctWtK9uZ0AF8zk2Lm_VDEMsQ6QUEIGLkwlmCiZO9EeOK6Pk_RiIHNu23PCihzLvHcEUjCGAEG_Dql39Wx0gVANHWsvxm8yQocKaoyDU-Q2rI6oLGyAknIzjzkiZmCrzFwAZfNfesZYTKClcm8E28B5v_MmEcUczNlAtICP_rfs4KTZ7Y6dBqPvAElHlJCYKY-Jh1IyQdEydq8uTUBay2ptfiY1l5Y.cYJDozaFNcAf9VCMqIehrJ2srF-Ff2TqmSyl9s_XL2I&dib_tag=se&keywords=monitor+27+inch&qid=1787916103&sr=8-11
2026-08-28 17:25:57 | INFO | amazon_scrapper | [20:8] Saved D:\Amazon Scrapper\AmazonScrapper\data\products\keyword_20_product_008.html
2026-08-28 17:25:57 | INFO | amazon_scrapper | [20:7] HTTP 200 https://www.amazon.com/KOORUI-27-Inch-Monitor-Computer/dp/B0B3DS23NB/ref=sr_1_10?dib=eyJ2IjoiMSJ9.6GU1alkgn0D_PRctWtK9uZ0AF8zk2Lm_VDEMsQ6QUEIGLkwlmCiZO9EeOK6Pk_RiIHNu23PCihzLvHcEUjCGAEG_Dql39Wx0gVANHWsvxm8yQocKaoyDU-Q2rI6oLGyAknIzjzkiZmCrzFwAZfNfesZYTKClcm8E28B5v_MmEcUczNlAtICP_rfs4KTZ7Y6dBqPvAElHlJCYKY-Jh1IyQdEydq8uTUBay2ptfiY1l5Y.cYJDozaFNcAf9VCMqIehrJ2srF-Ff2TqmSyl9s_XL2I&dib_tag=se&keywords=monitor+27+inch&qid=1787916103&sr=8-10
2026-08-28 17:25:57 | INFO | amazon_scrapper | [20:7] Saved D:\Amazon Scrapper\AmazonScrapper\data\products\keyword_20_product_007.html
2026-08-28 17:25:58 | INFO | amazon_scrapper | [20:9] HTTP 200 https://www.amazon.com/acer-Monitor-FreeSync-Refresh-N3bmiipx/dp/B0D8LH2VSP/ref=sr_1_13?dib=eyJ2IjoiMSJ9.6GU1alkgn0D_PRctWtK9uZ0AF8zk2Lm_VDEMsQ6QUEIGLkwlmCiZO9EeOK6Pk_RiIHNu23PCihzLvHcEUjCGAEG_Dql39Wx0gVANHWsvxm8yQocKaoyDU-Q2rI6oLGyAknIzjzkiZmCrzFwAZfNfesZYTKClcm8E28B5v_MmEcUczNlAtICP_rfs4KTZ7Y6dBqPvAElHlJCYKY-Jh1IyQdEydq8uTUBay2ptfiY1l5Y.cYJDozaFNcAf9VCMqIehrJ2srF-Ff2TqmSyl9s_XL2I&dib_tag=se&keywords=monitor+27+inch&qid=1787916103&sr=8-13
2026-08-28 17:25:58 | INFO | amazon_scrapper | [20:9] Saved D:\Amazon Scrapper\AmazonScrapper\data\products\keyword_20_product_009.html
2026-08-28 17:25:59 | INFO | amazon_scrapper | [20:10] HTTP 200 https://www.amazon.com/SAMSUNG-Essential-Computer-Advanced-LS27D366GANXZA/dp/B0DB9Q5G3R/ref=sr_1_14?dib=eyJ2IjoiMSJ9.6GU1alkgn0D_PRctWtK9uZ0AF8zk2Lm_VDEMsQ6QUEIGLkwlmCiZO9EeOK6Pk_RiIHNu23PCihzLvHcEUjCGAEG_Dql39Wx0gVANHWsvxm8yQocKaoyDU-Q2rI6oLGyAknIzjzkiZmCrzFwAZfNfesZYTKClcm8E28B5v_MmEcUczNlAtICP_rfs4KTZ7Y6dBqPvAElHlJCYKY-Jh1IyQdEydq8uTUBay2ptfiY1l5Y.cYJDozaFNcAf9VCMqIehrJ2srF-Ff2TqmSyl9s_XL2I&dib_tag=se&keywords=monitor+27+inch&qid=1787916103&sr=8-14
2026-08-28 17:25:59 | INFO | amazon_scrapper | [20:10] Saved D:\Amazon Scrapper\AmazonScrapper\data\products\keyword_20_product_010.html
2026-08-28 17:25:59 | INFO | amazon_scrapper | [20:11] HTTP 200 https://www.amazon.com/SAMSUNG-Essential-Ergonomic-Advanced-LS27D304GANXZA/dp/B0DK44759Y/ref=sr_1_15?dib=eyJ2IjoiMSJ9.6GU1alkgn0D_PRctWtK9uZ0AF8zk2Lm_VDEMsQ6QUEIGLkwlmCiZO9EeOK6Pk_RiIHNu23PCihzLvHcEUjCGAEG_Dql39Wx0gVANHWsvxm8yQocKaoyDU-Q2rI6oLGyAknIzjzkiZmCrzFwAZfNfesZYTKClcm8E28B5v_MmEcUczNlAtICP_rfs4KTZ7Y6dBqPvAElHlJCYKY-Jh1IyQdEydq8uTUBay2ptfiY1l5Y.cYJDozaFNcAf9VCMqIehrJ2srF-Ff2TqmSyl9s_XL2I&dib_tag=se&keywords=monitor+27+inch&qid=1787916103&sr=8-15
2026-08-28 17:25:59 | INFO | amazon_scrapper | [20:11] Saved D:\Amazon Scrapper\AmazonScrapper\data\products\keyword_20_product_011.html
2026-08-28 17:25:59 | INFO | amazon_scrapper | [20:12] HTTP 200 https://www.amazon.com/Philips-Computer-Monitor-100Hz-271V8LB/dp/B0C8ZJNZY8/ref=sr_1_16?dib=eyJ2IjoiMSJ9.6GU1alkgn0D_PRctWtK9uZ0AF8zk2Lm_VDEMsQ6QUEIGLkwlmCiZO9EeOK6Pk_RiIHNu23PCihzLvHcEUjCGAEG_Dql39Wx0gVANHWsvxm8yQocKaoyDU-Q2rI6oLGyAknIzjzkiZmCrzFwAZfNfesZYTKClcm8E28B5v_MmEcUczNlAtICP_rfs4KTZ7Y6dBqPvAElHlJCYKY-Jh1IyQdEydq8uTUBay2ptfiY1l5Y.cYJDozaFNcAf9VCMqIehrJ2srF-Ff2TqmSyl9s_XL2I&dib_tag=se&keywords=monitor+27+inch&qid=1787916103&sr=8-16
2026-08-28 17:25:59 | INFO | amazon_scrapper | [20:12] Saved D:\Amazon Scrapper\AmazonScrapper\data\products\keyword_20_product_012.html
2026-08-28 17:25:59 | INFO | amazon_scrapper | [20:13] HTTP 200 https://www.amazon.com/Lenovo-L27-4e-Monitor-Display-Response/dp/B0FTVB3V15/ref=sr_1_18?dib=eyJ2IjoiMSJ9.6GU1alkgn0D_PRctWtK9uZ0AF8zk2Lm_VDEMsQ6QUEIGLkwlmCiZO9EeOK6Pk_RiIHNu23PCihzLvHcEUjCGAEG_Dql39Wx0gVANHWsvxm8yQocKaoyDU-Q2rI6oLGyAknIzjzkiZmCrzFwAZfNfesZYTKClcm8E28B5v_MmEcUczNlAtICP_rfs4KTZ7Y6dBqPvAElHlJCYKY-Jh1IyQdEydq8uTUBay2ptfiY1l5Y.cYJDozaFNcAf9VCMqIehrJ2srF-Ff2TqmSyl9s_XL2I&dib_tag=se&keywords=monitor+27+inch&qid=1787916103&sr=8-18
2026-08-28 17:25:59 | INFO | amazon_scrapper | [20:13] Saved D:\Amazon Scrapper\AmazonScrapper\data\products\keyword_20_product_013.html
2026-08-28 17:26:00 | INFO | amazon_scrapper | [20:14] HTTP 200 https://www.amazon.com/ArcticPro-Computer-Frameless-Mountable-Anti-Blue/dp/B0FM7FS7CR/ref=sr_1_19?dib=eyJ2IjoiMSJ9.6GU1alkgn0D_PRctWtK9uZ0AF8zk2Lm_VDEMsQ6QUEIGLkwlmCiZO9EeOK6Pk_RiIHNu23PCihzLvHcEUjCGAEG_Dql39Wx0gVANHWsvxm8yQocKaoyDU-Q2rI6oLGyAknIzjzkiZmCrzFwAZfNfesZYTKClcm8E28B5v_MmEcUczNlAtICP_rfs4KTZ7Y6dBqPvAElHlJCYKY-Jh1IyQdEydq8uTUBay2ptfiY1l5Y.cYJDozaFNcAf9VCMqIehrJ2srF-Ff2TqmSyl9s_XL2I&dib_tag=se&keywords=monitor+27+inch&qid=1787916103&sr=8-19
2026-08-28 17:26:00 | INFO | amazon_scrapper | [20:14] Saved D:\Amazon Scrapper\AmazonScrapper\data\products\keyword_20_product_014.html
2026-08-28 17:26:01 | INFO | amazon_scrapper | [20:15] HTTP 200 https://www.amazon.com/Amazon-Basics-Monitor-Compatible-Speakers/dp/B0CP7RZRMD/ref=sr_1_20?dib=eyJ2IjoiMSJ9.6GU1alkgn0D_PRctWtK9uZ0AF8zk2Lm_VDEMsQ6QUEIGLkwlmCiZO9EeOK6Pk_RiIHNu23PCihzLvHcEUjCGAEG_Dql39Wx0gVANHWsvxm8yQocKaoyDU-Q2rI6oLGyAknIzjzkiZmCrzFwAZfNfesZYTKClcm8E28B5v_MmEcUczNlAtICP_rfs4KTZ7Y6dBqPvAElHlJCYKY-Jh1IyQdEydq8uTUBay2ptfiY1l5Y.cYJDozaFNcAf9VCMqIehrJ2srF-Ff2TqmSyl9s_XL2I&dib_tag=se&keywords=monitor+27+inch&qid=1787916103&sr=8-20
2026-08-28 17:26:01 | INFO | amazon_scrapper | [20:15] Saved D:\Amazon Scrapper\AmazonScrapper\data\products\keyword_20_product_015.html
2026-08-28 17:26:01 | INFO | amazon_scrapper | [20:16] HTTP 200 https://www.amazon.com/ASUS-1440P-Care-Monitor-VA27AQ/dp/B0F72ZCGWB/ref=sr_1_21?dib=eyJ2IjoiMSJ9.6GU1alkgn0D_PRctWtK9uZ0AF8zk2Lm_VDEMsQ6QUEIGLkwlmCiZO9EeOK6Pk_RiIHNu23PCihzLvHcEUjCGAEG_Dql39Wx0gVANHWsvxm8yQocKaoyDU-Q2rI6oLGyAknIzjzkiZmCrzFwAZfNfesZYTKClcm8E28B5v_MmEcUczNlAtICP_rfs4KTZ7Y6dBqPvAElHlJCYKY-Jh1IyQdEydq8uTUBay2ptfiY1l5Y.cYJDozaFNcAf9VCMqIehrJ2srF-Ff2TqmSyl9s_XL2I&dib_tag=se&keywords=monitor+27+inch&qid=1787916103&sr=8-21
2026-08-28 17:26:01 | INFO | amazon_scrapper | [20:16] Saved D:\Amazon Scrapper\AmazonScrapper\data\products\keyword_20_product_016.html
2026-08-28 17:26:01 | INFO | amazon_scrapper | [21:1] HTTP 200 https://www.amazon.com/Owala-Insulated-Stainless-Steel-Push-Button-24-Ounce/dp/B085DTZQNZ/ref=sr_1_1?dib=eyJ2IjoiMSJ9.Ey2T8XrpZ1aUGOYU1C-L8E1U1yzzF7ZPsDboYdF68UL8Fhn9ZPrBAWeJz9HmtPokQABibugBR_HvDSYfPKQ4Ish4Msrb949a8tnyiVz-pBCOwBmQMFsLd8MhSC4KBjHhY9oeDHoug5pH6skvOdmDG0G26zDxoQ5xhL-UTIzWCbWzy_UduxhmGlBbwA6SlJzI-1DudKfWntA55iEG0vc08ZXceK7j9paSpHNoDlY94Z6-iZqRA7zqbdF93pB7pVlXRwtuQLcTmMD0-7cXiOLGnpLBdlBoRjdtO-ijBTWkzsw.XnAaAshMcRIM-vPfBYwNK2b74Zcfaay9o8CJi9ct0gg&dib_tag=se&keywords=water+bottle&qid=1787916109&sr=8-1
2026-08-28 17:26:01 | INFO | amazon_scrapper | [21:1] Saved D:\Amazon Scrapper\AmazonScrapper\data\products\keyword_21_product_001.html
2026-08-28 17:26:01 | INFO | amazon_scrapper | [21:2] HTTP 200 https://www.amazon.com/Owala-FreeSip-Insulated-Stainless-BPA-Free/dp/B0BZYCJK89/ref=sr_1_2?dib=eyJ2IjoiMSJ9.Ey2T8XrpZ1aUGOYU1C-L8E1U1yzzF7ZPsDboYdF68UL8Fhn9ZPrBAWeJz9HmtPokQABibugBR_HvDSYfPKQ4Ish4Msrb949a8tnyiVz-pBCOwBmQMFsLd8MhSC4KBjHhY9oeDHoug5pH6skvOdmDG0G26zDxoQ5xhL-UTIzWCbWzy_UduxhmGlBbwA6SlJzI-1DudKfWntA55iEG0vc08ZXceK7j9paSpHNoDlY94Z6-iZqRA7zqbdF93pB7pVlXRwtuQLcTmMD0-7cXiOLGnpLBdlBoRjdtO-ijBTWkzsw.XnAaAshMcRIM-vPfBYwNK2b74Zcfaay9o8CJi9ct0gg&dib_tag=se&keywords=water+bottle&qid=1787916109&sr=8-2
2026-08-28 17:26:01 | INFO | amazon_scrapper | [21:2] Saved D:\Amazon Scrapper\AmazonScrapper\data\products\keyword_21_product_002.html
2026-08-28 17:26:02 | INFO | amazon_scrapper | [21:3] HTTP 200 https://www.amazon.com/Owala-FreeSip-Insulated-Stainless-Daybreak/dp/B0FFTL7QNC/ref=sr_1_3?dib=eyJ2IjoiMSJ9.Ey2T8XrpZ1aUGOYU1C-L8E1U1yzzF7ZPsDboYdF68UL8Fhn9ZPrBAWeJz9HmtPokQABibugBR_HvDSYfPKQ4Ish4Msrb949a8tnyiVz-pBCOwBmQMFsLd8MhSC4KBjHhY9oeDHoug5pH6skvOdmDG0G26zDxoQ5xhL-UTIzWCbWzy_UduxhmGlBbwA6SlJzI-1DudKfWntA55iEG0vc08ZXceK7j9paSpHNoDlY94Z6-iZqRA7zqbdF93pB7pVlXRwtuQLcTmMD0-7cXiOLGnpLBdlBoRjdtO-ijBTWkzsw.XnAaAshMcRIM-vPfBYwNK2b74Zcfaay9o8CJi9ct0gg&dib_tag=se&keywords=water+bottle&qid=1787916109&sr=8-3
2026-08-28 17:26:02 | INFO | amazon_scrapper | [21:3] Saved D:\Amazon Scrapper\AmazonScrapper\data\products\keyword_21_product_003.html
2026-08-28 17:26:03 | INFO | amazon_scrapper | [21:5] HTTP 200 https://www.amazon.com/Owala-FreeSip-Insulated-Stainless-Two-Way/dp/B0FK1CDVHB/ref=sr_1_5?dib=eyJ2IjoiMSJ9.Ey2T8XrpZ1aUGOYU1C-L8E1U1yzzF7ZPsDboYdF68UL8Fhn9ZPrBAWeJz9HmtPokQABibugBR_HvDSYfPKQ4Ish4Msrb949a8tnyiVz-pBCOwBmQMFsLd8MhSC4KBjHhY9oeDHoug5pH6skvOdmDG0G26zDxoQ5xhL-UTIzWCbWzy_UduxhmGlBbwA6SlJzI-1DudKfWntA55iEG0vc08ZXceK7j9paSpHNoDlY94Z6-iZqRA7zqbdF93pB7pVlXRwtuQLcTmMD0-7cXiOLGnpLBdlBoRjdtO-ijBTWkzsw.XnAaAshMcRIM-vPfBYwNK2b74Zcfaay9o8CJi9ct0gg&dib_tag=se&keywords=water+bottle&qid=1787916109&sr=8-5
2026-08-28 17:26:03 | INFO | amazon_scrapper | [21:5] Saved D:\Amazon Scrapper\AmazonScrapper\data\products\keyword_21_product_005.html
2026-08-28 17:26:03 | INFO | amazon_scrapper | [21:4] HTTP 200 https://www.amazon.com/POWCAN-Insulated-Bottle-Leak-Proof-Stainless/dp/B0D8J2ZB8P/ref=sr_1_4?dib=eyJ2IjoiMSJ9.Ey2T8XrpZ1aUGOYU1C-L8E1U1yzzF7ZPsDboYdF68UL8Fhn9ZPrBAWeJz9HmtPokQABibugBR_HvDSYfPKQ4Ish4Msrb949a8tnyiVz-pBCOwBmQMFsLd8MhSC4KBjHhY9oeDHoug5pH6skvOdmDG0G26zDxoQ5xhL-UTIzWCbWzy_UduxhmGlBbwA6SlJzI-1DudKfWntA55iEG0vc08ZXceK7j9paSpHNoDlY94Z6-iZqRA7zqbdF93pB7pVlXRwtuQLcTmMD0-7cXiOLGnpLBdlBoRjdtO-ijBTWkzsw.XnAaAshMcRIM-vPfBYwNK2b74Zcfaay9o8CJi9ct0gg&dib_tag=se&keywords=water+bottle&qid=1787916109&sr=8-4
2026-08-28 17:26:03 | INFO | amazon_scrapper | [21:4] Saved D:\Amazon Scrapper\AmazonScrapper\data\products\keyword_21_product_004.html
2026-08-28 17:26:03 | INFO | amazon_scrapper | [21:6] HTTP 200 https://www.amazon.com/DYSANKY-Insulated-Thickened-Stainless-Portable/dp/B0DLCG65B5/ref=sr_1_6?dib=eyJ2IjoiMSJ9.Ey2T8XrpZ1aUGOYU1C-L8E1U1yzzF7ZPsDboYdF68UL8Fhn9ZPrBAWeJz9HmtPokQABibugBR_HvDSYfPKQ4Ish4Msrb949a8tnyiVz-pBCOwBmQMFsLd8MhSC4KBjHhY9oeDHoug5pH6skvOdmDG0G26zDxoQ5xhL-UTIzWCbWzy_UduxhmGlBbwA6SlJzI-1DudKfWntA55iEG0vc08ZXceK7j9paSpHNoDlY94Z6-iZqRA7zqbdF93pB7pVlXRwtuQLcTmMD0-7cXiOLGnpLBdlBoRjdtO-ijBTWkzsw.XnAaAshMcRIM-vPfBYwNK2b74Zcfaay9o8CJi9ct0gg&dib_tag=se&keywords=water+bottle&qid=1787916109&sr=8-6
2026-08-28 17:26:04 | INFO | amazon_scrapper | [21:6] Saved D:\Amazon Scrapper\AmazonScrapper\data\products\keyword_21_product_006.html
2026-08-28 17:26:04 | INFO | amazon_scrapper | [21:7] HTTP 200 https://www.amazon.com/STANLEY-IceFlow-Straw-Tumbler-Quartz/dp/B0DR9ML5X9/ref=sr_1_7?dib=eyJ2IjoiMSJ9.Ey2T8XrpZ1aUGOYU1C-L8E1U1yzzF7ZPsDboYdF68UL8Fhn9ZPrBAWeJz9HmtPokQABibugBR_HvDSYfPKQ4Ish4Msrb949a8tnyiVz-pBCOwBmQMFsLd8MhSC4KBjHhY9oeDHoug5pH6skvOdmDG0G26zDxoQ5xhL-UTIzWCbWzy_UduxhmGlBbwA6SlJzI-1DudKfWntA55iEG0vc08ZXceK7j9paSpHNoDlY94Z6-iZqRA7zqbdF93pB7pVlXRwtuQLcTmMD0-7cXiOLGnpLBdlBoRjdtO-ijBTWkzsw.XnAaAshMcRIM-vPfBYwNK2b74Zcfaay9o8CJi9ct0gg&dib_tag=se&keywords=water+bottle&qid=1787916109&sr=8-7
2026-08-28 17:26:04 | INFO | amazon_scrapper | [21:7] Saved D:\Amazon Scrapper\AmazonScrapper\data\products\keyword_21_product_007.html
2026-08-28 17:26:04 | INFO | amazon_scrapper | [21:8] HTTP 200 https://www.amazon.com/Fijinhom-Insulated-Bottle-Stainless-Bottles/dp/B0D2W136D1/ref=sr_1_8?dib=eyJ2IjoiMSJ9.Ey2T8XrpZ1aUGOYU1C-L8E1U1yzzF7ZPsDboYdF68UL8Fhn9ZPrBAWeJz9HmtPokQABibugBR_HvDSYfPKQ4Ish4Msrb949a8tnyiVz-pBCOwBmQMFsLd8MhSC4KBjHhY9oeDHoug5pH6skvOdmDG0G26zDxoQ5xhL-UTIzWCbWzy_UduxhmGlBbwA6SlJzI-1DudKfWntA55iEG0vc08ZXceK7j9paSpHNoDlY94Z6-iZqRA7zqbdF93pB7pVlXRwtuQLcTmMD0-7cXiOLGnpLBdlBoRjdtO-ijBTWkzsw.XnAaAshMcRIM-vPfBYwNK2b74Zcfaay9o8CJi9ct0gg&dib_tag=se&keywords=water+bottle&qid=1787916109&sr=8-8
2026-08-28 17:26:04 | INFO | amazon_scrapper | [21:8] Saved D:\Amazon Scrapper\AmazonScrapper\data\products\keyword_21_product_008.html
2026-08-28 17:26:05 | INFO | amazon_scrapper | [21:10] HTTP 200 https://www.amazon.com/Owala-Insulated-Stainless-BPA-Free-Sweetness/dp/B0BZYBP74R/ref=sr_1_10?dib=eyJ2IjoiMSJ9.Ey2T8XrpZ1aUGOYU1C-L8E1U1yzzF7ZPsDboYdF68UL8Fhn9ZPrBAWeJz9HmtPokQABibugBR_HvDSYfPKQ4Ish4Msrb949a8tnyiVz-pBCOwBmQMFsLd8MhSC4KBjHhY9oeDHoug5pH6skvOdmDG0G26zDxoQ5xhL-UTIzWCbWzy_UduxhmGlBbwA6SlJzI-1DudKfWntA55iEG0vc08ZXceK7j9paSpHNoDlY94Z6-iZqRA7zqbdF93pB7pVlXRwtuQLcTmMD0-7cXiOLGnpLBdlBoRjdtO-ijBTWkzsw.XnAaAshMcRIM-vPfBYwNK2b74Zcfaay9o8CJi9ct0gg&dib_tag=se&keywords=water+bottle&qid=1787916109&sr=8-10
2026-08-28 17:26:05 | INFO | amazon_scrapper | [21:10] Saved D:\Amazon Scrapper\AmazonScrapper\data\products\keyword_21_product_010.html
2026-08-28 17:26:05 | INFO | amazon_scrapper | [21:9] HTTP 200 https://www.amazon.com/IRON-%C2%B0FLASK-Hydration-Stainless-Insulated/dp/B07N2F3JXP/ref=sr_1_9?dib=eyJ2IjoiMSJ9.Ey2T8XrpZ1aUGOYU1C-L8E1U1yzzF7ZPsDboYdF68UL8Fhn9ZPrBAWeJz9HmtPokQABibugBR_HvDSYfPKQ4Ish4Msrb949a8tnyiVz-pBCOwBmQMFsLd8MhSC4KBjHhY9oeDHoug5pH6skvOdmDG0G26zDxoQ5xhL-UTIzWCbWzy_UduxhmGlBbwA6SlJzI-1DudKfWntA55iEG0vc08ZXceK7j9paSpHNoDlY94Z6-iZqRA7zqbdF93pB7pVlXRwtuQLcTmMD0-7cXiOLGnpLBdlBoRjdtO-ijBTWkzsw.XnAaAshMcRIM-vPfBYwNK2b74Zcfaay9o8CJi9ct0gg&dib_tag=se&keywords=water+bottle&qid=1787916109&sr=8-9
2026-08-28 17:26:05 | INFO | amazon_scrapper | [21:9] Saved D:\Amazon Scrapper\AmazonScrapper\data\products\keyword_21_product_009.html
2026-08-28 17:26:06 | INFO | amazon_scrapper | [21:12] HTTP 200 https://www.amazon.com/CIVAGO-Insulated-Bottle-Stainless-Midnight/dp/B09LLZNJYV/ref=sr_1_12?dib=eyJ2IjoiMSJ9.Ey2T8XrpZ1aUGOYU1C-L8E1U1yzzF7ZPsDboYdF68UL8Fhn9ZPrBAWeJz9HmtPokQABibugBR_HvDSYfPKQ4Ish4Msrb949a8tnyiVz-pBCOwBmQMFsLd8MhSC4KBjHhY9oeDHoug5pH6skvOdmDG0G26zDxoQ5xhL-UTIzWCbWzy_UduxhmGlBbwA6SlJzI-1DudKfWntA55iEG0vc08ZXceK7j9paSpHNoDlY94Z6-iZqRA7zqbdF93pB7pVlXRwtuQLcTmMD0-7cXiOLGnpLBdlBoRjdtO-ijBTWkzsw.XnAaAshMcRIM-vPfBYwNK2b74Zcfaay9o8CJi9ct0gg&dib_tag=se&keywords=water+bottle&qid=1787916109&sr=8-12
2026-08-28 17:26:06 | INFO | amazon_scrapper | [21:12] Saved D:\Amazon Scrapper\AmazonScrapper\data\products\keyword_21_product_012.html
2026-08-28 17:26:06 | INFO | amazon_scrapper | [21:13] HTTP 200 https://www.amazon.com/Nalgene-Mouth-Water-Bottle-Black/dp/B0B9T4KCV7/ref=sr_1_13?dib=eyJ2IjoiMSJ9.Ey2T8XrpZ1aUGOYU1C-L8E1U1yzzF7ZPsDboYdF68UL8Fhn9ZPrBAWeJz9HmtPokQABibugBR_HvDSYfPKQ4Ish4Msrb949a8tnyiVz-pBCOwBmQMFsLd8MhSC4KBjHhY9oeDHoug5pH6skvOdmDG0G26zDxoQ5xhL-UTIzWCbWzy_UduxhmGlBbwA6SlJzI-1DudKfWntA55iEG0vc08ZXceK7j9paSpHNoDlY94Z6-iZqRA7zqbdF93pB7pVlXRwtuQLcTmMD0-7cXiOLGnpLBdlBoRjdtO-ijBTWkzsw.XnAaAshMcRIM-vPfBYwNK2b74Zcfaay9o8CJi9ct0gg&dib_tag=se&keywords=water+bottle&qid=1787916109&sr=8-13
2026-08-28 17:26:06 | INFO | amazon_scrapper | [21:13] Saved D:\Amazon Scrapper\AmazonScrapper\data\products\keyword_21_product_013.html
2026-08-28 17:26:07 | INFO | amazon_scrapper | [21:11] HTTP 200 https://www.amazon.com/Sahara-Sailor-Motivational-Encourage-Leakproof/dp/B09FPXGLGF/ref=sr_1_11?dib=eyJ2IjoiMSJ9.Ey2T8XrpZ1aUGOYU1C-L8E1U1yzzF7ZPsDboYdF68UL8Fhn9ZPrBAWeJz9HmtPokQABibugBR_HvDSYfPKQ4Ish4Msrb949a8tnyiVz-pBCOwBmQMFsLd8MhSC4KBjHhY9oeDHoug5pH6skvOdmDG0G26zDxoQ5xhL-UTIzWCbWzy_UduxhmGlBbwA6SlJzI-1DudKfWntA55iEG0vc08ZXceK7j9paSpHNoDlY94Z6-iZqRA7zqbdF93pB7pVlXRwtuQLcTmMD0-7cXiOLGnpLBdlBoRjdtO-ijBTWkzsw.XnAaAshMcRIM-vPfBYwNK2b74Zcfaay9o8CJi9ct0gg&dib_tag=se&keywords=water+bottle&qid=1787916109&sr=8-11
2026-08-28 17:26:07 | INFO | amazon_scrapper | [21:11] Saved D:\Amazon Scrapper\AmazonScrapper\data\products\keyword_21_product_011.html
2026-08-28 17:26:07 | INFO | amazon_scrapper | [21:15] HTTP 200 https://www.amazon.com/Owala-Insulated-Stainless-BPA-Free-Sweetness/dp/B0BZYF1C1V/ref=sr_1_15?dib=eyJ2IjoiMSJ9.Ey2T8XrpZ1aUGOYU1C-L8E1U1yzzF7ZPsDboYdF68UL8Fhn9ZPrBAWeJz9HmtPokQABibugBR_HvDSYfPKQ4Ish4Msrb949a8tnyiVz-pBCOwBmQMFsLd8MhSC4KBjHhY9oeDHoug5pH6skvOdmDG0G26zDxoQ5xhL-UTIzWCbWzy_UduxhmGlBbwA6SlJzI-1DudKfWntA55iEG0vc08ZXceK7j9paSpHNoDlY94Z6-iZqRA7zqbdF93pB7pVlXRwtuQLcTmMD0-7cXiOLGnpLBdlBoRjdtO-ijBTWkzsw.XnAaAshMcRIM-vPfBYwNK2b74Zcfaay9o8CJi9ct0gg&dib_tag=se&keywords=water+bottle&qid=1787916109&sr=8-15
2026-08-28 17:26:07 | INFO | amazon_scrapper | [21:15] Saved D:\Amazon Scrapper\AmazonScrapper\data\products\keyword_21_product_015.html
2026-08-28 17:26:07 | INFO | amazon_scrapper | [21:14] HTTP 200 https://www.amazon.com/HydroJug-Traveler-Resistant-Bottle-Reusable-Insulated/dp/B0CQVWW5QK/ref=sr_1_14?dib=eyJ2IjoiMSJ9.Ey2T8XrpZ1aUGOYU1C-L8E1U1yzzF7ZPsDboYdF68UL8Fhn9ZPrBAWeJz9HmtPokQABibugBR_HvDSYfPKQ4Ish4Msrb949a8tnyiVz-pBCOwBmQMFsLd8MhSC4KBjHhY9oeDHoug5pH6skvOdmDG0G26zDxoQ5xhL-UTIzWCbWzy_UduxhmGlBbwA6SlJzI-1DudKfWntA55iEG0vc08ZXceK7j9paSpHNoDlY94Z6-iZqRA7zqbdF93pB7pVlXRwtuQLcTmMD0-7cXiOLGnpLBdlBoRjdtO-ijBTWkzsw.XnAaAshMcRIM-vPfBYwNK2b74Zcfaay9o8CJi9ct0gg&dib_tag=se&keywords=water+bottle&qid=1787916109&sr=8-14
2026-08-28 17:26:07 | INFO | amazon_scrapper | [21:14] Saved D:\Amazon Scrapper\AmazonScrapper\data\products\keyword_21_product_014.html
2026-08-28 17:26:08 | INFO | amazon_scrapper | [21:16] HTTP 200 https://www.amazon.com/Hydro-Flask-Standard-Flex-Agave/dp/B0DG36YPZM/ref=sr_1_16?dib=eyJ2IjoiMSJ9.Ey2T8XrpZ1aUGOYU1C-L8E1U1yzzF7ZPsDboYdF68UL8Fhn9ZPrBAWeJz9HmtPokQABibugBR_HvDSYfPKQ4Ish4Msrb949a8tnyiVz-pBCOwBmQMFsLd8MhSC4KBjHhY9oeDHoug5pH6skvOdmDG0G26zDxoQ5xhL-UTIzWCbWzy_UduxhmGlBbwA6SlJzI-1DudKfWntA55iEG0vc08ZXceK7j9paSpHNoDlY94Z6-iZqRA7zqbdF93pB7pVlXRwtuQLcTmMD0-7cXiOLGnpLBdlBoRjdtO-ijBTWkzsw.XnAaAshMcRIM-vPfBYwNK2b74Zcfaay9o8CJi9ct0gg&dib_tag=se&keywords=water+bottle&qid=1787916109&sr=8-16
2026-08-28 17:26:08 | INFO | amazon_scrapper | [21:16] Saved D:\Amazon Scrapper\AmazonScrapper\data\products\keyword_21_product_016.html
2026-08-28 17:26:08 | INFO | amazon_scrapper | [21:17] HTTP 200 https://www.amazon.com/WATERSY-Insulated-Bottle-Stainless-Camping/dp/B0F2FJRPN5/ref=sr_1_17?dib=eyJ2IjoiMSJ9.Ey2T8XrpZ1aUGOYU1C-L8E1U1yzzF7ZPsDboYdF68UL8Fhn9ZPrBAWeJz9HmtPokQABibugBR_HvDSYfPKQ4Ish4Msrb949a8tnyiVz-pBCOwBmQMFsLd8MhSC4KBjHhY9oeDHoug5pH6skvOdmDG0G26zDxoQ5xhL-UTIzWCbWzy_UduxhmGlBbwA6SlJzI-1DudKfWntA55iEG0vc08ZXceK7j9paSpHNoDlY94Z6-iZqRA7zqbdF93pB7pVlXRwtuQLcTmMD0-7cXiOLGnpLBdlBoRjdtO-ijBTWkzsw.XnAaAshMcRIM-vPfBYwNK2b74Zcfaay9o8CJi9ct0gg&dib_tag=se&keywords=water+bottle&qid=1787916109&sr=8-17
2026-08-28 17:26:08 | INFO | amazon_scrapper | [21:17] Saved D:\Amazon Scrapper\AmazonScrapper\data\products\keyword_21_product_017.html
2026-08-28 17:26:09 | INFO | amazon_scrapper | [21:18] HTTP 200 https://www.amazon.com/CIVAGO-Insulated-Stainless-Detachable-Dishwasher/dp/B0GH7M2MPW/ref=sr_1_18?dib=eyJ2IjoiMSJ9.Ey2T8XrpZ1aUGOYU1C-L8E1U1yzzF7ZPsDboYdF68UL8Fhn9ZPrBAWeJz9HmtPokQABibugBR_HvDSYfPKQ4Ish4Msrb949a8tnyiVz-pBCOwBmQMFsLd8MhSC4KBjHhY9oeDHoug5pH6skvOdmDG0G26zDxoQ5xhL-UTIzWCbWzy_UduxhmGlBbwA6SlJzI-1DudKfWntA55iEG0vc08ZXceK7j9paSpHNoDlY94Z6-iZqRA7zqbdF93pB7pVlXRwtuQLcTmMD0-7cXiOLGnpLBdlBoRjdtO-ijBTWkzsw.XnAaAshMcRIM-vPfBYwNK2b74Zcfaay9o8CJi9ct0gg&dib_tag=se&keywords=water+bottle&qid=1787916109&sr=8-18
2026-08-28 17:26:09 | INFO | amazon_scrapper | [21:18] Saved D:\Amazon Scrapper\AmazonScrapper\data\products\keyword_21_product_018.html
2026-08-28 17:26:09 | INFO | amazon_scrapper | [21:20] HTTP 200 https://www.amazon.com/Navigate-Insulated-Bottle-Stainless-Sports/dp/B0CDL2V8KX/ref=sr_1_20?dib=eyJ2IjoiMSJ9.Ey2T8XrpZ1aUGOYU1C-L8E1U1yzzF7ZPsDboYdF68UL8Fhn9ZPrBAWeJz9HmtPokQABibugBR_HvDSYfPKQ4Ish4Msrb949a8tnyiVz-pBCOwBmQMFsLd8MhSC4KBjHhY9oeDHoug5pH6skvOdmDG0G26zDxoQ5xhL-UTIzWCbWzy_UduxhmGlBbwA6SlJzI-1DudKfWntA55iEG0vc08ZXceK7j9paSpHNoDlY94Z6-iZqRA7zqbdF93pB7pVlXRwtuQLcTmMD0-7cXiOLGnpLBdlBoRjdtO-ijBTWkzsw.XnAaAshMcRIM-vPfBYwNK2b74Zcfaay9o8CJi9ct0gg&dib_tag=se&keywords=water+bottle&qid=1787916109&sr=8-20
2026-08-28 17:26:09 | INFO | amazon_scrapper | [21:20] Saved D:\Amazon Scrapper\AmazonScrapper\data\products\keyword_21_product_020.html
2026-08-28 17:26:09 | INFO | amazon_scrapper | [21:19] HTTP 200 https://www.amazon.com/OLDLEY-Bottles-Motivational-Sports-Bottle/dp/B0CJFRCT2L/ref=sr_1_19?dib=eyJ2IjoiMSJ9.Ey2T8XrpZ1aUGOYU1C-L8E1U1yzzF7ZPsDboYdF68UL8Fhn9ZPrBAWeJz9HmtPokQABibugBR_HvDSYfPKQ4Ish4Msrb949a8tnyiVz-pBCOwBmQMFsLd8MhSC4KBjHhY9oeDHoug5pH6skvOdmDG0G26zDxoQ5xhL-UTIzWCbWzy_UduxhmGlBbwA6SlJzI-1DudKfWntA55iEG0vc08ZXceK7j9paSpHNoDlY94Z6-iZqRA7zqbdF93pB7pVlXRwtuQLcTmMD0-7cXiOLGnpLBdlBoRjdtO-ijBTWkzsw.XnAaAshMcRIM-vPfBYwNK2b74Zcfaay9o8CJi9ct0gg&dib_tag=se&keywords=water+bottle&qid=1787916109&sr=8-19
2026-08-28 17:26:09 | INFO | amazon_scrapper | [21:19] Saved D:\Amazon Scrapper\AmazonScrapper\data\products\keyword_21_product_019.html
2026-08-28 17:26:10 | INFO | amazon_scrapper | [21:21] HTTP 200 https://www.amazon.com/Insulated-Water-Bottle-Straw-Leak-Proof/dp/B0F5S3SQJK/ref=sr_1_21?dib=eyJ2IjoiMSJ9.Ey2T8XrpZ1aUGOYU1C-L8E1U1yzzF7ZPsDboYdF68UL8Fhn9ZPrBAWeJz9HmtPokQABibugBR_HvDSYfPKQ4Ish4Msrb949a8tnyiVz-pBCOwBmQMFsLd8MhSC4KBjHhY9oeDHoug5pH6skvOdmDG0G26zDxoQ5xhL-UTIzWCbWzy_UduxhmGlBbwA6SlJzI-1DudKfWntA55iEG0vc08ZXceK7j9paSpHNoDlY94Z6-iZqRA7zqbdF93pB7pVlXRwtuQLcTmMD0-7cXiOLGnpLBdlBoRjdtO-ijBTWkzsw.XnAaAshMcRIM-vPfBYwNK2b74Zcfaay9o8CJi9ct0gg&dib_tag=se&keywords=water+bottle&qid=1787916109&sr=8-21
2026-08-28 17:26:10 | INFO | amazon_scrapper | [21:21] Saved D:\Amazon Scrapper\AmazonScrapper\data\products\keyword_21_product_021.html
2026-08-28 17:26:10 | INFO | amazon_scrapper | [21:22] HTTP 200 https://www.amazon.com/HydroJug-Sport-Stainless-Insulated-Dishwasher/dp/B0DGHQWVDQ/ref=sr_1_22?dib=eyJ2IjoiMSJ9.Ey2T8XrpZ1aUGOYU1C-L8E1U1yzzF7ZPsDboYdF68UL8Fhn9ZPrBAWeJz9HmtPokQABibugBR_HvDSYfPKQ4Ish4Msrb949a8tnyiVz-pBCOwBmQMFsLd8MhSC4KBjHhY9oeDHoug5pH6skvOdmDG0G26zDxoQ5xhL-UTIzWCbWzy_UduxhmGlBbwA6SlJzI-1DudKfWntA55iEG0vc08ZXceK7j9paSpHNoDlY94Z6-iZqRA7zqbdF93pB7pVlXRwtuQLcTmMD0-7cXiOLGnpLBdlBoRjdtO-ijBTWkzsw.XnAaAshMcRIM-vPfBYwNK2b74Zcfaay9o8CJi9ct0gg&dib_tag=se&keywords=water+bottle&qid=1787916109&sr=8-22
2026-08-28 17:26:10 | INFO | amazon_scrapper | [21:22] Saved D:\Amazon Scrapper\AmazonScrapper\data\products\keyword_21_product_022.html
2026-08-28 17:26:11 | INFO | amazon_scrapper | [21:23] HTTP 200 https://www.amazon.com/AQUAFIT-BPA-Free-Water-Bottle-Straw/dp/B08FXD5SNC/ref=sr_1_23?dib=eyJ2IjoiMSJ9.Ey2T8XrpZ1aUGOYU1C-L8E1U1yzzF7ZPsDboYdF68UL8Fhn9ZPrBAWeJz9HmtPokQABibugBR_HvDSYfPKQ4Ish4Msrb949a8tnyiVz-pBCOwBmQMFsLd8MhSC4KBjHhY9oeDHoug5pH6skvOdmDG0G26zDxoQ5xhL-UTIzWCbWzy_UduxhmGlBbwA6SlJzI-1DudKfWntA55iEG0vc08ZXceK7j9paSpHNoDlY94Z6-iZqRA7zqbdF93pB7pVlXRwtuQLcTmMD0-7cXiOLGnpLBdlBoRjdtO-ijBTWkzsw.XnAaAshMcRIM-vPfBYwNK2b74Zcfaay9o8CJi9ct0gg&dib_tag=se&keywords=water+bottle&qid=1787916109&sr=8-23
2026-08-28 17:26:11 | INFO | amazon_scrapper | [21:23] Saved D:\Amazon Scrapper\AmazonScrapper\data\products\keyword_21_product_023.html
2026-08-28 17:26:11 | INFO | amazon_scrapper | [21:24] HTTP 200 https://www.amazon.com/Under-Armour-Insulated-Resistant-Baseball/dp/B0BT8K88SR/ref=sr_1_24?dib=eyJ2IjoiMSJ9.Ey2T8XrpZ1aUGOYU1C-L8E1U1yzzF7ZPsDboYdF68UL8Fhn9ZPrBAWeJz9HmtPokQABibugBR_HvDSYfPKQ4Ish4Msrb949a8tnyiVz-pBCOwBmQMFsLd8MhSC4KBjHhY9oeDHoug5pH6skvOdmDG0G26zDxoQ5xhL-UTIzWCbWzy_UduxhmGlBbwA6SlJzI-1DudKfWntA55iEG0vc08ZXceK7j9paSpHNoDlY94Z6-iZqRA7zqbdF93pB7pVlXRwtuQLcTmMD0-7cXiOLGnpLBdlBoRjdtO-ijBTWkzsw.XnAaAshMcRIM-vPfBYwNK2b74Zcfaay9o8CJi9ct0gg&dib_tag=se&keywords=water+bottle&qid=1787916109&sr=8-24
2026-08-28 17:26:11 | INFO | amazon_scrapper | [21:24] Saved D:\Amazon Scrapper\AmazonScrapper\data\products\keyword_21_product_024.html
2026-08-28 17:26:11 | INFO | amazon_scrapper | [21:25] HTTP 200 https://www.amazon.com/STANLEY-Flowstate-3-Position-Compatible-Insulated/dp/B0CP9YB3Q4/ref=sr_1_25?dib=eyJ2IjoiMSJ9.Ey2T8XrpZ1aUGOYU1C-L8E1U1yzzF7ZPsDboYdF68UL8Fhn9ZPrBAWeJz9HmtPokQABibugBR_HvDSYfPKQ4Ish4Msrb949a8tnyiVz-pBCOwBmQMFsLd8MhSC4KBjHhY9oeDHoug5pH6skvOdmDG0G26zDxoQ5xhL-UTIzWCbWzy_UduxhmGlBbwA6SlJzI-1DudKfWntA55iEG0vc08ZXceK7j9paSpHNoDlY94Z6-iZqRA7zqbdF93pB7pVlXRwtuQLcTmMD0-7cXiOLGnpLBdlBoRjdtO-ijBTWkzsw.XnAaAshMcRIM-vPfBYwNK2b74Zcfaay9o8CJi9ct0gg&dib_tag=se&keywords=water+bottle&qid=1787916109&sr=8-25
2026-08-28 17:26:11 | INFO | amazon_scrapper | [21:25] Saved D:\Amazon Scrapper\AmazonScrapper\data\products\keyword_21_product_025.html
2026-08-28 17:26:12 | INFO | amazon_scrapper | [21:26] HTTP 200 https://www.amazon.com/Amazon-Brand-Purified-Plastic-Bottles/dp/B07V8LP11V/ref=sr_1_26?dib=eyJ2IjoiMSJ9.Ey2T8XrpZ1aUGOYU1C-L8E1U1yzzF7ZPsDboYdF68UL8Fhn9ZPrBAWeJz9HmtPokQABibugBR_HvDSYfPKQ4Ish4Msrb949a8tnyiVz-pBCOwBmQMFsLd8MhSC4KBjHhY9oeDHoug5pH6skvOdmDG0G26zDxoQ5xhL-UTIzWCbWzy_UduxhmGlBbwA6SlJzI-1DudKfWntA55iEG0vc08ZXceK7j9paSpHNoDlY94Z6-iZqRA7zqbdF93pB7pVlXRwtuQLcTmMD0-7cXiOLGnpLBdlBoRjdtO-ijBTWkzsw.XnAaAshMcRIM-vPfBYwNK2b74Zcfaay9o8CJi9ct0gg&dib_tag=se&keywords=water+bottle&qid=1787916109&sr=8-26
2026-08-28 17:26:12 | INFO | amazon_scrapper | [21:26] Saved D:\Amazon Scrapper\AmazonScrapper\data\products\keyword_21_product_026.html
2026-08-28 17:26:13 | INFO | amazon_scrapper | [21:27] HTTP 200 https://www.amazon.com/Insulated-Water-Bottle-Sports-Stainless/dp/B0DTP745KH/ref=sr_1_27?dib=eyJ2IjoiMSJ9.Ey2T8XrpZ1aUGOYU1C-L8E1U1yzzF7ZPsDboYdF68UL8Fhn9ZPrBAWeJz9HmtPokQABibugBR_HvDSYfPKQ4Ish4Msrb949a8tnyiVz-pBCOwBmQMFsLd8MhSC4KBjHhY9oeDHoug5pH6skvOdmDG0G26zDxoQ5xhL-UTIzWCbWzy_UduxhmGlBbwA6SlJzI-1DudKfWntA55iEG0vc08ZXceK7j9paSpHNoDlY94Z6-iZqRA7zqbdF93pB7pVlXRwtuQLcTmMD0-7cXiOLGnpLBdlBoRjdtO-ijBTWkzsw.XnAaAshMcRIM-vPfBYwNK2b74Zcfaay9o8CJi9ct0gg&dib_tag=se&keywords=water+bottle&qid=1787916109&sr=8-27
2026-08-28 17:26:13 | INFO | amazon_scrapper | [21:27] Saved D:\Amazon Scrapper\AmazonScrapper\data\products\keyword_21_product_027.html
2026-08-28 17:26:13 | INFO | amazon_scrapper | [21:28] HTTP 200 https://www.amazon.com/STANLEY-IceFlow-Bottle-Sorbet-Garden/dp/B0H1YP71W7/ref=sr_1_28?dib=eyJ2IjoiMSJ9.Ey2T8XrpZ1aUGOYU1C-L8E1U1yzzF7ZPsDboYdF68UL8Fhn9ZPrBAWeJz9HmtPokQABibugBR_HvDSYfPKQ4Ish4Msrb949a8tnyiVz-pBCOwBmQMFsLd8MhSC4KBjHhY9oeDHoug5pH6skvOdmDG0G26zDxoQ5xhL-UTIzWCbWzy_UduxhmGlBbwA6SlJzI-1DudKfWntA55iEG0vc08ZXceK7j9paSpHNoDlY94Z6-iZqRA7zqbdF93pB7pVlXRwtuQLcTmMD0-7cXiOLGnpLBdlBoRjdtO-ijBTWkzsw.XnAaAshMcRIM-vPfBYwNK2b74Zcfaay9o8CJi9ct0gg&dib_tag=se&keywords=water+bottle&qid=1787916109&sr=8-28
2026-08-28 17:26:13 | INFO | amazon_scrapper | [21:28] Saved D:\Amazon Scrapper\AmazonScrapper\data\products\keyword_21_product_028.html
2026-08-28 17:26:13 | INFO | amazon_scrapper | [21:29] HTTP 200 https://www.amazon.com/Hydro-Flask-Water-Bottle-Stainless/dp/B07YXM6XTF/ref=sr_1_29?dib=eyJ2IjoiMSJ9.Ey2T8XrpZ1aUGOYU1C-L8E1U1yzzF7ZPsDboYdF68UL8Fhn9ZPrBAWeJz9HmtPokQABibugBR_HvDSYfPKQ4Ish4Msrb949a8tnyiVz-pBCOwBmQMFsLd8MhSC4KBjHhY9oeDHoug5pH6skvOdmDG0G26zDxoQ5xhL-UTIzWCbWzy_UduxhmGlBbwA6SlJzI-1DudKfWntA55iEG0vc08ZXceK7j9paSpHNoDlY94Z6-iZqRA7zqbdF93pB7pVlXRwtuQLcTmMD0-7cXiOLGnpLBdlBoRjdtO-ijBTWkzsw.XnAaAshMcRIM-vPfBYwNK2b74Zcfaay9o8CJi9ct0gg&dib_tag=se&keywords=water+bottle&qid=1787916109&sr=8-29
2026-08-28 17:26:13 | INFO | amazon_scrapper | [21:29] Saved D:\Amazon Scrapper\AmazonScrapper\data\products\keyword_21_product_029.html
2026-08-28 17:26:13 | INFO | amazon_scrapper | [21:30] HTTP 200 https://www.amazon.com/Owala-Insulated-Stainless-BPA-Free-Daybreak/dp/B0FFTMLYT1/ref=sr_1_30?dib=eyJ2IjoiMSJ9.Ey2T8XrpZ1aUGOYU1C-L8E1U1yzzF7ZPsDboYdF68UL8Fhn9ZPrBAWeJz9HmtPokQABibugBR_HvDSYfPKQ4Ish4Msrb949a8tnyiVz-pBCOwBmQMFsLd8MhSC4KBjHhY9oeDHoug5pH6skvOdmDG0G26zDxoQ5xhL-UTIzWCbWzy_UduxhmGlBbwA6SlJzI-1DudKfWntA55iEG0vc08ZXceK7j9paSpHNoDlY94Z6-iZqRA7zqbdF93pB7pVlXRwtuQLcTmMD0-7cXiOLGnpLBdlBoRjdtO-ijBTWkzsw.XnAaAshMcRIM-vPfBYwNK2b74Zcfaay9o8CJi9ct0gg&dib_tag=se&keywords=water+bottle&qid=1787916109&sr=8-30
2026-08-28 17:26:13 | INFO | amazon_scrapper | [21:30] Saved D:\Amazon Scrapper\AmazonScrapper\data\products\keyword_21_product_030.html
2026-08-28 17:26:14 | INFO | amazon_scrapper | [21:31] HTTP 200 https://www.amazon.com/RAYMYLO-Insulated-Stainless-BPA-Free-Paracord/dp/B0CBLW56D1/ref=sr_1_31?dib=eyJ2IjoiMSJ9.Ey2T8XrpZ1aUGOYU1C-L8E1U1yzzF7ZPsDboYdF68UL8Fhn9ZPrBAWeJz9HmtPokQABibugBR_HvDSYfPKQ4Ish4Msrb949a8tnyiVz-pBCOwBmQMFsLd8MhSC4KBjHhY9oeDHoug5pH6skvOdmDG0G26zDxoQ5xhL-UTIzWCbWzy_UduxhmGlBbwA6SlJzI-1DudKfWntA55iEG0vc08ZXceK7j9paSpHNoDlY94Z6-iZqRA7zqbdF93pB7pVlXRwtuQLcTmMD0-7cXiOLGnpLBdlBoRjdtO-ijBTWkzsw.XnAaAshMcRIM-vPfBYwNK2b74Zcfaay9o8CJi9ct0gg&dib_tag=se&keywords=water+bottle&qid=1787916109&sr=8-31
2026-08-28 17:26:14 | INFO | amazon_scrapper | [21:31] Saved D:\Amazon Scrapper\AmazonScrapper\data\products\keyword_21_product_031.html
2026-08-28 17:26:15 | INFO | amazon_scrapper | [21:34] HTTP 200 https://www.amazon.com/Takeya-Actives-Insulated-Stainless-Midnight/dp/B071K1DMPX/ref=sr_1_34?dib=eyJ2IjoiMSJ9.Ey2T8XrpZ1aUGOYU1C-L8E1U1yzzF7ZPsDboYdF68UL8Fhn9ZPrBAWeJz9HmtPokQABibugBR_HvDSYfPKQ4Ish4Msrb949a8tnyiVz-pBCOwBmQMFsLd8MhSC4KBjHhY9oeDHoug5pH6skvOdmDG0G26zDxoQ5xhL-UTIzWCbWzy_UduxhmGlBbwA6SlJzI-1DudKfWntA55iEG0vc08ZXceK7j9paSpHNoDlY94Z6-iZqRA7zqbdF93pB7pVlXRwtuQLcTmMD0-7cXiOLGnpLBdlBoRjdtO-ijBTWkzsw.XnAaAshMcRIM-vPfBYwNK2b74Zcfaay9o8CJi9ct0gg&dib_tag=se&keywords=water+bottle&qid=1787916109&sr=8-34
2026-08-28 17:26:15 | INFO | amazon_scrapper | [21:34] Saved D:\Amazon Scrapper\AmazonScrapper\data\products\keyword_21_product_034.html
2026-08-28 17:26:15 | INFO | amazon_scrapper | [21:32] HTTP 200 https://www.amazon.com/Takeya-Actives-Insulated-Bottle-Midnight/dp/B082TGNDJR/ref=sr_1_32?dib=eyJ2IjoiMSJ9.Ey2T8XrpZ1aUGOYU1C-L8E1U1yzzF7ZPsDboYdF68UL8Fhn9ZPrBAWeJz9HmtPokQABibugBR_HvDSYfPKQ4Ish4Msrb949a8tnyiVz-pBCOwBmQMFsLd8MhSC4KBjHhY9oeDHoug5pH6skvOdmDG0G26zDxoQ5xhL-UTIzWCbWzy_UduxhmGlBbwA6SlJzI-1DudKfWntA55iEG0vc08ZXceK7j9paSpHNoDlY94Z6-iZqRA7zqbdF93pB7pVlXRwtuQLcTmMD0-7cXiOLGnpLBdlBoRjdtO-ijBTWkzsw.XnAaAshMcRIM-vPfBYwNK2b74Zcfaay9o8CJi9ct0gg&dib_tag=se&keywords=water+bottle&qid=1787916109&sr=8-32
2026-08-28 17:26:15 | INFO | amazon_scrapper | [21:32] Saved D:\Amazon Scrapper\AmazonScrapper\data\products\keyword_21_product_032.html
2026-08-28 17:26:15 | INFO | amazon_scrapper | [21:35] HTTP 200 https://www.amazon.com/Simple-Modern-Tumbler-Handle-Insulated/dp/B0BHBP1X1B/ref=sr_1_35?dib=eyJ2IjoiMSJ9.Ey2T8XrpZ1aUGOYU1C-L8E1U1yzzF7ZPsDboYdF68UL8Fhn9ZPrBAWeJz9HmtPokQABibugBR_HvDSYfPKQ4Ish4Msrb949a8tnyiVz-pBCOwBmQMFsLd8MhSC4KBjHhY9oeDHoug5pH6skvOdmDG0G26zDxoQ5xhL-UTIzWCbWzy_UduxhmGlBbwA6SlJzI-1DudKfWntA55iEG0vc08ZXceK7j9paSpHNoDlY94Z6-iZqRA7zqbdF93pB7pVlXRwtuQLcTmMD0-7cXiOLGnpLBdlBoRjdtO-ijBTWkzsw.XnAaAshMcRIM-vPfBYwNK2b74Zcfaay9o8CJi9ct0gg&dib_tag=se&keywords=water+bottle&qid=1787916109&sr=8-35
2026-08-28 17:26:15 | INFO | amazon_scrapper | [21:35] Saved D:\Amazon Scrapper\AmazonScrapper\data\products\keyword_21_product_035.html
2026-08-28 17:26:16 | INFO | amazon_scrapper | [21:33] HTTP 200 https://www.amazon.com/Nalgene-Water-Bottle-Lightweight-Shatterproof/dp/B0CVNCHMFM/ref=sr_1_33?dib=eyJ2IjoiMSJ9.Ey2T8XrpZ1aUGOYU1C-L8E1U1yzzF7ZPsDboYdF68UL8Fhn9ZPrBAWeJz9HmtPokQABibugBR_HvDSYfPKQ4Ish4Msrb949a8tnyiVz-pBCOwBmQMFsLd8MhSC4KBjHhY9oeDHoug5pH6skvOdmDG0G26zDxoQ5xhL-UTIzWCbWzy_UduxhmGlBbwA6SlJzI-1DudKfWntA55iEG0vc08ZXceK7j9paSpHNoDlY94Z6-iZqRA7zqbdF93pB7pVlXRwtuQLcTmMD0-7cXiOLGnpLBdlBoRjdtO-ijBTWkzsw.XnAaAshMcRIM-vPfBYwNK2b74Zcfaay9o8CJi9ct0gg&dib_tag=se&keywords=water+bottle&qid=1787916109&sr=8-33
2026-08-28 17:26:16 | INFO | amazon_scrapper | [21:33] Saved D:\Amazon Scrapper\AmazonScrapper\data\products\keyword_21_product_033.html
2026-08-28 17:26:16 | INFO | amazon_scrapper | [21:36] HTTP 200 https://www.amazon.com/Nalgene-Water-Bottle-Monochrome-Collection/dp/B0BMRZJRX6/ref=sr_1_36?dib=eyJ2IjoiMSJ9.Ey2T8XrpZ1aUGOYU1C-L8E1U1yzzF7ZPsDboYdF68UL8Fhn9ZPrBAWeJz9HmtPokQABibugBR_HvDSYfPKQ4Ish4Msrb949a8tnyiVz-pBCOwBmQMFsLd8MhSC4KBjHhY9oeDHoug5pH6skvOdmDG0G26zDxoQ5xhL-UTIzWCbWzy_UduxhmGlBbwA6SlJzI-1DudKfWntA55iEG0vc08ZXceK7j9paSpHNoDlY94Z6-iZqRA7zqbdF93pB7pVlXRwtuQLcTmMD0-7cXiOLGnpLBdlBoRjdtO-ijBTWkzsw.XnAaAshMcRIM-vPfBYwNK2b74Zcfaay9o8CJi9ct0gg&dib_tag=se&keywords=water+bottle&qid=1787916109&sr=8-36
2026-08-28 17:26:16 | INFO | amazon_scrapper | [21:36] Saved D:\Amazon Scrapper\AmazonScrapper\data\products\keyword_21_product_036.html
2026-08-28 17:26:17 | INFO | amazon_scrapper | [21:38] HTTP 200 https://www.amazon.com/Pogo-BPA-Free-Plastic-Water-Bottle/dp/B072HPWW1X/ref=sr_1_38?dib=eyJ2IjoiMSJ9.Ey2T8XrpZ1aUGOYU1C-L8E1U1yzzF7ZPsDboYdF68UL8Fhn9ZPrBAWeJz9HmtPokQABibugBR_HvDSYfPKQ4Ish4Msrb949a8tnyiVz-pBCOwBmQMFsLd8MhSC4KBjHhY9oeDHoug5pH6skvOdmDG0G26zDxoQ5xhL-UTIzWCbWzy_UduxhmGlBbwA6SlJzI-1DudKfWntA55iEG0vc08ZXceK7j9paSpHNoDlY94Z6-iZqRA7zqbdF93pB7pVlXRwtuQLcTmMD0-7cXiOLGnpLBdlBoRjdtO-ijBTWkzsw.XnAaAshMcRIM-vPfBYwNK2b74Zcfaay9o8CJi9ct0gg&dib_tag=se&keywords=water+bottle&qid=1787916109&sr=8-38
2026-08-28 17:26:17 | INFO | amazon_scrapper | [21:38] Saved D:\Amazon Scrapper\AmazonScrapper\data\products\keyword_21_product_038.html
2026-08-28 17:26:17 | INFO | amazon_scrapper | [21:37] HTTP 200 https://www.amazon.com/ENCOOL-Leakproof-Insulated-Dual-Sip-Bag-Safe/dp/B0FJ2XN12K/ref=sr_1_37?dib=eyJ2IjoiMSJ9.Ey2T8XrpZ1aUGOYU1C-L8E1U1yzzF7ZPsDboYdF68UL8Fhn9ZPrBAWeJz9HmtPokQABibugBR_HvDSYfPKQ4Ish4Msrb949a8tnyiVz-pBCOwBmQMFsLd8MhSC4KBjHhY9oeDHoug5pH6skvOdmDG0G26zDxoQ5xhL-UTIzWCbWzy_UduxhmGlBbwA6SlJzI-1DudKfWntA55iEG0vc08ZXceK7j9paSpHNoDlY94Z6-iZqRA7zqbdF93pB7pVlXRwtuQLcTmMD0-7cXiOLGnpLBdlBoRjdtO-ijBTWkzsw.XnAaAshMcRIM-vPfBYwNK2b74Zcfaay9o8CJi9ct0gg&dib_tag=se&keywords=water+bottle&qid=1787916109&sr=8-37
2026-08-28 17:26:17 | INFO | amazon_scrapper | [21:37] Saved D:\Amazon Scrapper\AmazonScrapper\data\products\keyword_21_product_037.html
2026-08-28 17:26:18 | INFO | amazon_scrapper | [21:39] HTTP 200 https://www.amazon.com/CamelBak-Thrive-Insulated-Stainless-Bottle/dp/B0DRWLLLM9/ref=sr_1_39?dib=eyJ2IjoiMSJ9.Ey2T8XrpZ1aUGOYU1C-L8E1U1yzzF7ZPsDboYdF68UL8Fhn9ZPrBAWeJz9HmtPokQABibugBR_HvDSYfPKQ4Ish4Msrb949a8tnyiVz-pBCOwBmQMFsLd8MhSC4KBjHhY9oeDHoug5pH6skvOdmDG0G26zDxoQ5xhL-UTIzWCbWzy_UduxhmGlBbwA6SlJzI-1DudKfWntA55iEG0vc08ZXceK7j9paSpHNoDlY94Z6-iZqRA7zqbdF93pB7pVlXRwtuQLcTmMD0-7cXiOLGnpLBdlBoRjdtO-ijBTWkzsw.XnAaAshMcRIM-vPfBYwNK2b74Zcfaay9o8CJi9ct0gg&dib_tag=se&keywords=water+bottle&qid=1787916109&sr=8-39
2026-08-28 17:26:18 | INFO | amazon_scrapper | [21:39] Saved D:\Amazon Scrapper\AmazonScrapper\data\products\keyword_21_product_039.html
2026-08-28 17:26:18 | INFO | amazon_scrapper | [21:40] HTTP 200 https://www.amazon.com/Bambaw-Metal-Water-Bottle-Flask/dp/B0834X3YY9/ref=sr_1_40?dib=eyJ2IjoiMSJ9.Ey2T8XrpZ1aUGOYU1C-L8E1U1yzzF7ZPsDboYdF68UL8Fhn9ZPrBAWeJz9HmtPokQABibugBR_HvDSYfPKQ4Ish4Msrb949a8tnyiVz-pBCOwBmQMFsLd8MhSC4KBjHhY9oeDHoug5pH6skvOdmDG0G26zDxoQ5xhL-UTIzWCbWzy_UduxhmGlBbwA6SlJzI-1DudKfWntA55iEG0vc08ZXceK7j9paSpHNoDlY94Z6-iZqRA7zqbdF93pB7pVlXRwtuQLcTmMD0-7cXiOLGnpLBdlBoRjdtO-ijBTWkzsw.XnAaAshMcRIM-vPfBYwNK2b74Zcfaay9o8CJi9ct0gg&dib_tag=se&keywords=water+bottle&qid=1787916109&sr=8-40
2026-08-28 17:26:18 | INFO | amazon_scrapper | [21:40] Saved D:\Amazon Scrapper\AmazonScrapper\data\products\keyword_21_product_040.html
2026-08-28 17:26:19 | INFO | amazon_scrapper | [21:41] HTTP 200 https://www.amazon.com/VQRRCKI-Insulated-Stainless-Leakproof-BPA-Free/dp/B0BZRZGJDL/ref=sr_1_41?dib=eyJ2IjoiMSJ9.Ey2T8XrpZ1aUGOYU1C-L8E1U1yzzF7ZPsDboYdF68UL8Fhn9ZPrBAWeJz9HmtPokQABibugBR_HvDSYfPKQ4Ish4Msrb949a8tnyiVz-pBCOwBmQMFsLd8MhSC4KBjHhY9oeDHoug5pH6skvOdmDG0G26zDxoQ5xhL-UTIzWCbWzy_UduxhmGlBbwA6SlJzI-1DudKfWntA55iEG0vc08ZXceK7j9paSpHNoDlY94Z6-iZqRA7zqbdF93pB7pVlXRwtuQLcTmMD0-7cXiOLGnpLBdlBoRjdtO-ijBTWkzsw.XnAaAshMcRIM-vPfBYwNK2b74Zcfaay9o8CJi9ct0gg&dib_tag=se&keywords=water+bottle&qid=1787916109&sr=8-41
2026-08-28 17:26:19 | INFO | amazon_scrapper | [21:41] Saved D:\Amazon Scrapper\AmazonScrapper\data\products\keyword_21_product_041.html
2026-08-28 17:26:19 | INFO | amazon_scrapper | [21:44] HTTP 200 https://www.amazon.com/Owala-Insulated-Stainless-BPA-Free-Gryffindor/dp/B099SH25ZM/ref=sr_1_44?dib=eyJ2IjoiMSJ9.Ey2T8XrpZ1aUGOYU1C-L8E1U1yzzF7ZPsDboYdF68UL8Fhn9ZPrBAWeJz9HmtPokQABibugBR_HvDSYfPKQ4Ish4Msrb949a8tnyiVz-pBCOwBmQMFsLd8MhSC4KBjHhY9oeDHoug5pH6skvOdmDG0G26zDxoQ5xhL-UTIzWCbWzy_UduxhmGlBbwA6SlJzI-1DudKfWntA55iEG0vc08ZXceK7j9paSpHNoDlY94Z6-iZqRA7zqbdF93pB7pVlXRwtuQLcTmMD0-7cXiOLGnpLBdlBoRjdtO-ijBTWkzsw.XnAaAshMcRIM-vPfBYwNK2b74Zcfaay9o8CJi9ct0gg&dib_tag=se&keywords=water+bottle&qid=1787916109&sr=8-44
2026-08-28 17:26:19 | INFO | amazon_scrapper | [21:44] Saved D:\Amazon Scrapper\AmazonScrapper\data\products\keyword_21_product_044.html
2026-08-28 17:26:19 | INFO | amazon_scrapper | [21:42] HTTP 200 https://www.amazon.com/Gatorade-Squeeze-Sports-Bottle-Design/dp/B00LZSJ642/ref=sr_1_42?dib=eyJ2IjoiMSJ9.Ey2T8XrpZ1aUGOYU1C-L8E1U1yzzF7ZPsDboYdF68UL8Fhn9ZPrBAWeJz9HmtPokQABibugBR_HvDSYfPKQ4Ish4Msrb949a8tnyiVz-pBCOwBmQMFsLd8MhSC4KBjHhY9oeDHoug5pH6skvOdmDG0G26zDxoQ5xhL-UTIzWCbWzy_UduxhmGlBbwA6SlJzI-1DudKfWntA55iEG0vc08ZXceK7j9paSpHNoDlY94Z6-iZqRA7zqbdF93pB7pVlXRwtuQLcTmMD0-7cXiOLGnpLBdlBoRjdtO-ijBTWkzsw.XnAaAshMcRIM-vPfBYwNK2b74Zcfaay9o8CJi9ct0gg&dib_tag=se&keywords=water+bottle&qid=1787916109&sr=8-42
2026-08-28 17:26:19 | INFO | amazon_scrapper | [21:42] Saved D:\Amazon Scrapper\AmazonScrapper\data\products\keyword_21_product_042.html
2026-08-28 17:26:20 | INFO | amazon_scrapper | [21:43] HTTP 200 https://www.amazon.com/IRON-%C2%B0FLASK-Hydration-Stainless-Insulated/dp/B07N1XLFXV/ref=sr_1_43?dib=eyJ2IjoiMSJ9.Ey2T8XrpZ1aUGOYU1C-L8E1U1yzzF7ZPsDboYdF68UL8Fhn9ZPrBAWeJz9HmtPokQABibugBR_HvDSYfPKQ4Ish4Msrb949a8tnyiVz-pBCOwBmQMFsLd8MhSC4KBjHhY9oeDHoug5pH6skvOdmDG0G26zDxoQ5xhL-UTIzWCbWzy_UduxhmGlBbwA6SlJzI-1DudKfWntA55iEG0vc08ZXceK7j9paSpHNoDlY94Z6-iZqRA7zqbdF93pB7pVlXRwtuQLcTmMD0-7cXiOLGnpLBdlBoRjdtO-ijBTWkzsw.XnAaAshMcRIM-vPfBYwNK2b74Zcfaay9o8CJi9ct0gg&dib_tag=se&keywords=water+bottle&qid=1787916109&sr=8-43
2026-08-28 17:26:20 | INFO | amazon_scrapper | [21:43] Saved D:\Amazon Scrapper\AmazonScrapper\data\products\keyword_21_product_043.html
2026-08-28 17:26:20 | INFO | amazon_scrapper | [21:45] HTTP 200 https://www.amazon.com/Simple-Modern-Insulated-Stainless-Collection/dp/B0DSGGRQG3/ref=sr_1_45?dib=eyJ2IjoiMSJ9.Ey2T8XrpZ1aUGOYU1C-L8E1U1yzzF7ZPsDboYdF68UL8Fhn9ZPrBAWeJz9HmtPokQABibugBR_HvDSYfPKQ4Ish4Msrb949a8tnyiVz-pBCOwBmQMFsLd8MhSC4KBjHhY9oeDHoug5pH6skvOdmDG0G26zDxoQ5xhL-UTIzWCbWzy_UduxhmGlBbwA6SlJzI-1DudKfWntA55iEG0vc08ZXceK7j9paSpHNoDlY94Z6-iZqRA7zqbdF93pB7pVlXRwtuQLcTmMD0-7cXiOLGnpLBdlBoRjdtO-ijBTWkzsw.XnAaAshMcRIM-vPfBYwNK2b74Zcfaay9o8CJi9ct0gg&dib_tag=se&keywords=water+bottle&qid=1787916109&sr=8-45
2026-08-28 17:26:20 | INFO | amazon_scrapper | [21:45] Saved D:\Amazon Scrapper\AmazonScrapper\data\products\keyword_21_product_045.html
2026-08-28 17:26:21 | INFO | amazon_scrapper | [21:46] HTTP 200 https://www.amazon.com/CIVAGO-Motivational-Leakproof-Canteen-Silicone/dp/B0CG1F1QV4/ref=sr_1_46?dib=eyJ2IjoiMSJ9.Ey2T8XrpZ1aUGOYU1C-L8E1U1yzzF7ZPsDboYdF68UL8Fhn9ZPrBAWeJz9HmtPokQABibugBR_HvDSYfPKQ4Ish4Msrb949a8tnyiVz-pBCOwBmQMFsLd8MhSC4KBjHhY9oeDHoug5pH6skvOdmDG0G26zDxoQ5xhL-UTIzWCbWzy_UduxhmGlBbwA6SlJzI-1DudKfWntA55iEG0vc08ZXceK7j9paSpHNoDlY94Z6-iZqRA7zqbdF93pB7pVlXRwtuQLcTmMD0-7cXiOLGnpLBdlBoRjdtO-ijBTWkzsw.XnAaAshMcRIM-vPfBYwNK2b74Zcfaay9o8CJi9ct0gg&dib_tag=se&keywords=water+bottle&qid=1787916109&sr=8-46
2026-08-28 17:26:21 | INFO | amazon_scrapper | [21:46] Saved D:\Amazon Scrapper\AmazonScrapper\data\products\keyword_21_product_046.html
2026-08-28 17:26:21 | INFO | amazon_scrapper | [21:48] HTTP 200 https://www.amazon.com/Takeya-Actives-Insulated-Stainless-Midnight/dp/B072MTP9YT/ref=sr_1_48?dib=eyJ2IjoiMSJ9.Ey2T8XrpZ1aUGOYU1C-L8E1U1yzzF7ZPsDboYdF68UL8Fhn9ZPrBAWeJz9HmtPokQABibugBR_HvDSYfPKQ4Ish4Msrb949a8tnyiVz-pBCOwBmQMFsLd8MhSC4KBjHhY9oeDHoug5pH6skvOdmDG0G26zDxoQ5xhL-UTIzWCbWzy_UduxhmGlBbwA6SlJzI-1DudKfWntA55iEG0vc08ZXceK7j9paSpHNoDlY94Z6-iZqRA7zqbdF93pB7pVlXRwtuQLcTmMD0-7cXiOLGnpLBdlBoRjdtO-ijBTWkzsw.XnAaAshMcRIM-vPfBYwNK2b74Zcfaay9o8CJi9ct0gg&dib_tag=se&keywords=water+bottle&qid=1787916109&sr=8-48
2026-08-28 17:26:21 | INFO | amazon_scrapper | [21:48] Saved D:\Amazon Scrapper\AmazonScrapper\data\products\keyword_21_product_048.html
2026-08-28 17:26:22 | INFO | amazon_scrapper | [21:47] HTTP 200 https://www.amazon.com/STANLEY-Quick-Flip-Bottle-Black/dp/B0CSF3J85W/ref=sr_1_47?dib=eyJ2IjoiMSJ9.Ey2T8XrpZ1aUGOYU1C-L8E1U1yzzF7ZPsDboYdF68UL8Fhn9ZPrBAWeJz9HmtPokQABibugBR_HvDSYfPKQ4Ish4Msrb949a8tnyiVz-pBCOwBmQMFsLd8MhSC4KBjHhY9oeDHoug5pH6skvOdmDG0G26zDxoQ5xhL-UTIzWCbWzy_UduxhmGlBbwA6SlJzI-1DudKfWntA55iEG0vc08ZXceK7j9paSpHNoDlY94Z6-iZqRA7zqbdF93pB7pVlXRwtuQLcTmMD0-7cXiOLGnpLBdlBoRjdtO-ijBTWkzsw.XnAaAshMcRIM-vPfBYwNK2b74Zcfaay9o8CJi9ct0gg&dib_tag=se&keywords=water+bottle&qid=1787916109&sr=8-47
2026-08-28 17:26:22 | INFO | amazon_scrapper | [21:47] Saved D:\Amazon Scrapper\AmazonScrapper\data\products\keyword_21_product_047.html
2026-08-28 17:26:22 | INFO | amazon_scrapper | [22:2] HTTP 200 https://www.amazon.com/Hanes-Undershirt-Moisture-Wicking-Undershirts-Multi-Packs/dp/B086KY66PJ/ref=sr_1_6?dib=eyJ2IjoiMSJ9.41fDOUrTLw4zAu36TGYgcq3ShiTPUnftRTjvLv1y5uRn0fDorO3hEjkSO4Ccum_8YLLYsLXheb45sX87-E0i2gRXDXYDydMV3u4pMZKIzumAm33y6J6K5KXW5yM67MmhCT6SRbNyivmyeO8S3T_TdYamjjuWuDTVKKItoyFILZmSwNf-sdJ6np1i1K-ZLKGIkEfIv8lsf6ys4y7iGsoFWnYTz_uA8xMYNgh_FJHQDBJWe-X1tq3yu4rxsPYM6hIoJYqPHFd90MlJ6Vumadu7JIWVSBY42B2eHA4ufPmii1Q.ZD6teT7PPd_Wjzly_B0RFnf1ctbv2EjbHLJWOsn_Bqc&dib_tag=se&keywords=t-shirt&qid=1787916115&sr=8-6
2026-08-28 17:26:22 | INFO | amazon_scrapper | [22:2] Saved D:\Amazon Scrapper\AmazonScrapper\data\products\keyword_22_product_002.html
2026-08-28 17:26:22 | INFO | amazon_scrapper | [22:1] HTTP 200 https://www.amazon.com/Gildan-T-Shirt-Multipack-Charcoal-X-Large/dp/B07XLTPC5L/ref=sr_1_5?dib=eyJ2IjoiMSJ9.41fDOUrTLw4zAu36TGYgcq3ShiTPUnftRTjvLv1y5uRn0fDorO3hEjkSO4Ccum_8YLLYsLXheb45sX87-E0i2gRXDXYDydMV3u4pMZKIzumAm33y6J6K5KXW5yM67MmhCT6SRbNyivmyeO8S3T_TdYamjjuWuDTVKKItoyFILZmSwNf-sdJ6np1i1K-ZLKGIkEfIv8lsf6ys4y7iGsoFWnYTz_uA8xMYNgh_FJHQDBJWe-X1tq3yu4rxsPYM6hIoJYqPHFd90MlJ6Vumadu7JIWVSBY42B2eHA4ufPmii1Q.ZD6teT7PPd_Wjzly_B0RFnf1ctbv2EjbHLJWOsn_Bqc&dib_tag=se&keywords=t-shirt&qid=1787916115&sr=8-5
2026-08-28 17:26:22 | INFO | amazon_scrapper | [22:1] Saved D:\Amazon Scrapper\AmazonScrapper\data\products\keyword_22_product_001.html
2026-08-28 17:26:23 | INFO | amazon_scrapper | [22:3] HTTP 200 https://www.amazon.com/Gildan-Mens-T-Shirt-Assortment-Large/dp/B0787P86ZZ/ref=sr_1_7?dib=eyJ2IjoiMSJ9.41fDOUrTLw4zAu36TGYgcq3ShiTPUnftRTjvLv1y5uRn0fDorO3hEjkSO4Ccum_8YLLYsLXheb45sX87-E0i2gRXDXYDydMV3u4pMZKIzumAm33y6J6K5KXW5yM67MmhCT6SRbNyivmyeO8S3T_TdYamjjuWuDTVKKItoyFILZmSwNf-sdJ6np1i1K-ZLKGIkEfIv8lsf6ys4y7iGsoFWnYTz_uA8xMYNgh_FJHQDBJWe-X1tq3yu4rxsPYM6hIoJYqPHFd90MlJ6Vumadu7JIWVSBY42B2eHA4ufPmii1Q.ZD6teT7PPd_Wjzly_B0RFnf1ctbv2EjbHLJWOsn_Bqc&dib_tag=se&keywords=t-shirt&qid=1787916115&sr=8-7
2026-08-28 17:26:23 | INFO | amazon_scrapper | [22:3] Saved D:\Amazon Scrapper\AmazonScrapper\data\products\keyword_22_product_003.html
2026-08-28 17:26:23 | INFO | amazon_scrapper | [22:4] HTTP 200 https://www.amazon.com/Gildan-T-Shirt-Multipack-Black-Large/dp/B07JDFPQTC/ref=sr_1_8?dib=eyJ2IjoiMSJ9.41fDOUrTLw4zAu36TGYgcq3ShiTPUnftRTjvLv1y5uRn0fDorO3hEjkSO4Ccum_8YLLYsLXheb45sX87-E0i2gRXDXYDydMV3u4pMZKIzumAm33y6J6K5KXW5yM67MmhCT6SRbNyivmyeO8S3T_TdYamjjuWuDTVKKItoyFILZmSwNf-sdJ6np1i1K-ZLKGIkEfIv8lsf6ys4y7iGsoFWnYTz_uA8xMYNgh_FJHQDBJWe-X1tq3yu4rxsPYM6hIoJYqPHFd90MlJ6Vumadu7JIWVSBY42B2eHA4ufPmii1Q.ZD6teT7PPd_Wjzly_B0RFnf1ctbv2EjbHLJWOsn_Bqc&dib_tag=se&keywords=t-shirt&qid=1787916115&sr=8-8
2026-08-28 17:26:24 | INFO | amazon_scrapper | [22:4] Saved D:\Amazon Scrapper\AmazonScrapper\data\products\keyword_22_product_004.html
2026-08-28 17:26:24 | INFO | amazon_scrapper | [22:7] HTTP 200 https://www.amazon.com/Trendy-Queen-Oversized-Crewneck-DarkPink/dp/B0BPYCHYP9/ref=sr_1_15?dib=eyJ2IjoiMSJ9.41fDOUrTLw4zAu36TGYgcq3ShiTPUnftRTjvLv1y5uRn0fDorO3hEjkSO4Ccum_8YLLYsLXheb45sX87-E0i2gRXDXYDydMV3u4pMZKIzumAm33y6J6K5KXW5yM67MmhCT6SRbNyivmyeO8S3T_TdYamjjuWuDTVKKItoyFILZmSwNf-sdJ6np1i1K-ZLKGIkEfIv8lsf6ys4y7iGsoFWnYTz_uA8xMYNgh_FJHQDBJWe-X1tq3yu4rxsPYM6hIoJYqPHFd90MlJ6Vumadu7JIWVSBY42B2eHA4ufPmii1Q.ZD6teT7PPd_Wjzly_B0RFnf1ctbv2EjbHLJWOsn_Bqc&dib_tag=se&keywords=t-shirt&qid=1787916115&sr=8-15
2026-08-28 17:26:24 | INFO | amazon_scrapper | [22:7] Saved D:\Amazon Scrapper\AmazonScrapper\data\products\keyword_22_product_007.html
2026-08-28 17:26:24 | INFO | amazon_scrapper | [22:6] HTTP 200 https://www.amazon.com/Gildan-T-Shirts-Multipack-Heather-2X-Large/dp/B093121LW9/ref=sr_1_10?dib=eyJ2IjoiMSJ9.41fDOUrTLw4zAu36TGYgcq3ShiTPUnftRTjvLv1y5uRn0fDorO3hEjkSO4Ccum_8YLLYsLXheb45sX87-E0i2gRXDXYDydMV3u4pMZKIzumAm33y6J6K5KXW5yM67MmhCT6SRbNyivmyeO8S3T_TdYamjjuWuDTVKKItoyFILZmSwNf-sdJ6np1i1K-ZLKGIkEfIv8lsf6ys4y7iGsoFWnYTz_uA8xMYNgh_FJHQDBJWe-X1tq3yu4rxsPYM6hIoJYqPHFd90MlJ6Vumadu7JIWVSBY42B2eHA4ufPmii1Q.ZD6teT7PPd_Wjzly_B0RFnf1ctbv2EjbHLJWOsn_Bqc&dib_tag=se&keywords=t-shirt&qid=1787916115&sr=8-10
2026-08-28 17:26:24 | INFO | amazon_scrapper | [22:6] Saved D:\Amazon Scrapper\AmazonScrapper\data\products\keyword_22_product_006.html
2026-08-28 17:26:24 | INFO | amazon_scrapper | [22:5] HTTP 200 https://www.amazon.com/Hanes-Available-Moisture-Wicking-Undershirts-Multipack/dp/B00HVW5HP8/ref=sr_1_9?dib=eyJ2IjoiMSJ9.41fDOUrTLw4zAu36TGYgcq3ShiTPUnftRTjvLv1y5uRn0fDorO3hEjkSO4Ccum_8YLLYsLXheb45sX87-E0i2gRXDXYDydMV3u4pMZKIzumAm33y6J6K5KXW5yM67MmhCT6SRbNyivmyeO8S3T_TdYamjjuWuDTVKKItoyFILZmSwNf-sdJ6np1i1K-ZLKGIkEfIv8lsf6ys4y7iGsoFWnYTz_uA8xMYNgh_FJHQDBJWe-X1tq3yu4rxsPYM6hIoJYqPHFd90MlJ6Vumadu7JIWVSBY42B2eHA4ufPmii1Q.ZD6teT7PPd_Wjzly_B0RFnf1ctbv2EjbHLJWOsn_Bqc&dib_tag=se&keywords=t-shirt&qid=1787916115&sr=8-9
2026-08-28 17:26:24 | INFO | amazon_scrapper | [22:5] Saved D:\Amazon Scrapper\AmazonScrapper\data\products\keyword_22_product_005.html
2026-08-28 17:26:25 | INFO | amazon_scrapper | [22:8] HTTP 200 https://www.amazon.com/Gildan-Cotton-T-Shirt-2-Pack-2X-Large/dp/B07611Y7N7/ref=sr_1_16?dib=eyJ2IjoiMSJ9.41fDOUrTLw4zAu36TGYgcq3ShiTPUnftRTjvLv1y5uRn0fDorO3hEjkSO4Ccum_8YLLYsLXheb45sX87-E0i2gRXDXYDydMV3u4pMZKIzumAm33y6J6K5KXW5yM67MmhCT6SRbNyivmyeO8S3T_TdYamjjuWuDTVKKItoyFILZmSwNf-sdJ6np1i1K-ZLKGIkEfIv8lsf6ys4y7iGsoFWnYTz_uA8xMYNgh_FJHQDBJWe-X1tq3yu4rxsPYM6hIoJYqPHFd90MlJ6Vumadu7JIWVSBY42B2eHA4ufPmii1Q.ZD6teT7PPd_Wjzly_B0RFnf1ctbv2EjbHLJWOsn_Bqc&dib_tag=se&keywords=t-shirt&qid=1787916115&sr=8-16
2026-08-28 17:26:25 | INFO | amazon_scrapper | [22:8] Saved D:\Amazon Scrapper\AmazonScrapper\data\products\keyword_22_product_008.html
2026-08-28 17:26:26 | INFO | amazon_scrapper | [22:10] HTTP 200 https://www.amazon.com/Hanes-Short-Sleeve-Beefy-T-3X-Large/dp/B00JUM8WDG/ref=sr_1_18?dib=eyJ2IjoiMSJ9.41fDOUrTLw4zAu36TGYgcq3ShiTPUnftRTjvLv1y5uRn0fDorO3hEjkSO4Ccum_8YLLYsLXheb45sX87-E0i2gRXDXYDydMV3u4pMZKIzumAm33y6J6K5KXW5yM67MmhCT6SRbNyivmyeO8S3T_TdYamjjuWuDTVKKItoyFILZmSwNf-sdJ6np1i1K-ZLKGIkEfIv8lsf6ys4y7iGsoFWnYTz_uA8xMYNgh_FJHQDBJWe-X1tq3yu4rxsPYM6hIoJYqPHFd90MlJ6Vumadu7JIWVSBY42B2eHA4ufPmii1Q.ZD6teT7PPd_Wjzly_B0RFnf1ctbv2EjbHLJWOsn_Bqc&dib_tag=se&keywords=t-shirt&qid=1787916115&sr=8-18
2026-08-28 17:26:26 | INFO | amazon_scrapper | [22:10] Saved D:\Amazon Scrapper\AmazonScrapper\data\products\keyword_22_product_010.html
2026-08-28 17:26:26 | INFO | amazon_scrapper | [22:11] HTTP 200 https://www.amazon.com/Under-Armour-Sleeve-T-Shirt-Graphite/dp/B0785VXRX2/ref=sr_1_23?dib=eyJ2IjoiMSJ9.41fDOUrTLw4zAu36TGYgcq3ShiTPUnftRTjvLv1y5uRn0fDorO3hEjkSO4Ccum_8YLLYsLXheb45sX87-E0i2gRXDXYDydMV3u4pMZKIzumAm33y6J6K5KXW5yM67MmhCT6SRbNyivmyeO8S3T_TdYamjjuWuDTVKKItoyFILZmSwNf-sdJ6np1i1K-ZLKGIkEfIv8lsf6ys4y7iGsoFWnYTz_uA8xMYNgh_FJHQDBJWe-X1tq3yu4rxsPYM6hIoJYqPHFd90MlJ6Vumadu7JIWVSBY42B2eHA4ufPmii1Q.ZD6teT7PPd_Wjzly_B0RFnf1ctbv2EjbHLJWOsn_Bqc&dib_tag=se&keywords=t-shirt&qid=1787916115&sr=8-23
2026-08-28 17:26:26 | INFO | amazon_scrapper | [22:11] Saved D:\Amazon Scrapper\AmazonScrapper\data\products\keyword_22_product_011.html
2026-08-28 17:26:26 | INFO | amazon_scrapper | [22:9] HTTP 200 https://www.amazon.com/Comfort-Colors-Sleeve-1717-X-Large/dp/B07M8NXFWM/ref=sr_1_17?dib=eyJ2IjoiMSJ9.41fDOUrTLw4zAu36TGYgcq3ShiTPUnftRTjvLv1y5uRn0fDorO3hEjkSO4Ccum_8YLLYsLXheb45sX87-E0i2gRXDXYDydMV3u4pMZKIzumAm33y6J6K5KXW5yM67MmhCT6SRbNyivmyeO8S3T_TdYamjjuWuDTVKKItoyFILZmSwNf-sdJ6np1i1K-ZLKGIkEfIv8lsf6ys4y7iGsoFWnYTz_uA8xMYNgh_FJHQDBJWe-X1tq3yu4rxsPYM6hIoJYqPHFd90MlJ6Vumadu7JIWVSBY42B2eHA4ufPmii1Q.ZD6teT7PPd_Wjzly_B0RFnf1ctbv2EjbHLJWOsn_Bqc&dib_tag=se&keywords=t-shirt&qid=1787916115&sr=8-17
2026-08-28 17:26:26 | INFO | amazon_scrapper | [22:9] Saved D:\Amazon Scrapper\AmazonScrapper\data\products\keyword_22_product_009.html
2026-08-28 17:26:26 | INFO | amazon_scrapper | [22:12] HTTP 200 https://www.amazon.com/BAMBOO-COOL-Undershirts-Performance-Moisture-Wicking/dp/B0D5CH743W/ref=sr_1_24?dib=eyJ2IjoiMSJ9.41fDOUrTLw4zAu36TGYgcq3ShiTPUnftRTjvLv1y5uRn0fDorO3hEjkSO4Ccum_8YLLYsLXheb45sX87-E0i2gRXDXYDydMV3u4pMZKIzumAm33y6J6K5KXW5yM67MmhCT6SRbNyivmyeO8S3T_TdYamjjuWuDTVKKItoyFILZmSwNf-sdJ6np1i1K-ZLKGIkEfIv8lsf6ys4y7iGsoFWnYTz_uA8xMYNgh_FJHQDBJWe-X1tq3yu4rxsPYM6hIoJYqPHFd90MlJ6Vumadu7JIWVSBY42B2eHA4ufPmii1Q.ZD6teT7PPd_Wjzly_B0RFnf1ctbv2EjbHLJWOsn_Bqc&dib_tag=se&keywords=t-shirt&qid=1787916115&sr=8-24
2026-08-28 17:26:26 | INFO | amazon_scrapper | [22:12] Saved D:\Amazon Scrapper\AmazonScrapper\data\products\keyword_22_product_012.html
2026-08-28 17:26:27 | INFO | amazon_scrapper | [22:13] HTTP 200 https://www.amazon.com/Childrens-Place-T-Shirts-Multipacks-Controller/dp/B0CLFFB8MH/ref=sr_1_25?dib=eyJ2IjoiMSJ9.41fDOUrTLw4zAu36TGYgcq3ShiTPUnftRTjvLv1y5uRn0fDorO3hEjkSO4Ccum_8YLLYsLXheb45sX87-E0i2gRXDXYDydMV3u4pMZKIzumAm33y6J6K5KXW5yM67MmhCT6SRbNyivmyeO8S3T_TdYamjjuWuDTVKKItoyFILZmSwNf-sdJ6np1i1K-ZLKGIkEfIv8lsf6ys4y7iGsoFWnYTz_uA8xMYNgh_FJHQDBJWe-X1tq3yu4rxsPYM6hIoJYqPHFd90MlJ6Vumadu7JIWVSBY42B2eHA4ufPmii1Q.ZD6teT7PPd_Wjzly_B0RFnf1ctbv2EjbHLJWOsn_Bqc&dib_tag=se&keywords=t-shirt&qid=1787916115&sr=8-25
2026-08-28 17:26:27 | INFO | amazon_scrapper | [22:13] Saved D:\Amazon Scrapper\AmazonScrapper\data\products\keyword_22_product_013.html
2026-08-28 17:26:28 | INFO | amazon_scrapper | [22:14] HTTP 200 https://www.amazon.com/Gildan-T-Shirts-Multipack-Military-2X-Large/dp/B09315WT33/ref=sr_1_26?dib=eyJ2IjoiMSJ9.41fDOUrTLw4zAu36TGYgcq3ShiTPUnftRTjvLv1y5uRn0fDorO3hEjkSO4Ccum_8YLLYsLXheb45sX87-E0i2gRXDXYDydMV3u4pMZKIzumAm33y6J6K5KXW5yM67MmhCT6SRbNyivmyeO8S3T_TdYamjjuWuDTVKKItoyFILZmSwNf-sdJ6np1i1K-ZLKGIkEfIv8lsf6ys4y7iGsoFWnYTz_uA8xMYNgh_FJHQDBJWe-X1tq3yu4rxsPYM6hIoJYqPHFd90MlJ6Vumadu7JIWVSBY42B2eHA4ufPmii1Q.ZD6teT7PPd_Wjzly_B0RFnf1ctbv2EjbHLJWOsn_Bqc&dib_tag=se&keywords=t-shirt&qid=1787916115&sr=8-26
2026-08-28 17:26:28 | INFO | amazon_scrapper | [22:14] Saved D:\Amazon Scrapper\AmazonScrapper\data\products\keyword_22_product_014.html
2026-08-28 17:26:28 | INFO | amazon_scrapper | [22:15] HTTP 200 https://www.amazon.com/Gildan-Cotton-T-Shirt-2-Pack-3X-Large/dp/B075ZZF4C5/ref=sr_1_27?dib=eyJ2IjoiMSJ9.41fDOUrTLw4zAu36TGYgcq3ShiTPUnftRTjvLv1y5uRn0fDorO3hEjkSO4Ccum_8YLLYsLXheb45sX87-E0i2gRXDXYDydMV3u4pMZKIzumAm33y6J6K5KXW5yM67MmhCT6SRbNyivmyeO8S3T_TdYamjjuWuDTVKKItoyFILZmSwNf-sdJ6np1i1K-ZLKGIkEfIv8lsf6ys4y7iGsoFWnYTz_uA8xMYNgh_FJHQDBJWe-X1tq3yu4rxsPYM6hIoJYqPHFd90MlJ6Vumadu7JIWVSBY42B2eHA4ufPmii1Q.ZD6teT7PPd_Wjzly_B0RFnf1ctbv2EjbHLJWOsn_Bqc&dib_tag=se&keywords=t-shirt&qid=1787916115&sr=8-27
2026-08-28 17:26:28 | INFO | amazon_scrapper | [22:15] Saved D:\Amazon Scrapper\AmazonScrapper\data\products\keyword_22_product_015.html
2026-08-28 17:26:28 | INFO | amazon_scrapper | [22:16] HTTP 200 https://www.amazon.com/AUTOMET-Oversized-T-Shirts-Vacation-02winered/dp/B09SNTBDKQ/ref=sr_1_28?dib=eyJ2IjoiMSJ9.41fDOUrTLw4zAu36TGYgcq3ShiTPUnftRTjvLv1y5uRn0fDorO3hEjkSO4Ccum_8YLLYsLXheb45sX87-E0i2gRXDXYDydMV3u4pMZKIzumAm33y6J6K5KXW5yM67MmhCT6SRbNyivmyeO8S3T_TdYamjjuWuDTVKKItoyFILZmSwNf-sdJ6np1i1K-ZLKGIkEfIv8lsf6ys4y7iGsoFWnYTz_uA8xMYNgh_FJHQDBJWe-X1tq3yu4rxsPYM6hIoJYqPHFd90MlJ6Vumadu7JIWVSBY42B2eHA4ufPmii1Q.ZD6teT7PPd_Wjzly_B0RFnf1ctbv2EjbHLJWOsn_Bqc&dib_tag=se&keywords=t-shirt&qid=1787916115&sr=8-28
2026-08-28 17:26:28 | INFO | amazon_scrapper | [22:16] Saved D:\Amazon Scrapper\AmazonScrapper\data\products\keyword_22_product_016.html
2026-08-28 17:26:28 | INFO | amazon_scrapper | [22:17] HTTP 200 https://www.amazon.com/Fruit-Loom-Boys-White-Crews-Large/dp/B00VTVB5FS/ref=sr_1_29?dib=eyJ2IjoiMSJ9.41fDOUrTLw4zAu36TGYgcq3ShiTPUnftRTjvLv1y5uRn0fDorO3hEjkSO4Ccum_8YLLYsLXheb45sX87-E0i2gRXDXYDydMV3u4pMZKIzumAm33y6J6K5KXW5yM67MmhCT6SRbNyivmyeO8S3T_TdYamjjuWuDTVKKItoyFILZmSwNf-sdJ6np1i1K-ZLKGIkEfIv8lsf6ys4y7iGsoFWnYTz_uA8xMYNgh_FJHQDBJWe-X1tq3yu4rxsPYM6hIoJYqPHFd90MlJ6Vumadu7JIWVSBY42B2eHA4ufPmii1Q.ZD6teT7PPd_Wjzly_B0RFnf1ctbv2EjbHLJWOsn_Bqc&dib_tag=se&keywords=t-shirt&qid=1787916115&sr=8-29
2026-08-28 17:26:28 | INFO | amazon_scrapper | [22:17] Saved D:\Amazon Scrapper\AmazonScrapper\data\products\keyword_22_product_017.html
2026-08-28 17:26:29 | INFO | amazon_scrapper | [22:18] HTTP 200 https://www.amazon.com/Fruit-Loom-T-shirt-Multipack-Underwear/dp/B08F2NB5PH/ref=sr_1_30?dib=eyJ2IjoiMSJ9.41fDOUrTLw4zAu36TGYgcq3ShiTPUnftRTjvLv1y5uRn0fDorO3hEjkSO4Ccum_8YLLYsLXheb45sX87-E0i2gRXDXYDydMV3u4pMZKIzumAm33y6J6K5KXW5yM67MmhCT6SRbNyivmyeO8S3T_TdYamjjuWuDTVKKItoyFILZmSwNf-sdJ6np1i1K-ZLKGIkEfIv8lsf6ys4y7iGsoFWnYTz_uA8xMYNgh_FJHQDBJWe-X1tq3yu4rxsPYM6hIoJYqPHFd90MlJ6Vumadu7JIWVSBY42B2eHA4ufPmii1Q.ZD6teT7PPd_Wjzly_B0RFnf1ctbv2EjbHLJWOsn_Bqc&dib_tag=se&keywords=t-shirt&qid=1787916115&sr=8-30
2026-08-28 17:26:29 | INFO | amazon_scrapper | [22:18] Saved D:\Amazon Scrapper\AmazonScrapper\data\products\keyword_22_product_018.html
2026-08-28 17:26:30 | INFO | amazon_scrapper | [22:20] HTTP 200 https://www.amazon.com/Comfort-Colors-Sleeve-1717-2X-Large/dp/B07M8NXHYK/ref=sr_1_32?dib=eyJ2IjoiMSJ9.41fDOUrTLw4zAu36TGYgcq3ShiTPUnftRTjvLv1y5uRn0fDorO3hEjkSO4Ccum_8YLLYsLXheb45sX87-E0i2gRXDXYDydMV3u4pMZKIzumAm33y6J6K5KXW5yM67MmhCT6SRbNyivmyeO8S3T_TdYamjjuWuDTVKKItoyFILZmSwNf-sdJ6np1i1K-ZLKGIkEfIv8lsf6ys4y7iGsoFWnYTz_uA8xMYNgh_FJHQDBJWe-X1tq3yu4rxsPYM6hIoJYqPHFd90MlJ6Vumadu7JIWVSBY42B2eHA4ufPmii1Q.ZD6teT7PPd_Wjzly_B0RFnf1ctbv2EjbHLJWOsn_Bqc&dib_tag=se&keywords=t-shirt&qid=1787916115&sr=8-32
2026-08-28 17:26:30 | INFO | amazon_scrapper | [22:20] Saved D:\Amazon Scrapper\AmazonScrapper\data\products\keyword_22_product_020.html
2026-08-28 17:26:30 | INFO | amazon_scrapper | [22:21] HTTP 200 https://www.amazon.com/Gildan-V-Neck-T-Shirts-Multi-Medium/dp/B077ZKK9YB/ref=sr_1_33?dib=eyJ2IjoiMSJ9.41fDOUrTLw4zAu36TGYgcq3ShiTPUnftRTjvLv1y5uRn0fDorO3hEjkSO4Ccum_8YLLYsLXheb45sX87-E0i2gRXDXYDydMV3u4pMZKIzumAm33y6J6K5KXW5yM67MmhCT6SRbNyivmyeO8S3T_TdYamjjuWuDTVKKItoyFILZmSwNf-sdJ6np1i1K-ZLKGIkEfIv8lsf6ys4y7iGsoFWnYTz_uA8xMYNgh_FJHQDBJWe-X1tq3yu4rxsPYM6hIoJYqPHFd90MlJ6Vumadu7JIWVSBY42B2eHA4ufPmii1Q.ZD6teT7PPd_Wjzly_B0RFnf1ctbv2EjbHLJWOsn_Bqc&dib_tag=se&keywords=t-shirt&qid=1787916115&sr=8-33
2026-08-28 17:26:30 | INFO | amazon_scrapper | [22:21] Saved D:\Amazon Scrapper\AmazonScrapper\data\products\keyword_22_product_021.html
2026-08-28 17:26:30 | INFO | amazon_scrapper | [22:19] HTTP 200 https://www.amazon.com/Pro-Club-Heavyweight-T-Shirt-X-Large/dp/B0734GHM4C/ref=sr_1_31?dib=eyJ2IjoiMSJ9.41fDOUrTLw4zAu36TGYgcq3ShiTPUnftRTjvLv1y5uRn0fDorO3hEjkSO4Ccum_8YLLYsLXheb45sX87-E0i2gRXDXYDydMV3u4pMZKIzumAm33y6J6K5KXW5yM67MmhCT6SRbNyivmyeO8S3T_TdYamjjuWuDTVKKItoyFILZmSwNf-sdJ6np1i1K-ZLKGIkEfIv8lsf6ys4y7iGsoFWnYTz_uA8xMYNgh_FJHQDBJWe-X1tq3yu4rxsPYM6hIoJYqPHFd90MlJ6Vumadu7JIWVSBY42B2eHA4ufPmii1Q.ZD6teT7PPd_Wjzly_B0RFnf1ctbv2EjbHLJWOsn_Bqc&dib_tag=se&keywords=t-shirt&qid=1787916115&sr=8-31
2026-08-28 17:26:30 | INFO | amazon_scrapper | [22:19] Saved D:\Amazon Scrapper\AmazonScrapper\data\products\keyword_22_product_019.html
2026-08-28 17:26:30 | INFO | amazon_scrapper | [22:22] HTTP 200 https://www.amazon.com/Zeagoo-Ladies-Tshirts-Pleated-Blouses/dp/B0FQV7T5YP/ref=sr_1_34?dib=eyJ2IjoiMSJ9.41fDOUrTLw4zAu36TGYgcq3ShiTPUnftRTjvLv1y5uRn0fDorO3hEjkSO4Ccum_8YLLYsLXheb45sX87-E0i2gRXDXYDydMV3u4pMZKIzumAm33y6J6K5KXW5yM67MmhCT6SRbNyivmyeO8S3T_TdYamjjuWuDTVKKItoyFILZmSwNf-sdJ6np1i1K-ZLKGIkEfIv8lsf6ys4y7iGsoFWnYTz_uA8xMYNgh_FJHQDBJWe-X1tq3yu4rxsPYM6hIoJYqPHFd90MlJ6Vumadu7JIWVSBY42B2eHA4ufPmii1Q.ZD6teT7PPd_Wjzly_B0RFnf1ctbv2EjbHLJWOsn_Bqc&dib_tag=se&keywords=t-shirt&qid=1787916115&sr=8-34
2026-08-28 17:26:30 | INFO | amazon_scrapper | [22:22] Saved D:\Amazon Scrapper\AmazonScrapper\data\products\keyword_22_product_022.html
2026-08-28 17:26:32 | INFO | amazon_scrapper | [22:23] HTTP 200 https://www.amazon.com/GAP-Everyday-T-Shirt-Shirt-XX-Large/dp/B09V33J4K9/ref=sr_1_35?dib=eyJ2IjoiMSJ9.41fDOUrTLw4zAu36TGYgcq3ShiTPUnftRTjvLv1y5uRn0fDorO3hEjkSO4Ccum_8YLLYsLXheb45sX87-E0i2gRXDXYDydMV3u4pMZKIzumAm33y6J6K5KXW5yM67MmhCT6SRbNyivmyeO8S3T_TdYamjjuWuDTVKKItoyFILZmSwNf-sdJ6np1i1K-ZLKGIkEfIv8lsf6ys4y7iGsoFWnYTz_uA8xMYNgh_FJHQDBJWe-X1tq3yu4rxsPYM6hIoJYqPHFd90MlJ6Vumadu7JIWVSBY42B2eHA4ufPmii1Q.ZD6teT7PPd_Wjzly_B0RFnf1ctbv2EjbHLJWOsn_Bqc&dib_tag=se&keywords=t-shirt&qid=1787916115&sr=8-35
2026-08-28 17:26:32 | INFO | amazon_scrapper | [22:23] Saved D:\Amazon Scrapper\AmazonScrapper\data\products\keyword_22_product_023.html
2026-08-28 17:26:32 | INFO | amazon_scrapper | [22:24] HTTP 200 https://www.amazon.com/GAP-Everyday-Crewneck-Pocket-Yellow/dp/B0FVBPT4BF/ref=sr_1_36?dib=eyJ2IjoiMSJ9.41fDOUrTLw4zAu36TGYgcq3ShiTPUnftRTjvLv1y5uRn0fDorO3hEjkSO4Ccum_8YLLYsLXheb45sX87-E0i2gRXDXYDydMV3u4pMZKIzumAm33y6J6K5KXW5yM67MmhCT6SRbNyivmyeO8S3T_TdYamjjuWuDTVKKItoyFILZmSwNf-sdJ6np1i1K-ZLKGIkEfIv8lsf6ys4y7iGsoFWnYTz_uA8xMYNgh_FJHQDBJWe-X1tq3yu4rxsPYM6hIoJYqPHFd90MlJ6Vumadu7JIWVSBY42B2eHA4ufPmii1Q.ZD6teT7PPd_Wjzly_B0RFnf1ctbv2EjbHLJWOsn_Bqc&dib_tag=se&keywords=t-shirt&qid=1787916115&sr=8-36
2026-08-28 17:26:32 | INFO | amazon_scrapper | [22:24] Saved D:\Amazon Scrapper\AmazonScrapper\data\products\keyword_22_product_024.html
2026-08-28 17:26:32 | INFO | amazon_scrapper | [22:25] HTTP 200 https://www.amazon.com/Under-Armour-Standard-Sportstyle-T-Shirt/dp/B09WD544PW/ref=sr_1_37?dib=eyJ2IjoiMSJ9.41fDOUrTLw4zAu36TGYgcq3ShiTPUnftRTjvLv1y5uRn0fDorO3hEjkSO4Ccum_8YLLYsLXheb45sX87-E0i2gRXDXYDydMV3u4pMZKIzumAm33y6J6K5KXW5yM67MmhCT6SRbNyivmyeO8S3T_TdYamjjuWuDTVKKItoyFILZmSwNf-sdJ6np1i1K-ZLKGIkEfIv8lsf6ys4y7iGsoFWnYTz_uA8xMYNgh_FJHQDBJWe-X1tq3yu4rxsPYM6hIoJYqPHFd90MlJ6Vumadu7JIWVSBY42B2eHA4ufPmii1Q.ZD6teT7PPd_Wjzly_B0RFnf1ctbv2EjbHLJWOsn_Bqc&dib_tag=se&keywords=t-shirt&qid=1787916115&sr=8-37
2026-08-28 17:26:32 | INFO | amazon_scrapper | [22:25] Saved D:\Amazon Scrapper\AmazonScrapper\data\products\keyword_22_product_025.html
2026-08-28 17:26:32 | INFO | amazon_scrapper | [22:26] HTTP 200 https://www.amazon.com/COOFANDY-Sleeve-T-Shirt-Casual-Summer/dp/B0G5442JJX/ref=sr_1_38?dib=eyJ2IjoiMSJ9.41fDOUrTLw4zAu36TGYgcq3ShiTPUnftRTjvLv1y5uRn0fDorO3hEjkSO4Ccum_8YLLYsLXheb45sX87-E0i2gRXDXYDydMV3u4pMZKIzumAm33y6J6K5KXW5yM67MmhCT6SRbNyivmyeO8S3T_TdYamjjuWuDTVKKItoyFILZmSwNf-sdJ6np1i1K-ZLKGIkEfIv8lsf6ys4y7iGsoFWnYTz_uA8xMYNgh_FJHQDBJWe-X1tq3yu4rxsPYM6hIoJYqPHFd90MlJ6Vumadu7JIWVSBY42B2eHA4ufPmii1Q.ZD6teT7PPd_Wjzly_B0RFnf1ctbv2EjbHLJWOsn_Bqc&dib_tag=se&keywords=t-shirt&qid=1787916115&sr=8-38
2026-08-28 17:26:32 | INFO | amazon_scrapper | [22:26] Saved D:\Amazon Scrapper\AmazonScrapper\data\products\keyword_22_product_026.html
2026-08-28 17:26:32 | INFO | amazon_scrapper | [22:27] HTTP 200 https://www.amazon.com/Gildan-Fitted-Cotton-T-Shirt-X-Large/dp/B07MKKM9B2/ref=sr_1_39?dib=eyJ2IjoiMSJ9.41fDOUrTLw4zAu36TGYgcq3ShiTPUnftRTjvLv1y5uRn0fDorO3hEjkSO4Ccum_8YLLYsLXheb45sX87-E0i2gRXDXYDydMV3u4pMZKIzumAm33y6J6K5KXW5yM67MmhCT6SRbNyivmyeO8S3T_TdYamjjuWuDTVKKItoyFILZmSwNf-sdJ6np1i1K-ZLKGIkEfIv8lsf6ys4y7iGsoFWnYTz_uA8xMYNgh_FJHQDBJWe-X1tq3yu4rxsPYM6hIoJYqPHFd90MlJ6Vumadu7JIWVSBY42B2eHA4ufPmii1Q.ZD6teT7PPd_Wjzly_B0RFnf1ctbv2EjbHLJWOsn_Bqc&dib_tag=se&keywords=t-shirt&qid=1787916115&sr=8-39
2026-08-28 17:26:32 | INFO | amazon_scrapper | [22:27] Saved D:\Amazon Scrapper\AmazonScrapper\data\products\keyword_22_product_027.html
2026-08-28 17:26:34 | INFO | amazon_scrapper | [22:29] HTTP 200 https://www.amazon.com/Fruit-Loom-Active-Lightweight-T-Shirts/dp/B07Q77SDYS/ref=sr_1_41?dib=eyJ2IjoiMSJ9.41fDOUrTLw4zAu36TGYgcq3ShiTPUnftRTjvLv1y5uRn0fDorO3hEjkSO4Ccum_8YLLYsLXheb45sX87-E0i2gRXDXYDydMV3u4pMZKIzumAm33y6J6K5KXW5yM67MmhCT6SRbNyivmyeO8S3T_TdYamjjuWuDTVKKItoyFILZmSwNf-sdJ6np1i1K-ZLKGIkEfIv8lsf6ys4y7iGsoFWnYTz_uA8xMYNgh_FJHQDBJWe-X1tq3yu4rxsPYM6hIoJYqPHFd90MlJ6Vumadu7JIWVSBY42B2eHA4ufPmii1Q.ZD6teT7PPd_Wjzly_B0RFnf1ctbv2EjbHLJWOsn_Bqc&dib_tag=se&keywords=t-shirt&qid=1787916115&sr=8-41
2026-08-28 17:26:34 | INFO | amazon_scrapper | [22:29] Saved D:\Amazon Scrapper\AmazonScrapper\data\products\keyword_22_product_029.html
2026-08-28 17:26:34 | INFO | amazon_scrapper | [22:28] HTTP 200 https://www.amazon.com/Gildan-Heavy-Cotton-T-Shirt-2-Pack/dp/B0767PWDQ4/ref=sr_1_40?dib=eyJ2IjoiMSJ9.41fDOUrTLw4zAu36TGYgcq3ShiTPUnftRTjvLv1y5uRn0fDorO3hEjkSO4Ccum_8YLLYsLXheb45sX87-E0i2gRXDXYDydMV3u4pMZKIzumAm33y6J6K5KXW5yM67MmhCT6SRbNyivmyeO8S3T_TdYamjjuWuDTVKKItoyFILZmSwNf-sdJ6np1i1K-ZLKGIkEfIv8lsf6ys4y7iGsoFWnYTz_uA8xMYNgh_FJHQDBJWe-X1tq3yu4rxsPYM6hIoJYqPHFd90MlJ6Vumadu7JIWVSBY42B2eHA4ufPmii1Q.ZD6teT7PPd_Wjzly_B0RFnf1ctbv2EjbHLJWOsn_Bqc&dib_tag=se&keywords=t-shirt&qid=1787916115&sr=8-40
2026-08-28 17:26:34 | INFO | amazon_scrapper | [22:28] Saved D:\Amazon Scrapper\AmazonScrapper\data\products\keyword_22_product_028.html
2026-08-28 17:26:34 | INFO | amazon_scrapper | [22:30] HTTP 200 https://www.amazon.com/Hanes-Comfortsoft-T-Shirt-White-XX-Large/dp/B00KBZOVVS/ref=sr_1_42?dib=eyJ2IjoiMSJ9.41fDOUrTLw4zAu36TGYgcq3ShiTPUnftRTjvLv1y5uRn0fDorO3hEjkSO4Ccum_8YLLYsLXheb45sX87-E0i2gRXDXYDydMV3u4pMZKIzumAm33y6J6K5KXW5yM67MmhCT6SRbNyivmyeO8S3T_TdYamjjuWuDTVKKItoyFILZmSwNf-sdJ6np1i1K-ZLKGIkEfIv8lsf6ys4y7iGsoFWnYTz_uA8xMYNgh_FJHQDBJWe-X1tq3yu4rxsPYM6hIoJYqPHFd90MlJ6Vumadu7JIWVSBY42B2eHA4ufPmii1Q.ZD6teT7PPd_Wjzly_B0RFnf1ctbv2EjbHLJWOsn_Bqc&dib_tag=se&keywords=t-shirt&qid=1787916115&sr=8-42
2026-08-28 17:26:34 | INFO | amazon_scrapper | [22:30] Saved D:\Amazon Scrapper\AmazonScrapper\data\products\keyword_22_product_030.html
2026-08-28 17:26:34 | INFO | amazon_scrapper | [22:31] HTTP 200 https://www.amazon.com/Zeagoo-Womens-Fitted-Tshirt-Summer/dp/B0GTR65922/ref=sr_1_43?dib=eyJ2IjoiMSJ9.41fDOUrTLw4zAu36TGYgcq3ShiTPUnftRTjvLv1y5uRn0fDorO3hEjkSO4Ccum_8YLLYsLXheb45sX87-E0i2gRXDXYDydMV3u4pMZKIzumAm33y6J6K5KXW5yM67MmhCT6SRbNyivmyeO8S3T_TdYamjjuWuDTVKKItoyFILZmSwNf-sdJ6np1i1K-ZLKGIkEfIv8lsf6ys4y7iGsoFWnYTz_uA8xMYNgh_FJHQDBJWe-X1tq3yu4rxsPYM6hIoJYqPHFd90MlJ6Vumadu7JIWVSBY42B2eHA4ufPmii1Q.ZD6teT7PPd_Wjzly_B0RFnf1ctbv2EjbHLJWOsn_Bqc&dib_tag=se&keywords=t-shirt&qid=1787916115&sr=8-43
2026-08-28 17:26:34 | INFO | amazon_scrapper | [22:31] Saved D:\Amazon Scrapper\AmazonScrapper\data\products\keyword_22_product_031.html
2026-08-28 17:26:35 | INFO | amazon_scrapper | [22:32] HTTP 200 https://www.amazon.com/Hanes-T-Shirt-Crewneck-Moisture-Wicking-Assorted/dp/B086L1PM8V/ref=sr_1_44?dib=eyJ2IjoiMSJ9.41fDOUrTLw4zAu36TGYgcq3ShiTPUnftRTjvLv1y5uRn0fDorO3hEjkSO4Ccum_8YLLYsLXheb45sX87-E0i2gRXDXYDydMV3u4pMZKIzumAm33y6J6K5KXW5yM67MmhCT6SRbNyivmyeO8S3T_TdYamjjuWuDTVKKItoyFILZmSwNf-sdJ6np1i1K-ZLKGIkEfIv8lsf6ys4y7iGsoFWnYTz_uA8xMYNgh_FJHQDBJWe-X1tq3yu4rxsPYM6hIoJYqPHFd90MlJ6Vumadu7JIWVSBY42B2eHA4ufPmii1Q.ZD6teT7PPd_Wjzly_B0RFnf1ctbv2EjbHLJWOsn_Bqc&dib_tag=se&keywords=t-shirt&qid=1787916115&sr=8-44
2026-08-28 17:26:35 | INFO | amazon_scrapper | [22:32] Saved D:\Amazon Scrapper\AmazonScrapper\data\products\keyword_22_product_032.html
2026-08-28 17:26:36 | INFO | amazon_scrapper | [22:34] HTTP 200 https://www.amazon.com/Gildan-Cotton-Sleeve-T-Shirt-2-Pack/dp/B07M61KYWL/ref=sr_1_46?dib=eyJ2IjoiMSJ9.41fDOUrTLw4zAu36TGYgcq3ShiTPUnftRTjvLv1y5uRn0fDorO3hEjkSO4Ccum_8YLLYsLXheb45sX87-E0i2gRXDXYDydMV3u4pMZKIzumAm33y6J6K5KXW5yM67MmhCT6SRbNyivmyeO8S3T_TdYamjjuWuDTVKKItoyFILZmSwNf-sdJ6np1i1K-ZLKGIkEfIv8lsf6ys4y7iGsoFWnYTz_uA8xMYNgh_FJHQDBJWe-X1tq3yu4rxsPYM6hIoJYqPHFd90MlJ6Vumadu7JIWVSBY42B2eHA4ufPmii1Q.ZD6teT7PPd_Wjzly_B0RFnf1ctbv2EjbHLJWOsn_Bqc&dib_tag=se&keywords=t-shirt&qid=1787916115&sr=8-46
2026-08-28 17:26:36 | INFO | amazon_scrapper | [22:34] Saved D:\Amazon Scrapper\AmazonScrapper\data\products\keyword_22_product_034.html
2026-08-28 17:26:36 | INFO | amazon_scrapper | [22:33] HTTP 200 https://www.amazon.com/Nike-Short-Sleeve-Shirt-X-Large/dp/B08WTYGVL5/ref=sr_1_45?dib=eyJ2IjoiMSJ9.41fDOUrTLw4zAu36TGYgcq3ShiTPUnftRTjvLv1y5uRn0fDorO3hEjkSO4Ccum_8YLLYsLXheb45sX87-E0i2gRXDXYDydMV3u4pMZKIzumAm33y6J6K5KXW5yM67MmhCT6SRbNyivmyeO8S3T_TdYamjjuWuDTVKKItoyFILZmSwNf-sdJ6np1i1K-ZLKGIkEfIv8lsf6ys4y7iGsoFWnYTz_uA8xMYNgh_FJHQDBJWe-X1tq3yu4rxsPYM6hIoJYqPHFd90MlJ6Vumadu7JIWVSBY42B2eHA4ufPmii1Q.ZD6teT7PPd_Wjzly_B0RFnf1ctbv2EjbHLJWOsn_Bqc&dib_tag=se&keywords=t-shirt&qid=1787916115&sr=8-45
2026-08-28 17:26:36 | INFO | amazon_scrapper | [22:33] Saved D:\Amazon Scrapper\AmazonScrapper\data\products\keyword_22_product_033.html
2026-08-28 17:26:36 | INFO | amazon_scrapper | [22:35] HTTP 200 https://www.amazon.com/Amazon-Essentials-Relaxed-Fit-Crewneck-T-Shirt/dp/B0FF5DLFND/ref=sr_1_47?dib=eyJ2IjoiMSJ9.41fDOUrTLw4zAu36TGYgcq3ShiTPUnftRTjvLv1y5uRn0fDorO3hEjkSO4Ccum_8YLLYsLXheb45sX87-E0i2gRXDXYDydMV3u4pMZKIzumAm33y6J6K5KXW5yM67MmhCT6SRbNyivmyeO8S3T_TdYamjjuWuDTVKKItoyFILZmSwNf-sdJ6np1i1K-ZLKGIkEfIv8lsf6ys4y7iGsoFWnYTz_uA8xMYNgh_FJHQDBJWe-X1tq3yu4rxsPYM6hIoJYqPHFd90MlJ6Vumadu7JIWVSBY42B2eHA4ufPmii1Q.ZD6teT7PPd_Wjzly_B0RFnf1ctbv2EjbHLJWOsn_Bqc&dib_tag=se&keywords=t-shirt&qid=1787916115&sr=8-47
2026-08-28 17:26:36 | INFO | amazon_scrapper | [22:35] Saved D:\Amazon Scrapper\AmazonScrapper\data\products\keyword_22_product_035.html
2026-08-28 17:26:36 | INFO | amazon_scrapper | [22:36] HTTP 200 https://www.amazon.com/Gildan-Cotton-T-Shirt-2-Pack-Medium/dp/B07612TN5Q/ref=sr_1_48?dib=eyJ2IjoiMSJ9.41fDOUrTLw4zAu36TGYgcq3ShiTPUnftRTjvLv1y5uRn0fDorO3hEjkSO4Ccum_8YLLYsLXheb45sX87-E0i2gRXDXYDydMV3u4pMZKIzumAm33y6J6K5KXW5yM67MmhCT6SRbNyivmyeO8S3T_TdYamjjuWuDTVKKItoyFILZmSwNf-sdJ6np1i1K-ZLKGIkEfIv8lsf6ys4y7iGsoFWnYTz_uA8xMYNgh_FJHQDBJWe-X1tq3yu4rxsPYM6hIoJYqPHFd90MlJ6Vumadu7JIWVSBY42B2eHA4ufPmii1Q.ZD6teT7PPd_Wjzly_B0RFnf1ctbv2EjbHLJWOsn_Bqc&dib_tag=se&keywords=t-shirt&qid=1787916115&sr=8-48
2026-08-28 17:26:37 | INFO | amazon_scrapper | [22:36] Saved D:\Amazon Scrapper\AmazonScrapper\data\products\keyword_22_product_036.html
2026-08-28 17:26:37 | INFO | amazon_scrapper | [22:37] HTTP 200 https://www.amazon.com/Gildan-T-shirt-G2400-Multipack-X-Large/dp/B09S6VGMHM/ref=sr_1_49?dib=eyJ2IjoiMSJ9.41fDOUrTLw4zAu36TGYgcq3ShiTPUnftRTjvLv1y5uRn0fDorO3hEjkSO4Ccum_8YLLYsLXheb45sX87-E0i2gRXDXYDydMV3u4pMZKIzumAm33y6J6K5KXW5yM67MmhCT6SRbNyivmyeO8S3T_TdYamjjuWuDTVKKItoyFILZmSwNf-sdJ6np1i1K-ZLKGIkEfIv8lsf6ys4y7iGsoFWnYTz_uA8xMYNgh_FJHQDBJWe-X1tq3yu4rxsPYM6hIoJYqPHFd90MlJ6Vumadu7JIWVSBY42B2eHA4ufPmii1Q.ZD6teT7PPd_Wjzly_B0RFnf1ctbv2EjbHLJWOsn_Bqc&dib_tag=se&keywords=t-shirt&qid=1787916115&sr=8-49
2026-08-28 17:26:37 | INFO | amazon_scrapper | [22:37] Saved D:\Amazon Scrapper\AmazonScrapper\data\products\keyword_22_product_037.html
2026-08-28 17:26:38 | INFO | amazon_scrapper | [22:38] HTTP 200 https://www.amazon.com/Gildan-T-Shirt-G5000-Multipack-X-Large/dp/B09S6WJHWX/ref=sr_1_50?dib=eyJ2IjoiMSJ9.41fDOUrTLw4zAu36TGYgcq3ShiTPUnftRTjvLv1y5uRn0fDorO3hEjkSO4Ccum_8YLLYsLXheb45sX87-E0i2gRXDXYDydMV3u4pMZKIzumAm33y6J6K5KXW5yM67MmhCT6SRbNyivmyeO8S3T_TdYamjjuWuDTVKKItoyFILZmSwNf-sdJ6np1i1K-ZLKGIkEfIv8lsf6ys4y7iGsoFWnYTz_uA8xMYNgh_FJHQDBJWe-X1tq3yu4rxsPYM6hIoJYqPHFd90MlJ6Vumadu7JIWVSBY42B2eHA4ufPmii1Q.ZD6teT7PPd_Wjzly_B0RFnf1ctbv2EjbHLJWOsn_Bqc&dib_tag=se&keywords=t-shirt&qid=1787916115&sr=8-50
2026-08-28 17:26:38 | INFO | amazon_scrapper | [22:38] Saved D:\Amazon Scrapper\AmazonScrapper\data\products\keyword_22_product_038.html
2026-08-28 17:26:38 | INFO | amazon_scrapper | [22:40] HTTP 200 https://www.amazon.com/Cricut-T-Shirt-Blank-Medium-Infusible/dp/B07TB5D3F2/ref=sr_1_52?dib=eyJ2IjoiMSJ9.41fDOUrTLw4zAu36TGYgcq3ShiTPUnftRTjvLv1y5uRn0fDorO3hEjkSO4Ccum_8YLLYsLXheb45sX87-E0i2gRXDXYDydMV3u4pMZKIzumAm33y6J6K5KXW5yM67MmhCT6SRbNyivmyeO8S3T_TdYamjjuWuDTVKKItoyFILZmSwNf-sdJ6np1i1K-ZLKGIkEfIv8lsf6ys4y7iGsoFWnYTz_uA8xMYNgh_FJHQDBJWe-X1tq3yu4rxsPYM6hIoJYqPHFd90MlJ6Vumadu7JIWVSBY42B2eHA4ufPmii1Q.ZD6teT7PPd_Wjzly_B0RFnf1ctbv2EjbHLJWOsn_Bqc&dib_tag=se&keywords=t-shirt&qid=1787916115&sr=8-52
2026-08-28 17:26:38 | INFO | amazon_scrapper | [22:40] Saved D:\Amazon Scrapper\AmazonScrapper\data\products\keyword_22_product_040.html
2026-08-28 17:26:38 | INFO | amazon_scrapper | [22:39] HTTP 200 https://www.amazon.com/Hanes-Toddler-Breathable-Clothes-Crewneck/dp/B0GP9N7XRX/ref=sr_1_51?dib=eyJ2IjoiMSJ9.41fDOUrTLw4zAu36TGYgcq3ShiTPUnftRTjvLv1y5uRn0fDorO3hEjkSO4Ccum_8YLLYsLXheb45sX87-E0i2gRXDXYDydMV3u4pMZKIzumAm33y6J6K5KXW5yM67MmhCT6SRbNyivmyeO8S3T_TdYamjjuWuDTVKKItoyFILZmSwNf-sdJ6np1i1K-ZLKGIkEfIv8lsf6ys4y7iGsoFWnYTz_uA8xMYNgh_FJHQDBJWe-X1tq3yu4rxsPYM6hIoJYqPHFd90MlJ6Vumadu7JIWVSBY42B2eHA4ufPmii1Q.ZD6teT7PPd_Wjzly_B0RFnf1ctbv2EjbHLJWOsn_Bqc&dib_tag=se&keywords=t-shirt&qid=1787916115&sr=8-51
2026-08-28 17:26:38 | INFO | amazon_scrapper | [22:39] Saved D:\Amazon Scrapper\AmazonScrapper\data\products\keyword_22_product_039.html
2026-08-28 17:26:39 | INFO | amazon_scrapper | [22:41] HTTP 200 https://www.amazon.com/Gildan-Toddler-T-Shirt-2-Pack-White/dp/B07M8SJ6XP/ref=sr_1_53?dib=eyJ2IjoiMSJ9.41fDOUrTLw4zAu36TGYgcq3ShiTPUnftRTjvLv1y5uRn0fDorO3hEjkSO4Ccum_8YLLYsLXheb45sX87-E0i2gRXDXYDydMV3u4pMZKIzumAm33y6J6K5KXW5yM67MmhCT6SRbNyivmyeO8S3T_TdYamjjuWuDTVKKItoyFILZmSwNf-sdJ6np1i1K-ZLKGIkEfIv8lsf6ys4y7iGsoFWnYTz_uA8xMYNgh_FJHQDBJWe-X1tq3yu4rxsPYM6hIoJYqPHFd90MlJ6Vumadu7JIWVSBY42B2eHA4ufPmii1Q.ZD6teT7PPd_Wjzly_B0RFnf1ctbv2EjbHLJWOsn_Bqc&dib_tag=se&keywords=t-shirt&qid=1787916115&sr=8-53
2026-08-28 17:26:39 | INFO | amazon_scrapper | [22:41] Saved D:\Amazon Scrapper\AmazonScrapper\data\products\keyword_22_product_041.html
2026-08-28 17:26:39 | INFO | amazon_scrapper | [22:42] HTTP 200 https://www.amazon.com/Gildan-Cotton-T-Shirt-2-Pack-4X-Large/dp/B075ZZ7YCT/ref=sr_1_54?dib=eyJ2IjoiMSJ9.41fDOUrTLw4zAu36TGYgcq3ShiTPUnftRTjvLv1y5uRn0fDorO3hEjkSO4Ccum_8YLLYsLXheb45sX87-E0i2gRXDXYDydMV3u4pMZKIzumAm33y6J6K5KXW5yM67MmhCT6SRbNyivmyeO8S3T_TdYamjjuWuDTVKKItoyFILZmSwNf-sdJ6np1i1K-ZLKGIkEfIv8lsf6ys4y7iGsoFWnYTz_uA8xMYNgh_FJHQDBJWe-X1tq3yu4rxsPYM6hIoJYqPHFd90MlJ6Vumadu7JIWVSBY42B2eHA4ufPmii1Q.ZD6teT7PPd_Wjzly_B0RFnf1ctbv2EjbHLJWOsn_Bqc&dib_tag=se&keywords=t-shirt&qid=1787916115&sr=8-54
2026-08-28 17:26:39 | INFO | amazon_scrapper | [22:42] Saved D:\Amazon Scrapper\AmazonScrapper\data\products\keyword_22_product_042.html
2026-08-28 17:26:40 | INFO | amazon_scrapper | [22:45] HTTP 200 https://www.amazon.com/Wrangler-Boys-T-Shirts-Toddler-Everyday/dp/B0G9B95Y9G/ref=sr_1_57?dib=eyJ2IjoiMSJ9.41fDOUrTLw4zAu36TGYgcq3ShiTPUnftRTjvLv1y5uRn0fDorO3hEjkSO4Ccum_8YLLYsLXheb45sX87-E0i2gRXDXYDydMV3u4pMZKIzumAm33y6J6K5KXW5yM67MmhCT6SRbNyivmyeO8S3T_TdYamjjuWuDTVKKItoyFILZmSwNf-sdJ6np1i1K-ZLKGIkEfIv8lsf6ys4y7iGsoFWnYTz_uA8xMYNgh_FJHQDBJWe-X1tq3yu4rxsPYM6hIoJYqPHFd90MlJ6Vumadu7JIWVSBY42B2eHA4ufPmii1Q.ZD6teT7PPd_Wjzly_B0RFnf1ctbv2EjbHLJWOsn_Bqc&dib_tag=se&keywords=t-shirt&qid=1787916115&sr=8-57
2026-08-28 17:26:40 | INFO | amazon_scrapper | [22:45] Saved D:\Amazon Scrapper\AmazonScrapper\data\products\keyword_22_product_045.html
2026-08-28 17:26:40 | INFO | amazon_scrapper | [22:43] HTTP 200 https://www.amazon.com/Amazon-Essentials-Classic-Fit-Short-Sleeve-T-Shirt/dp/B0775WTRR4/ref=sr_1_55?dib=eyJ2IjoiMSJ9.41fDOUrTLw4zAu36TGYgcq3ShiTPUnftRTjvLv1y5uRn0fDorO3hEjkSO4Ccum_8YLLYsLXheb45sX87-E0i2gRXDXYDydMV3u4pMZKIzumAm33y6J6K5KXW5yM67MmhCT6SRbNyivmyeO8S3T_TdYamjjuWuDTVKKItoyFILZmSwNf-sdJ6np1i1K-ZLKGIkEfIv8lsf6ys4y7iGsoFWnYTz_uA8xMYNgh_FJHQDBJWe-X1tq3yu4rxsPYM6hIoJYqPHFd90MlJ6Vumadu7JIWVSBY42B2eHA4ufPmii1Q.ZD6teT7PPd_Wjzly_B0RFnf1ctbv2EjbHLJWOsn_Bqc&dib_tag=se&keywords=t-shirt&qid=1787916115&sr=8-55
2026-08-28 17:26:40 | INFO | amazon_scrapper | [22:43] Saved D:\Amazon Scrapper\AmazonScrapper\data\products\keyword_22_product_043.html
2026-08-28 17:26:40 | INFO | amazon_scrapper | [22:44] HTTP 200 https://www.amazon.com/Amazon-Essentials-Crewneck-Undershirts-X-Small/dp/B06XWG4X6L/ref=sr_1_56?dib=eyJ2IjoiMSJ9.41fDOUrTLw4zAu36TGYgcq3ShiTPUnftRTjvLv1y5uRn0fDorO3hEjkSO4Ccum_8YLLYsLXheb45sX87-E0i2gRXDXYDydMV3u4pMZKIzumAm33y6J6K5KXW5yM67MmhCT6SRbNyivmyeO8S3T_TdYamjjuWuDTVKKItoyFILZmSwNf-sdJ6np1i1K-ZLKGIkEfIv8lsf6ys4y7iGsoFWnYTz_uA8xMYNgh_FJHQDBJWe-X1tq3yu4rxsPYM6hIoJYqPHFd90MlJ6Vumadu7JIWVSBY42B2eHA4ufPmii1Q.ZD6teT7PPd_Wjzly_B0RFnf1ctbv2EjbHLJWOsn_Bqc&dib_tag=se&keywords=t-shirt&qid=1787916115&sr=8-56
2026-08-28 17:26:40 | INFO | amazon_scrapper | [22:44] Saved D:\Amazon Scrapper\AmazonScrapper\data\products\keyword_22_product_044.html
2026-08-28 17:26:41 | INFO | amazon_scrapper | [22:47] HTTP 200 https://www.amazon.com/Amazon-Essentials-Short-Sleeve-Crewneck-XX-Large/dp/B07FDP48GV/ref=sr_1_59?dib=eyJ2IjoiMSJ9.41fDOUrTLw4zAu36TGYgcq3ShiTPUnftRTjvLv1y5uRn0fDorO3hEjkSO4Ccum_8YLLYsLXheb45sX87-E0i2gRXDXYDydMV3u4pMZKIzumAm33y6J6K5KXW5yM67MmhCT6SRbNyivmyeO8S3T_TdYamjjuWuDTVKKItoyFILZmSwNf-sdJ6np1i1K-ZLKGIkEfIv8lsf6ys4y7iGsoFWnYTz_uA8xMYNgh_FJHQDBJWe-X1tq3yu4rxsPYM6hIoJYqPHFd90MlJ6Vumadu7JIWVSBY42B2eHA4ufPmii1Q.ZD6teT7PPd_Wjzly_B0RFnf1ctbv2EjbHLJWOsn_Bqc&dib_tag=se&keywords=t-shirt&qid=1787916115&sr=8-59
2026-08-28 17:26:41 | INFO | amazon_scrapper | [22:47] Saved D:\Amazon Scrapper\AmazonScrapper\data\products\keyword_22_product_047.html
2026-08-28 17:26:41 | INFO | amazon_scrapper | [22:46] HTTP 200 https://www.amazon.com/Champion-Graphic-Standard-Midweight-Available/dp/B078HHDSCS/ref=sr_1_58?dib=eyJ2IjoiMSJ9.41fDOUrTLw4zAu36TGYgcq3ShiTPUnftRTjvLv1y5uRn0fDorO3hEjkSO4Ccum_8YLLYsLXheb45sX87-E0i2gRXDXYDydMV3u4pMZKIzumAm33y6J6K5KXW5yM67MmhCT6SRbNyivmyeO8S3T_TdYamjjuWuDTVKKItoyFILZmSwNf-sdJ6np1i1K-ZLKGIkEfIv8lsf6ys4y7iGsoFWnYTz_uA8xMYNgh_FJHQDBJWe-X1tq3yu4rxsPYM6hIoJYqPHFd90MlJ6Vumadu7JIWVSBY42B2eHA4ufPmii1Q.ZD6teT7PPd_Wjzly_B0RFnf1ctbv2EjbHLJWOsn_Bqc&dib_tag=se&keywords=t-shirt&qid=1787916115&sr=8-58
2026-08-28 17:26:41 | INFO | amazon_scrapper | [22:46] Saved D:\Amazon Scrapper\AmazonScrapper\data\products\keyword_22_product_046.html
2026-08-28 17:26:42 | INFO | amazon_scrapper | [23:2] HTTP 200 https://www.amazon.com/Amazon-Basics-Notebook-Hardcover-8-25-Inch/dp/B01DN8TCEU/ref=sr_1_6?dib=eyJ2IjoiMSJ9._bLJ4XHDpjJdpy0_yXz67sweFdpAEZNjVgoKhxYSx9S-wtuQ4i-SYcKKUnFF3MSJ6NRUP30IIyES-tmn8m0HE80TEYXUU901G2i2Mxwts5IqgT95XAqnl6VezrMIU9POFEHGhn7nsyc228HMC62vkiiVBVvU8cufRgDeisBcinslgBAvxMh5F8b8GQKx-o8Hh7yOPnf4kkG2n5umLD0i35UT08u9HKemwXEnbve72Wu0j2qizbxg_A-eoXH9mHdQyMiDcfo9K-cd-kGAsUfEnOtL3Lt8gkugmr_tHFEuj-Y.yo_egZs_47sXFKqko9gHs_NjBWdCcPa3iI8HagJVWWA&dib_tag=se&keywords=notebook+journal&qid=1787916121&sr=8-6
2026-08-28 17:26:42 | INFO | amazon_scrapper | [23:2] Saved D:\Amazon Scrapper\AmazonScrapper\data\products\keyword_23_product_002.html
2026-08-28 17:26:42 | INFO | amazon_scrapper | [22:48] HTTP 200 https://www.amazon.com/Under-Armour-T-Shirt-Overcast-XX-Large/dp/B077XN8CVK/ref=sr_1_60?dib=eyJ2IjoiMSJ9.41fDOUrTLw4zAu36TGYgcq3ShiTPUnftRTjvLv1y5uRn0fDorO3hEjkSO4Ccum_8YLLYsLXheb45sX87-E0i2gRXDXYDydMV3u4pMZKIzumAm33y6J6K5KXW5yM67MmhCT6SRbNyivmyeO8S3T_TdYamjjuWuDTVKKItoyFILZmSwNf-sdJ6np1i1K-ZLKGIkEfIv8lsf6ys4y7iGsoFWnYTz_uA8xMYNgh_FJHQDBJWe-X1tq3yu4rxsPYM6hIoJYqPHFd90MlJ6Vumadu7JIWVSBY42B2eHA4ufPmii1Q.ZD6teT7PPd_Wjzly_B0RFnf1ctbv2EjbHLJWOsn_Bqc&dib_tag=se&keywords=t-shirt&qid=1787916115&sr=8-60
2026-08-28 17:26:42 | INFO | amazon_scrapper | [22:48] Saved D:\Amazon Scrapper\AmazonScrapper\data\products\keyword_22_product_048.html
2026-08-28 17:26:42 | INFO | amazon_scrapper | [23:1] HTTP 200 https://www.amazon.com/Journal-Notebook-College-Hardcover-Journals/dp/B0CT4HX4T9/ref=sr_1_5?dib=eyJ2IjoiMSJ9._bLJ4XHDpjJdpy0_yXz67sweFdpAEZNjVgoKhxYSx9S-wtuQ4i-SYcKKUnFF3MSJ6NRUP30IIyES-tmn8m0HE80TEYXUU901G2i2Mxwts5IqgT95XAqnl6VezrMIU9POFEHGhn7nsyc228HMC62vkiiVBVvU8cufRgDeisBcinslgBAvxMh5F8b8GQKx-o8Hh7yOPnf4kkG2n5umLD0i35UT08u9HKemwXEnbve72Wu0j2qizbxg_A-eoXH9mHdQyMiDcfo9K-cd-kGAsUfEnOtL3Lt8gkugmr_tHFEuj-Y.yo_egZs_47sXFKqko9gHs_NjBWdCcPa3iI8HagJVWWA&dib_tag=se&keywords=notebook+journal&qid=1787916121&sr=8-5
2026-08-28 17:26:42 | INFO | amazon_scrapper | [23:1] Saved D:\Amazon Scrapper\AmazonScrapper\data\products\keyword_23_product_001.html
2026-08-28 17:26:43 | INFO | amazon_scrapper | [23:4] HTTP 200 https://www.amazon.com/Hardcover-Leather-Notebook-Journals-Business/dp/B0B4DKQSDV/ref=sr_1_8?dib=eyJ2IjoiMSJ9._bLJ4XHDpjJdpy0_yXz67sweFdpAEZNjVgoKhxYSx9S-wtuQ4i-SYcKKUnFF3MSJ6NRUP30IIyES-tmn8m0HE80TEYXUU901G2i2Mxwts5IqgT95XAqnl6VezrMIU9POFEHGhn7nsyc228HMC62vkiiVBVvU8cufRgDeisBcinslgBAvxMh5F8b8GQKx-o8Hh7yOPnf4kkG2n5umLD0i35UT08u9HKemwXEnbve72Wu0j2qizbxg_A-eoXH9mHdQyMiDcfo9K-cd-kGAsUfEnOtL3Lt8gkugmr_tHFEuj-Y.yo_egZs_47sXFKqko9gHs_NjBWdCcPa3iI8HagJVWWA&dib_tag=se&keywords=notebook+journal&qid=1787916121&sr=8-8
2026-08-28 17:26:43 | INFO | amazon_scrapper | [23:4] Saved D:\Amazon Scrapper\AmazonScrapper\data\products\keyword_23_product_004.html
2026-08-28 17:26:43 | INFO | amazon_scrapper | [23:3] HTTP 200 https://www.amazon.com/Journal-Lined-Hardcover-Notebook-Expandable/dp/B07L4JCG7T/ref=sr_1_7?dib=eyJ2IjoiMSJ9._bLJ4XHDpjJdpy0_yXz67sweFdpAEZNjVgoKhxYSx9S-wtuQ4i-SYcKKUnFF3MSJ6NRUP30IIyES-tmn8m0HE80TEYXUU901G2i2Mxwts5IqgT95XAqnl6VezrMIU9POFEHGhn7nsyc228HMC62vkiiVBVvU8cufRgDeisBcinslgBAvxMh5F8b8GQKx-o8Hh7yOPnf4kkG2n5umLD0i35UT08u9HKemwXEnbve72Wu0j2qizbxg_A-eoXH9mHdQyMiDcfo9K-cd-kGAsUfEnOtL3Lt8gkugmr_tHFEuj-Y.yo_egZs_47sXFKqko9gHs_NjBWdCcPa3iI8HagJVWWA&dib_tag=se&keywords=notebook+journal&qid=1787916121&sr=8-7
2026-08-28 17:26:43 | INFO | amazon_scrapper | [23:3] Saved D:\Amazon Scrapper\AmazonScrapper\data\products\keyword_23_product_003.html
2026-08-28 17:26:44 | INFO | amazon_scrapper | [23:5] HTTP 200 https://www.amazon.com/Notebook-Hardcover-Journals-Journaling-Notebooks/dp/B0GTDBXDZT/ref=sr_1_9?dib=eyJ2IjoiMSJ9._bLJ4XHDpjJdpy0_yXz67sweFdpAEZNjVgoKhxYSx9S-wtuQ4i-SYcKKUnFF3MSJ6NRUP30IIyES-tmn8m0HE80TEYXUU901G2i2Mxwts5IqgT95XAqnl6VezrMIU9POFEHGhn7nsyc228HMC62vkiiVBVvU8cufRgDeisBcinslgBAvxMh5F8b8GQKx-o8Hh7yOPnf4kkG2n5umLD0i35UT08u9HKemwXEnbve72Wu0j2qizbxg_A-eoXH9mHdQyMiDcfo9K-cd-kGAsUfEnOtL3Lt8gkugmr_tHFEuj-Y.yo_egZs_47sXFKqko9gHs_NjBWdCcPa3iI8HagJVWWA&dib_tag=se&keywords=notebook+journal&qid=1787916121&sr=8-9
2026-08-28 17:26:44 | INFO | amazon_scrapper | [23:5] Saved D:\Amazon Scrapper\AmazonScrapper\data\products\keyword_23_product_005.html
2026-08-28 17:26:44 | INFO | amazon_scrapper | [23:6] HTTP 200 https://www.amazon.com/Five-Star-Notebook-Subject-72081/dp/B003O2RXUQ/ref=sr_1_10?dib=eyJ2IjoiMSJ9._bLJ4XHDpjJdpy0_yXz67sweFdpAEZNjVgoKhxYSx9S-wtuQ4i-SYcKKUnFF3MSJ6NRUP30IIyES-tmn8m0HE80TEYXUU901G2i2Mxwts5IqgT95XAqnl6VezrMIU9POFEHGhn7nsyc228HMC62vkiiVBVvU8cufRgDeisBcinslgBAvxMh5F8b8GQKx-o8Hh7yOPnf4kkG2n5umLD0i35UT08u9HKemwXEnbve72Wu0j2qizbxg_A-eoXH9mHdQyMiDcfo9K-cd-kGAsUfEnOtL3Lt8gkugmr_tHFEuj-Y.yo_egZs_47sXFKqko9gHs_NjBWdCcPa3iI8HagJVWWA&dib_tag=se&keywords=notebook+journal&qid=1787916121&sr=8-10
2026-08-28 17:26:44 | INFO | amazon_scrapper | [23:6] Saved D:\Amazon Scrapper\AmazonScrapper\data\products\keyword_23_product_006.html
2026-08-28 17:26:44 | INFO | amazon_scrapper | [23:7] HTTP 200 https://www.amazon.com/Five-Star-Notebooks-Subject-820337-ECM/dp/B0CWS28VK1/ref=sr_1_15?dib=eyJ2IjoiMSJ9._bLJ4XHDpjJdpy0_yXz67sweFdpAEZNjVgoKhxYSx9S-wtuQ4i-SYcKKUnFF3MSJ6NRUP30IIyES-tmn8m0HE80TEYXUU901G2i2Mxwts5IqgT95XAqnl6VezrMIU9POFEHGhn7nsyc228HMC62vkiiVBVvU8cufRgDeisBcinslgBAvxMh5F8b8GQKx-o8Hh7yOPnf4kkG2n5umLD0i35UT08u9HKemwXEnbve72Wu0j2qizbxg_A-eoXH9mHdQyMiDcfo9K-cd-kGAsUfEnOtL3Lt8gkugmr_tHFEuj-Y.yo_egZs_47sXFKqko9gHs_NjBWdCcPa3iI8HagJVWWA&dib_tag=se&keywords=notebook+journal&qid=1787916121&sr=8-15
2026-08-28 17:26:44 | INFO | amazon_scrapper | [23:7] Saved D:\Amazon Scrapper\AmazonScrapper\data\products\keyword_23_product_007.html
2026-08-28 17:26:45 | INFO | amazon_scrapper | [23:9] HTTP 200 https://www.amazon.com/Five-Star-Notebooks-Subject-38052/dp/B01BHL3DCC/ref=sr_1_17?dib=eyJ2IjoiMSJ9._bLJ4XHDpjJdpy0_yXz67sweFdpAEZNjVgoKhxYSx9S-wtuQ4i-SYcKKUnFF3MSJ6NRUP30IIyES-tmn8m0HE80TEYXUU901G2i2Mxwts5IqgT95XAqnl6VezrMIU9POFEHGhn7nsyc228HMC62vkiiVBVvU8cufRgDeisBcinslgBAvxMh5F8b8GQKx-o8Hh7yOPnf4kkG2n5umLD0i35UT08u9HKemwXEnbve72Wu0j2qizbxg_A-eoXH9mHdQyMiDcfo9K-cd-kGAsUfEnOtL3Lt8gkugmr_tHFEuj-Y.yo_egZs_47sXFKqko9gHs_NjBWdCcPa3iI8HagJVWWA&dib_tag=se&keywords=notebook+journal&qid=1787916121&sr=8-17
2026-08-28 17:26:45 | INFO | amazon_scrapper | [23:9] Saved D:\Amazon Scrapper\AmazonScrapper\data\products\keyword_23_product_009.html
2026-08-28 17:26:45 | INFO | amazon_scrapper | [23:8] HTTP 200 https://www.amazon.com/Mr-Lined-Spiral-Journal-Notebook/dp/B0GPFKDGK8/ref=sr_1_16?dib=eyJ2IjoiMSJ9._bLJ4XHDpjJdpy0_yXz67sweFdpAEZNjVgoKhxYSx9S-wtuQ4i-SYcKKUnFF3MSJ6NRUP30IIyES-tmn8m0HE80TEYXUU901G2i2Mxwts5IqgT95XAqnl6VezrMIU9POFEHGhn7nsyc228HMC62vkiiVBVvU8cufRgDeisBcinslgBAvxMh5F8b8GQKx-o8Hh7yOPnf4kkG2n5umLD0i35UT08u9HKemwXEnbve72Wu0j2qizbxg_A-eoXH9mHdQyMiDcfo9K-cd-kGAsUfEnOtL3Lt8gkugmr_tHFEuj-Y.yo_egZs_47sXFKqko9gHs_NjBWdCcPa3iI8HagJVWWA&dib_tag=se&keywords=notebook+journal&qid=1787916121&sr=8-16
2026-08-28 17:26:45 | INFO | amazon_scrapper | [23:8] Saved D:\Amazon Scrapper\AmazonScrapper\data\products\keyword_23_product_008.html
2026-08-28 17:26:46 | INFO | amazon_scrapper | [23:10] HTTP 200 https://www.amazon.com/FOCUS-DAY-Journaling-Notebooks-Hardcover/dp/B0D1KDFG6J/ref=sr_1_18?dib=eyJ2IjoiMSJ9._bLJ4XHDpjJdpy0_yXz67sweFdpAEZNjVgoKhxYSx9S-wtuQ4i-SYcKKUnFF3MSJ6NRUP30IIyES-tmn8m0HE80TEYXUU901G2i2Mxwts5IqgT95XAqnl6VezrMIU9POFEHGhn7nsyc228HMC62vkiiVBVvU8cufRgDeisBcinslgBAvxMh5F8b8GQKx-o8Hh7yOPnf4kkG2n5umLD0i35UT08u9HKemwXEnbve72Wu0j2qizbxg_A-eoXH9mHdQyMiDcfo9K-cd-kGAsUfEnOtL3Lt8gkugmr_tHFEuj-Y.yo_egZs_47sXFKqko9gHs_NjBWdCcPa3iI8HagJVWWA&dib_tag=se&keywords=notebook+journal&qid=1787916121&sr=8-18
2026-08-28 17:26:46 | INFO | amazon_scrapper | [23:10] Saved D:\Amazon Scrapper\AmazonScrapper\data\products\keyword_23_product_010.html
2026-08-28 17:26:46 | INFO | amazon_scrapper | [23:11] HTTP 200 https://www.amazon.com/Moleskine-Classic-Cover-Notebook-Ruled/dp/8883707168/ref=sr_1_23?dib=eyJ2IjoiMSJ9._bLJ4XHDpjJdpy0_yXz67sweFdpAEZNjVgoKhxYSx9S-wtuQ4i-SYcKKUnFF3MSJ6NRUP30IIyES-tmn8m0HE80TEYXUU901G2i2Mxwts5IqgT95XAqnl6VezrMIU9POFEHGhn7nsyc228HMC62vkiiVBVvU8cufRgDeisBcinslgBAvxMh5F8b8GQKx-o8Hh7yOPnf4kkG2n5umLD0i35UT08u9HKemwXEnbve72Wu0j2qizbxg_A-eoXH9mHdQyMiDcfo9K-cd-kGAsUfEnOtL3Lt8gkugmr_tHFEuj-Y.yo_egZs_47sXFKqko9gHs_NjBWdCcPa3iI8HagJVWWA&dib_tag=se&keywords=notebook+journal&qid=1787916121&sr=8-23
2026-08-28 17:26:46 | INFO | amazon_scrapper | [23:11] Saved D:\Amazon Scrapper\AmazonScrapper\data\products\keyword_23_product_011.html
2026-08-28 17:26:47 | INFO | amazon_scrapper | [23:12] HTTP 200 https://www.amazon.com/PAPERAGE-Journal-Notebook-Medium-inches/dp/B0CG28KM9Y/ref=sr_1_24?dib=eyJ2IjoiMSJ9._bLJ4XHDpjJdpy0_yXz67sweFdpAEZNjVgoKhxYSx9S-wtuQ4i-SYcKKUnFF3MSJ6NRUP30IIyES-tmn8m0HE80TEYXUU901G2i2Mxwts5IqgT95XAqnl6VezrMIU9POFEHGhn7nsyc228HMC62vkiiVBVvU8cufRgDeisBcinslgBAvxMh5F8b8GQKx-o8Hh7yOPnf4kkG2n5umLD0i35UT08u9HKemwXEnbve72Wu0j2qizbxg_A-eoXH9mHdQyMiDcfo9K-cd-kGAsUfEnOtL3Lt8gkugmr_tHFEuj-Y.yo_egZs_47sXFKqko9gHs_NjBWdCcPa3iI8HagJVWWA&dib_tag=se&keywords=notebook+journal&qid=1787916121&sr=8-24
2026-08-28 17:26:47 | INFO | amazon_scrapper | [23:12] Saved D:\Amazon Scrapper\AmazonScrapper\data\products\keyword_23_product_012.html
2026-08-28 17:26:47 | INFO | amazon_scrapper | [23:14] HTTP 200 https://www.amazon.com/TOPS-1-Subject-Notebooks-Assortment-65007/dp/B00D3OR58A/ref=sr_1_26?dib=eyJ2IjoiMSJ9._bLJ4XHDpjJdpy0_yXz67sweFdpAEZNjVgoKhxYSx9S-wtuQ4i-SYcKKUnFF3MSJ6NRUP30IIyES-tmn8m0HE80TEYXUU901G2i2Mxwts5IqgT95XAqnl6VezrMIU9POFEHGhn7nsyc228HMC62vkiiVBVvU8cufRgDeisBcinslgBAvxMh5F8b8GQKx-o8Hh7yOPnf4kkG2n5umLD0i35UT08u9HKemwXEnbve72Wu0j2qizbxg_A-eoXH9mHdQyMiDcfo9K-cd-kGAsUfEnOtL3Lt8gkugmr_tHFEuj-Y.yo_egZs_47sXFKqko9gHs_NjBWdCcPa3iI8HagJVWWA&dib_tag=se&keywords=notebook+journal&qid=1787916121&sr=8-26
2026-08-28 17:26:47 | INFO | amazon_scrapper | [23:14] Saved D:\Amazon Scrapper\AmazonScrapper\data\products\keyword_23_product_014.html
2026-08-28 17:26:47 | INFO | amazon_scrapper | [23:13] HTTP 200 https://www.amazon.com/Paperage-Journal-Notebook-Medium-inches/dp/B08FC2VFLF/ref=sr_1_25?dib=eyJ2IjoiMSJ9._bLJ4XHDpjJdpy0_yXz67sweFdpAEZNjVgoKhxYSx9S-wtuQ4i-SYcKKUnFF3MSJ6NRUP30IIyES-tmn8m0HE80TEYXUU901G2i2Mxwts5IqgT95XAqnl6VezrMIU9POFEHGhn7nsyc228HMC62vkiiVBVvU8cufRgDeisBcinslgBAvxMh5F8b8GQKx-o8Hh7yOPnf4kkG2n5umLD0i35UT08u9HKemwXEnbve72Wu0j2qizbxg_A-eoXH9mHdQyMiDcfo9K-cd-kGAsUfEnOtL3Lt8gkugmr_tHFEuj-Y.yo_egZs_47sXFKqko9gHs_NjBWdCcPa3iI8HagJVWWA&dib_tag=se&keywords=notebook+journal&qid=1787916121&sr=8-25
2026-08-28 17:26:47 | INFO | amazon_scrapper | [23:13] Saved D:\Amazon Scrapper\AmazonScrapper\data\products\keyword_23_product_013.html
2026-08-28 17:26:48 | INFO | amazon_scrapper | [23:15] HTTP 200 https://www.amazon.com/Mead-Notebooks-Subject-Assorted-73065/dp/B00P9U2EM8/ref=sr_1_27?dib=eyJ2IjoiMSJ9._bLJ4XHDpjJdpy0_yXz67sweFdpAEZNjVgoKhxYSx9S-wtuQ4i-SYcKKUnFF3MSJ6NRUP30IIyES-tmn8m0HE80TEYXUU901G2i2Mxwts5IqgT95XAqnl6VezrMIU9POFEHGhn7nsyc228HMC62vkiiVBVvU8cufRgDeisBcinslgBAvxMh5F8b8GQKx-o8Hh7yOPnf4kkG2n5umLD0i35UT08u9HKemwXEnbve72Wu0j2qizbxg_A-eoXH9mHdQyMiDcfo9K-cd-kGAsUfEnOtL3Lt8gkugmr_tHFEuj-Y.yo_egZs_47sXFKqko9gHs_NjBWdCcPa3iI8HagJVWWA&dib_tag=se&keywords=notebook+journal&qid=1787916121&sr=8-27
2026-08-28 17:26:48 | INFO | amazon_scrapper | [23:15] Saved D:\Amazon Scrapper\AmazonScrapper\data\products\keyword_23_product_015.html
2026-08-28 17:26:48 | INFO | amazon_scrapper | [23:16] HTTP 200 https://www.amazon.com/Mead-Composition-Notebooks-Sheets-38301/dp/B071NRXVBP/ref=sr_1_28?dib=eyJ2IjoiMSJ9._bLJ4XHDpjJdpy0_yXz67sweFdpAEZNjVgoKhxYSx9S-wtuQ4i-SYcKKUnFF3MSJ6NRUP30IIyES-tmn8m0HE80TEYXUU901G2i2Mxwts5IqgT95XAqnl6VezrMIU9POFEHGhn7nsyc228HMC62vkiiVBVvU8cufRgDeisBcinslgBAvxMh5F8b8GQKx-o8Hh7yOPnf4kkG2n5umLD0i35UT08u9HKemwXEnbve72Wu0j2qizbxg_A-eoXH9mHdQyMiDcfo9K-cd-kGAsUfEnOtL3Lt8gkugmr_tHFEuj-Y.yo_egZs_47sXFKqko9gHs_NjBWdCcPa3iI8HagJVWWA&dib_tag=se&keywords=notebook+journal&qid=1787916121&sr=8-28
2026-08-28 17:26:48 | INFO | amazon_scrapper | [23:16] Saved D:\Amazon Scrapper\AmazonScrapper\data\products\keyword_23_product_016.html
2026-08-28 17:26:49 | INFO | amazon_scrapper | [23:17] HTTP 200 https://www.amazon.com/RILIHO-Leather-Journal-Notebook-Handmade/dp/B0BTV6X42F/ref=sr_1_29?dib=eyJ2IjoiMSJ9._bLJ4XHDpjJdpy0_yXz67sweFdpAEZNjVgoKhxYSx9S-wtuQ4i-SYcKKUnFF3MSJ6NRUP30IIyES-tmn8m0HE80TEYXUU901G2i2Mxwts5IqgT95XAqnl6VezrMIU9POFEHGhn7nsyc228HMC62vkiiVBVvU8cufRgDeisBcinslgBAvxMh5F8b8GQKx-o8Hh7yOPnf4kkG2n5umLD0i35UT08u9HKemwXEnbve72Wu0j2qizbxg_A-eoXH9mHdQyMiDcfo9K-cd-kGAsUfEnOtL3Lt8gkugmr_tHFEuj-Y.yo_egZs_47sXFKqko9gHs_NjBWdCcPa3iI8HagJVWWA&dib_tag=se&keywords=notebook+journal&qid=1787916121&sr=8-29
2026-08-28 17:26:49 | INFO | amazon_scrapper | [23:17] Saved D:\Amazon Scrapper\AmazonScrapper\data\products\keyword_23_product_017.html
2026-08-28 17:26:49 | INFO | amazon_scrapper | [23:18] HTTP 200 https://www.amazon.com/Hardcover-Notebook-Journal-Writing-Organization/dp/B0C8JZ57R1/ref=sr_1_30?dib=eyJ2IjoiMSJ9._bLJ4XHDpjJdpy0_yXz67sweFdpAEZNjVgoKhxYSx9S-wtuQ4i-SYcKKUnFF3MSJ6NRUP30IIyES-tmn8m0HE80TEYXUU901G2i2Mxwts5IqgT95XAqnl6VezrMIU9POFEHGhn7nsyc228HMC62vkiiVBVvU8cufRgDeisBcinslgBAvxMh5F8b8GQKx-o8Hh7yOPnf4kkG2n5umLD0i35UT08u9HKemwXEnbve72Wu0j2qizbxg_A-eoXH9mHdQyMiDcfo9K-cd-kGAsUfEnOtL3Lt8gkugmr_tHFEuj-Y.yo_egZs_47sXFKqko9gHs_NjBWdCcPa3iI8HagJVWWA&dib_tag=se&keywords=notebook+journal&qid=1787916121&sr=8-30
2026-08-28 17:26:49 | INFO | amazon_scrapper | [23:18] Saved D:\Amazon Scrapper\AmazonScrapper\data\products\keyword_23_product_018.html
2026-08-28 17:26:49 | INFO | amazon_scrapper | [23:19] HTTP 200 https://www.amazon.com/CAGIE-Notebook-Hardcover-Journals-5-7x8-3In/dp/B0BZ3F5DCM/ref=sr_1_31?dib=eyJ2IjoiMSJ9._bLJ4XHDpjJdpy0_yXz67sweFdpAEZNjVgoKhxYSx9S-wtuQ4i-SYcKKUnFF3MSJ6NRUP30IIyES-tmn8m0HE80TEYXUU901G2i2Mxwts5IqgT95XAqnl6VezrMIU9POFEHGhn7nsyc228HMC62vkiiVBVvU8cufRgDeisBcinslgBAvxMh5F8b8GQKx-o8Hh7yOPnf4kkG2n5umLD0i35UT08u9HKemwXEnbve72Wu0j2qizbxg_A-eoXH9mHdQyMiDcfo9K-cd-kGAsUfEnOtL3Lt8gkugmr_tHFEuj-Y.yo_egZs_47sXFKqko9gHs_NjBWdCcPa3iI8HagJVWWA&dib_tag=se&keywords=notebook+journal&qid=1787916121&sr=8-31
2026-08-28 17:26:49 | INFO | amazon_scrapper | [23:19] Saved D:\Amazon Scrapper\AmazonScrapper\data\products\keyword_23_product_019.html
2026-08-28 17:26:50 | INFO | amazon_scrapper | [23:20] HTTP 200 https://www.amazon.com/Journal-Notebook-Journals-Writing-Hardcover/dp/B0BXX1TJC8/ref=sr_1_32?dib=eyJ2IjoiMSJ9._bLJ4XHDpjJdpy0_yXz67sweFdpAEZNjVgoKhxYSx9S-wtuQ4i-SYcKKUnFF3MSJ6NRUP30IIyES-tmn8m0HE80TEYXUU901G2i2Mxwts5IqgT95XAqnl6VezrMIU9POFEHGhn7nsyc228HMC62vkiiVBVvU8cufRgDeisBcinslgBAvxMh5F8b8GQKx-o8Hh7yOPnf4kkG2n5umLD0i35UT08u9HKemwXEnbve72Wu0j2qizbxg_A-eoXH9mHdQyMiDcfo9K-cd-kGAsUfEnOtL3Lt8gkugmr_tHFEuj-Y.yo_egZs_47sXFKqko9gHs_NjBWdCcPa3iI8HagJVWWA&dib_tag=se&keywords=notebook+journal&qid=1787916121&sr=8-32
2026-08-28 17:26:50 | INFO | amazon_scrapper | [23:20] Saved D:\Amazon Scrapper\AmazonScrapper\data\products\keyword_23_product_020.html
2026-08-28 17:26:50 | INFO | amazon_scrapper | [23:21] HTTP 200 https://www.amazon.com/Hardcover-Notebook-Removable-Dividers-Notebooks/dp/B0D45F9W3D/ref=sr_1_33?dib=eyJ2IjoiMSJ9._bLJ4XHDpjJdpy0_yXz67sweFdpAEZNjVgoKhxYSx9S-wtuQ4i-SYcKKUnFF3MSJ6NRUP30IIyES-tmn8m0HE80TEYXUU901G2i2Mxwts5IqgT95XAqnl6VezrMIU9POFEHGhn7nsyc228HMC62vkiiVBVvU8cufRgDeisBcinslgBAvxMh5F8b8GQKx-o8Hh7yOPnf4kkG2n5umLD0i35UT08u9HKemwXEnbve72Wu0j2qizbxg_A-eoXH9mHdQyMiDcfo9K-cd-kGAsUfEnOtL3Lt8gkugmr_tHFEuj-Y.yo_egZs_47sXFKqko9gHs_NjBWdCcPa3iI8HagJVWWA&dib_tag=se&keywords=notebook+journal&qid=1787916121&sr=8-33
2026-08-28 17:26:50 | INFO | amazon_scrapper | [23:21] Saved D:\Amazon Scrapper\AmazonScrapper\data\products\keyword_23_product_021.html
2026-08-28 17:26:51 | INFO | amazon_scrapper | [23:22] HTTP 200 https://www.amazon.com/Five-Star-Notebook-Subject-73623/dp/B07DPLQMF9/ref=sr_1_34?dib=eyJ2IjoiMSJ9._bLJ4XHDpjJdpy0_yXz67sweFdpAEZNjVgoKhxYSx9S-wtuQ4i-SYcKKUnFF3MSJ6NRUP30IIyES-tmn8m0HE80TEYXUU901G2i2Mxwts5IqgT95XAqnl6VezrMIU9POFEHGhn7nsyc228HMC62vkiiVBVvU8cufRgDeisBcinslgBAvxMh5F8b8GQKx-o8Hh7yOPnf4kkG2n5umLD0i35UT08u9HKemwXEnbve72Wu0j2qizbxg_A-eoXH9mHdQyMiDcfo9K-cd-kGAsUfEnOtL3Lt8gkugmr_tHFEuj-Y.yo_egZs_47sXFKqko9gHs_NjBWdCcPa3iI8HagJVWWA&dib_tag=se&keywords=notebook+journal&qid=1787916121&sr=8-34
2026-08-28 17:26:51 | INFO | amazon_scrapper | [23:22] Saved D:\Amazon Scrapper\AmazonScrapper\data\products\keyword_23_product_022.html
2026-08-28 17:26:51 | INFO | amazon_scrapper | [23:23] HTTP 200 https://www.amazon.com/Taja-Journal-Aesthetic-Hardcover-Notebook/dp/B0F9NXFRR6/ref=sr_1_35?dib=eyJ2IjoiMSJ9._bLJ4XHDpjJdpy0_yXz67sweFdpAEZNjVgoKhxYSx9S-wtuQ4i-SYcKKUnFF3MSJ6NRUP30IIyES-tmn8m0HE80TEYXUU901G2i2Mxwts5IqgT95XAqnl6VezrMIU9POFEHGhn7nsyc228HMC62vkiiVBVvU8cufRgDeisBcinslgBAvxMh5F8b8GQKx-o8Hh7yOPnf4kkG2n5umLD0i35UT08u9HKemwXEnbve72Wu0j2qizbxg_A-eoXH9mHdQyMiDcfo9K-cd-kGAsUfEnOtL3Lt8gkugmr_tHFEuj-Y.yo_egZs_47sXFKqko9gHs_NjBWdCcPa3iI8HagJVWWA&dib_tag=se&keywords=notebook+journal&qid=1787916121&sr=8-35
2026-08-28 17:26:51 | INFO | amazon_scrapper | [23:23] Saved D:\Amazon Scrapper\AmazonScrapper\data\products\keyword_23_product_023.html
2026-08-28 17:26:51 | INFO | amazon_scrapper | [23:24] HTTP 200 https://www.amazon.com/Journal-Notebook-Hardcover-Journals-Notebooks/dp/B0CX1RDX77/ref=sr_1_36?dib=eyJ2IjoiMSJ9._bLJ4XHDpjJdpy0_yXz67sweFdpAEZNjVgoKhxYSx9S-wtuQ4i-SYcKKUnFF3MSJ6NRUP30IIyES-tmn8m0HE80TEYXUU901G2i2Mxwts5IqgT95XAqnl6VezrMIU9POFEHGhn7nsyc228HMC62vkiiVBVvU8cufRgDeisBcinslgBAvxMh5F8b8GQKx-o8Hh7yOPnf4kkG2n5umLD0i35UT08u9HKemwXEnbve72Wu0j2qizbxg_A-eoXH9mHdQyMiDcfo9K-cd-kGAsUfEnOtL3Lt8gkugmr_tHFEuj-Y.yo_egZs_47sXFKqko9gHs_NjBWdCcPa3iI8HagJVWWA&dib_tag=se&keywords=notebook+journal&qid=1787916121&sr=8-36
2026-08-28 17:26:52 | INFO | amazon_scrapper | [23:24] Saved D:\Amazon Scrapper\AmazonScrapper\data\products\keyword_23_product_024.html
2026-08-28 17:26:52 | INFO | amazon_scrapper | [23:26] HTTP 200 https://www.amazon.com/LABUK-Notebooks-Journals-Notebook-Traveler/dp/B0DHRYBNDG/ref=sr_1_38?dib=eyJ2IjoiMSJ9._bLJ4XHDpjJdpy0_yXz67sweFdpAEZNjVgoKhxYSx9S-wtuQ4i-SYcKKUnFF3MSJ6NRUP30IIyES-tmn8m0HE80TEYXUU901G2i2Mxwts5IqgT95XAqnl6VezrMIU9POFEHGhn7nsyc228HMC62vkiiVBVvU8cufRgDeisBcinslgBAvxMh5F8b8GQKx-o8Hh7yOPnf4kkG2n5umLD0i35UT08u9HKemwXEnbve72Wu0j2qizbxg_A-eoXH9mHdQyMiDcfo9K-cd-kGAsUfEnOtL3Lt8gkugmr_tHFEuj-Y.yo_egZs_47sXFKqko9gHs_NjBWdCcPa3iI8HagJVWWA&dib_tag=se&keywords=notebook+journal&qid=1787916121&sr=8-38
2026-08-28 17:26:52 | INFO | amazon_scrapper | [23:26] Saved D:\Amazon Scrapper\AmazonScrapper\data\products\keyword_23_product_026.html
2026-08-28 17:26:53 | INFO | amazon_scrapper | [23:25] HTTP 200 https://www.amazon.com/Mead-Kindergarten-Composition-Notebook-Notebooks/dp/B07ZHNKGVC/ref=sr_1_37?dib=eyJ2IjoiMSJ9._bLJ4XHDpjJdpy0_yXz67sweFdpAEZNjVgoKhxYSx9S-wtuQ4i-SYcKKUnFF3MSJ6NRUP30IIyES-tmn8m0HE80TEYXUU901G2i2Mxwts5IqgT95XAqnl6VezrMIU9POFEHGhn7nsyc228HMC62vkiiVBVvU8cufRgDeisBcinslgBAvxMh5F8b8GQKx-o8Hh7yOPnf4kkG2n5umLD0i35UT08u9HKemwXEnbve72Wu0j2qizbxg_A-eoXH9mHdQyMiDcfo9K-cd-kGAsUfEnOtL3Lt8gkugmr_tHFEuj-Y.yo_egZs_47sXFKqko9gHs_NjBWdCcPa3iI8HagJVWWA&dib_tag=se&keywords=notebook+journal&qid=1787916121&sr=8-37
2026-08-28 17:26:53 | INFO | amazon_scrapper | [23:25] Saved D:\Amazon Scrapper\AmazonScrapper\data\products\keyword_23_product_025.html
2026-08-28 17:26:53 | INFO | amazon_scrapper | [23:27] HTTP 200 https://www.amazon.com/Mead-Composition-Notebooks-Assorted-950054-ECM/dp/B0CN3SKN8M/ref=sr_1_39?dib=eyJ2IjoiMSJ9._bLJ4XHDpjJdpy0_yXz67sweFdpAEZNjVgoKhxYSx9S-wtuQ4i-SYcKKUnFF3MSJ6NRUP30IIyES-tmn8m0HE80TEYXUU901G2i2Mxwts5IqgT95XAqnl6VezrMIU9POFEHGhn7nsyc228HMC62vkiiVBVvU8cufRgDeisBcinslgBAvxMh5F8b8GQKx-o8Hh7yOPnf4kkG2n5umLD0i35UT08u9HKemwXEnbve72Wu0j2qizbxg_A-eoXH9mHdQyMiDcfo9K-cd-kGAsUfEnOtL3Lt8gkugmr_tHFEuj-Y.yo_egZs_47sXFKqko9gHs_NjBWdCcPa3iI8HagJVWWA&dib_tag=se&keywords=notebook+journal&qid=1787916121&sr=8-39
2026-08-28 17:26:53 | INFO | amazon_scrapper | [23:27] Saved D:\Amazon Scrapper\AmazonScrapper\data\products\keyword_23_product_027.html
2026-08-28 17:26:53 | INFO | amazon_scrapper | [23:28] HTTP 200 https://www.amazon.com/Mead-Composition-Notebooks-College-38111/dp/B071VJPRD4/ref=sr_1_40?dib=eyJ2IjoiMSJ9._bLJ4XHDpjJdpy0_yXz67sweFdpAEZNjVgoKhxYSx9S-wtuQ4i-SYcKKUnFF3MSJ6NRUP30IIyES-tmn8m0HE80TEYXUU901G2i2Mxwts5IqgT95XAqnl6VezrMIU9POFEHGhn7nsyc228HMC62vkiiVBVvU8cufRgDeisBcinslgBAvxMh5F8b8GQKx-o8Hh7yOPnf4kkG2n5umLD0i35UT08u9HKemwXEnbve72Wu0j2qizbxg_A-eoXH9mHdQyMiDcfo9K-cd-kGAsUfEnOtL3Lt8gkugmr_tHFEuj-Y.yo_egZs_47sXFKqko9gHs_NjBWdCcPa3iI8HagJVWWA&dib_tag=se&keywords=notebook+journal&qid=1787916121&sr=8-40
2026-08-28 17:26:53 | INFO | amazon_scrapper | [23:28] Saved D:\Amazon Scrapper\AmazonScrapper\data\products\keyword_23_product_028.html
2026-08-28 17:26:53 | INFO | amazon_scrapper | [23:29] HTTP 200 https://www.amazon.com/BGUP-Notebook-Hardcover-Journaling-Notebooks/dp/B0G5PLHR14/ref=sr_1_41?dib=eyJ2IjoiMSJ9._bLJ4XHDpjJdpy0_yXz67sweFdpAEZNjVgoKhxYSx9S-wtuQ4i-SYcKKUnFF3MSJ6NRUP30IIyES-tmn8m0HE80TEYXUU901G2i2Mxwts5IqgT95XAqnl6VezrMIU9POFEHGhn7nsyc228HMC62vkiiVBVvU8cufRgDeisBcinslgBAvxMh5F8b8GQKx-o8Hh7yOPnf4kkG2n5umLD0i35UT08u9HKemwXEnbve72Wu0j2qizbxg_A-eoXH9mHdQyMiDcfo9K-cd-kGAsUfEnOtL3Lt8gkugmr_tHFEuj-Y.yo_egZs_47sXFKqko9gHs_NjBWdCcPa3iI8HagJVWWA&dib_tag=se&keywords=notebook+journal&qid=1787916121&sr=8-41
2026-08-28 17:26:53 | INFO | amazon_scrapper | [23:29] Saved D:\Amazon Scrapper\AmazonScrapper\data\products\keyword_23_product_029.html
2026-08-28 17:26:54 | INFO | amazon_scrapper | [23:30] HTTP 200 https://www.amazon.com/Leather-Vintage-Notebook-Softcover-Business/dp/B0C23S36QF/ref=sr_1_42?dib=eyJ2IjoiMSJ9._bLJ4XHDpjJdpy0_yXz67sweFdpAEZNjVgoKhxYSx9S-wtuQ4i-SYcKKUnFF3MSJ6NRUP30IIyES-tmn8m0HE80TEYXUU901G2i2Mxwts5IqgT95XAqnl6VezrMIU9POFEHGhn7nsyc228HMC62vkiiVBVvU8cufRgDeisBcinslgBAvxMh5F8b8GQKx-o8Hh7yOPnf4kkG2n5umLD0i35UT08u9HKemwXEnbve72Wu0j2qizbxg_A-eoXH9mHdQyMiDcfo9K-cd-kGAsUfEnOtL3Lt8gkugmr_tHFEuj-Y.yo_egZs_47sXFKqko9gHs_NjBWdCcPa3iI8HagJVWWA&dib_tag=se&keywords=notebook+journal&qid=1787916121&sr=8-42
2026-08-28 17:26:55 | INFO | amazon_scrapper | [23:30] Saved D:\Amazon Scrapper\AmazonScrapper\data\products\keyword_23_product_030.html
2026-08-28 17:26:55 | INFO | amazon_scrapper | [23:31] HTTP 200 https://www.amazon.com/SUIN-Hardcover-Journal-Notebooks-Journals-Notebook-Notebooks/dp/B0BVG2WPX6/ref=sr_1_43?dib=eyJ2IjoiMSJ9._bLJ4XHDpjJdpy0_yXz67sweFdpAEZNjVgoKhxYSx9S-wtuQ4i-SYcKKUnFF3MSJ6NRUP30IIyES-tmn8m0HE80TEYXUU901G2i2Mxwts5IqgT95XAqnl6VezrMIU9POFEHGhn7nsyc228HMC62vkiiVBVvU8cufRgDeisBcinslgBAvxMh5F8b8GQKx-o8Hh7yOPnf4kkG2n5umLD0i35UT08u9HKemwXEnbve72Wu0j2qizbxg_A-eoXH9mHdQyMiDcfo9K-cd-kGAsUfEnOtL3Lt8gkugmr_tHFEuj-Y.yo_egZs_47sXFKqko9gHs_NjBWdCcPa3iI8HagJVWWA&dib_tag=se&keywords=notebook+journal&qid=1787916121&sr=8-43
2026-08-28 17:26:55 | INFO | amazon_scrapper | [23:31] Saved D:\Amazon Scrapper\AmazonScrapper\data\products\keyword_23_product_031.html
2026-08-28 17:26:55 | INFO | amazon_scrapper | [23:32] HTTP 200 https://www.amazon.com/Journal-Notebook-College-Hardcover-Writing/dp/B0F44147Z9/ref=sr_1_44?dib=eyJ2IjoiMSJ9._bLJ4XHDpjJdpy0_yXz67sweFdpAEZNjVgoKhxYSx9S-wtuQ4i-SYcKKUnFF3MSJ6NRUP30IIyES-tmn8m0HE80TEYXUU901G2i2Mxwts5IqgT95XAqnl6VezrMIU9POFEHGhn7nsyc228HMC62vkiiVBVvU8cufRgDeisBcinslgBAvxMh5F8b8GQKx-o8Hh7yOPnf4kkG2n5umLD0i35UT08u9HKemwXEnbve72Wu0j2qizbxg_A-eoXH9mHdQyMiDcfo9K-cd-kGAsUfEnOtL3Lt8gkugmr_tHFEuj-Y.yo_egZs_47sXFKqko9gHs_NjBWdCcPa3iI8HagJVWWA&dib_tag=se&keywords=notebook+journal&qid=1787916121&sr=8-44
2026-08-28 17:26:55 | INFO | amazon_scrapper | [23:32] Saved D:\Amazon Scrapper\AmazonScrapper\data\products\keyword_23_product_032.html
2026-08-28 17:26:55 | INFO | amazon_scrapper | [23:33] HTTP 200 https://www.amazon.com/Rosmonde-Composition-Notebook-School-Work/dp/B08KCVRL2V/ref=sr_1_45?dib=eyJ2IjoiMSJ9._bLJ4XHDpjJdpy0_yXz67sweFdpAEZNjVgoKhxYSx9S-wtuQ4i-SYcKKUnFF3MSJ6NRUP30IIyES-tmn8m0HE80TEYXUU901G2i2Mxwts5IqgT95XAqnl6VezrMIU9POFEHGhn7nsyc228HMC62vkiiVBVvU8cufRgDeisBcinslgBAvxMh5F8b8GQKx-o8Hh7yOPnf4kkG2n5umLD0i35UT08u9HKemwXEnbve72Wu0j2qizbxg_A-eoXH9mHdQyMiDcfo9K-cd-kGAsUfEnOtL3Lt8gkugmr_tHFEuj-Y.yo_egZs_47sXFKqko9gHs_NjBWdCcPa3iI8HagJVWWA&dib_tag=se&keywords=notebook+journal&qid=1787916121&sr=8-45
2026-08-28 17:26:56 | INFO | amazon_scrapper | [23:33] Saved D:\Amazon Scrapper\AmazonScrapper\data\products\keyword_23_product_033.html
2026-08-28 17:26:56 | INFO | amazon_scrapper | [23:34] HTTP 200 https://www.amazon.com/Journal-Notebook-College-Hardcover-Journals/dp/B0CT4H26HR/ref=sr_1_46?dib=eyJ2IjoiMSJ9._bLJ4XHDpjJdpy0_yXz67sweFdpAEZNjVgoKhxYSx9S-wtuQ4i-SYcKKUnFF3MSJ6NRUP30IIyES-tmn8m0HE80TEYXUU901G2i2Mxwts5IqgT95XAqnl6VezrMIU9POFEHGhn7nsyc228HMC62vkiiVBVvU8cufRgDeisBcinslgBAvxMh5F8b8GQKx-o8Hh7yOPnf4kkG2n5umLD0i35UT08u9HKemwXEnbve72Wu0j2qizbxg_A-eoXH9mHdQyMiDcfo9K-cd-kGAsUfEnOtL3Lt8gkugmr_tHFEuj-Y.yo_egZs_47sXFKqko9gHs_NjBWdCcPa3iI8HagJVWWA&dib_tag=se&keywords=notebook+journal&qid=1787916121&sr=8-46
2026-08-28 17:26:56 | INFO | amazon_scrapper | [23:34] Saved D:\Amazon Scrapper\AmazonScrapper\data\products\keyword_23_product_034.html
2026-08-28 17:26:57 | INFO | amazon_scrapper | [23:35] HTTP 200 https://www.amazon.com/Journal-Notebook-Hardbound-Bookmark-Leatherette/dp/B07ZN5PKP7/ref=sr_1_47?dib=eyJ2IjoiMSJ9._bLJ4XHDpjJdpy0_yXz67sweFdpAEZNjVgoKhxYSx9S-wtuQ4i-SYcKKUnFF3MSJ6NRUP30IIyES-tmn8m0HE80TEYXUU901G2i2Mxwts5IqgT95XAqnl6VezrMIU9POFEHGhn7nsyc228HMC62vkiiVBVvU8cufRgDeisBcinslgBAvxMh5F8b8GQKx-o8Hh7yOPnf4kkG2n5umLD0i35UT08u9HKemwXEnbve72Wu0j2qizbxg_A-eoXH9mHdQyMiDcfo9K-cd-kGAsUfEnOtL3Lt8gkugmr_tHFEuj-Y.yo_egZs_47sXFKqko9gHs_NjBWdCcPa3iI8HagJVWWA&dib_tag=se&keywords=notebook+journal&qid=1787916121&sr=8-47
2026-08-28 17:26:57 | INFO | amazon_scrapper | [23:35] Saved D:\Amazon Scrapper\AmazonScrapper\data\products\keyword_23_product_035.html
2026-08-28 17:26:57 | INFO | amazon_scrapper | [23:36] HTTP 200 https://www.amazon.com/Mead-Composition-Notebook-Ruled-Sheets/dp/B00006IDM7/ref=sr_1_48?dib=eyJ2IjoiMSJ9._bLJ4XHDpjJdpy0_yXz67sweFdpAEZNjVgoKhxYSx9S-wtuQ4i-SYcKKUnFF3MSJ6NRUP30IIyES-tmn8m0HE80TEYXUU901G2i2Mxwts5IqgT95XAqnl6VezrMIU9POFEHGhn7nsyc228HMC62vkiiVBVvU8cufRgDeisBcinslgBAvxMh5F8b8GQKx-o8Hh7yOPnf4kkG2n5umLD0i35UT08u9HKemwXEnbve72Wu0j2qizbxg_A-eoXH9mHdQyMiDcfo9K-cd-kGAsUfEnOtL3Lt8gkugmr_tHFEuj-Y.yo_egZs_47sXFKqko9gHs_NjBWdCcPa3iI8HagJVWWA&dib_tag=se&keywords=notebook+journal&qid=1787916121&sr=8-48
2026-08-28 17:26:57 | INFO | amazon_scrapper | [23:36] Saved D:\Amazon Scrapper\AmazonScrapper\data\products\keyword_23_product_036.html
2026-08-28 17:26:57 | INFO | amazon_scrapper | [23:37] HTTP 200 https://www.amazon.com/LeStallion-Professional-Leather-Journal-Women/dp/B083QFCTTT/ref=sr_1_49?dib=eyJ2IjoiMSJ9._bLJ4XHDpjJdpy0_yXz67sweFdpAEZNjVgoKhxYSx9S-wtuQ4i-SYcKKUnFF3MSJ6NRUP30IIyES-tmn8m0HE80TEYXUU901G2i2Mxwts5IqgT95XAqnl6VezrMIU9POFEHGhn7nsyc228HMC62vkiiVBVvU8cufRgDeisBcinslgBAvxMh5F8b8GQKx-o8Hh7yOPnf4kkG2n5umLD0i35UT08u9HKemwXEnbve72Wu0j2qizbxg_A-eoXH9mHdQyMiDcfo9K-cd-kGAsUfEnOtL3Lt8gkugmr_tHFEuj-Y.yo_egZs_47sXFKqko9gHs_NjBWdCcPa3iI8HagJVWWA&dib_tag=se&keywords=notebook+journal&qid=1787916121&sr=8-49
2026-08-28 17:26:57 | INFO | amazon_scrapper | [23:37] Saved D:\Amazon Scrapper\AmazonScrapper\data\products\keyword_23_product_037.html
2026-08-28 17:26:58 | INFO | amazon_scrapper | [23:39] HTTP 200 https://www.amazon.com/Oxford-Notebook-Subject-College-63756/dp/B08VF9B772/ref=sr_1_51?dib=eyJ2IjoiMSJ9._bLJ4XHDpjJdpy0_yXz67sweFdpAEZNjVgoKhxYSx9S-wtuQ4i-SYcKKUnFF3MSJ6NRUP30IIyES-tmn8m0HE80TEYXUU901G2i2Mxwts5IqgT95XAqnl6VezrMIU9POFEHGhn7nsyc228HMC62vkiiVBVvU8cufRgDeisBcinslgBAvxMh5F8b8GQKx-o8Hh7yOPnf4kkG2n5umLD0i35UT08u9HKemwXEnbve72Wu0j2qizbxg_A-eoXH9mHdQyMiDcfo9K-cd-kGAsUfEnOtL3Lt8gkugmr_tHFEuj-Y.yo_egZs_47sXFKqko9gHs_NjBWdCcPa3iI8HagJVWWA&dib_tag=se&keywords=notebook+journal&qid=1787916121&sr=8-51
2026-08-28 17:26:58 | INFO | amazon_scrapper | [23:39] Saved D:\Amazon Scrapper\AmazonScrapper\data\products\keyword_23_product_039.html
2026-08-28 17:26:58 | INFO | amazon_scrapper | [23:38] HTTP 200 https://www.amazon.com/Composition-Notebooks-Hardcover-Leatherette-Journals/dp/B09W3Q33WN/ref=sr_1_50?dib=eyJ2IjoiMSJ9._bLJ4XHDpjJdpy0_yXz67sweFdpAEZNjVgoKhxYSx9S-wtuQ4i-SYcKKUnFF3MSJ6NRUP30IIyES-tmn8m0HE80TEYXUU901G2i2Mxwts5IqgT95XAqnl6VezrMIU9POFEHGhn7nsyc228HMC62vkiiVBVvU8cufRgDeisBcinslgBAvxMh5F8b8GQKx-o8Hh7yOPnf4kkG2n5umLD0i35UT08u9HKemwXEnbve72Wu0j2qizbxg_A-eoXH9mHdQyMiDcfo9K-cd-kGAsUfEnOtL3Lt8gkugmr_tHFEuj-Y.yo_egZs_47sXFKqko9gHs_NjBWdCcPa3iI8HagJVWWA&dib_tag=se&keywords=notebook+journal&qid=1787916121&sr=8-50
2026-08-28 17:26:58 | INFO | amazon_scrapper | [23:38] Saved D:\Amazon Scrapper\AmazonScrapper\data\products\keyword_23_product_038.html
2026-08-28 17:26:59 | INFO | amazon_scrapper | [23:41] HTTP 200 https://www.amazon.com/feela-Notebooks-Students-Notebook-Supplies/dp/B0C1Z48WKW/ref=sr_1_53?dib=eyJ2IjoiMSJ9._bLJ4XHDpjJdpy0_yXz67sweFdpAEZNjVgoKhxYSx9S-wtuQ4i-SYcKKUnFF3MSJ6NRUP30IIyES-tmn8m0HE80TEYXUU901G2i2Mxwts5IqgT95XAqnl6VezrMIU9POFEHGhn7nsyc228HMC62vkiiVBVvU8cufRgDeisBcinslgBAvxMh5F8b8GQKx-o8Hh7yOPnf4kkG2n5umLD0i35UT08u9HKemwXEnbve72Wu0j2qizbxg_A-eoXH9mHdQyMiDcfo9K-cd-kGAsUfEnOtL3Lt8gkugmr_tHFEuj-Y.yo_egZs_47sXFKqko9gHs_NjBWdCcPa3iI8HagJVWWA&dib_tag=se&keywords=notebook+journal&qid=1787916121&sr=8-53
2026-08-28 17:26:59 | INFO | amazon_scrapper | [23:41] Saved D:\Amazon Scrapper\AmazonScrapper\data\products\keyword_23_product_041.html
2026-08-28 17:26:59 | INFO | amazon_scrapper | [23:40] HTTP 200 https://www.amazon.com/Oucaru-Notebook-Journals-Notebooks-Business/dp/B0D842FXFX/ref=sr_1_52?dib=eyJ2IjoiMSJ9._bLJ4XHDpjJdpy0_yXz67sweFdpAEZNjVgoKhxYSx9S-wtuQ4i-SYcKKUnFF3MSJ6NRUP30IIyES-tmn8m0HE80TEYXUU901G2i2Mxwts5IqgT95XAqnl6VezrMIU9POFEHGhn7nsyc228HMC62vkiiVBVvU8cufRgDeisBcinslgBAvxMh5F8b8GQKx-o8Hh7yOPnf4kkG2n5umLD0i35UT08u9HKemwXEnbve72Wu0j2qizbxg_A-eoXH9mHdQyMiDcfo9K-cd-kGAsUfEnOtL3Lt8gkugmr_tHFEuj-Y.yo_egZs_47sXFKqko9gHs_NjBWdCcPa3iI8HagJVWWA&dib_tag=se&keywords=notebook+journal&qid=1787916121&sr=8-52
2026-08-28 17:26:59 | INFO | amazon_scrapper | [23:40] Saved D:\Amazon Scrapper\AmazonScrapper\data\products\keyword_23_product_040.html
2026-08-28 17:26:59 | INFO | amazon_scrapper | [23:42] HTTP 200 https://www.amazon.com/VANRTTO-Hardcover-Notebook-Notebooks-Journals/dp/B0F9WDY38C/ref=sr_1_54?dib=eyJ2IjoiMSJ9._bLJ4XHDpjJdpy0_yXz67sweFdpAEZNjVgoKhxYSx9S-wtuQ4i-SYcKKUnFF3MSJ6NRUP30IIyES-tmn8m0HE80TEYXUU901G2i2Mxwts5IqgT95XAqnl6VezrMIU9POFEHGhn7nsyc228HMC62vkiiVBVvU8cufRgDeisBcinslgBAvxMh5F8b8GQKx-o8Hh7yOPnf4kkG2n5umLD0i35UT08u9HKemwXEnbve72Wu0j2qizbxg_A-eoXH9mHdQyMiDcfo9K-cd-kGAsUfEnOtL3Lt8gkugmr_tHFEuj-Y.yo_egZs_47sXFKqko9gHs_NjBWdCcPa3iI8HagJVWWA&dib_tag=se&keywords=notebook+journal&qid=1787916121&sr=8-54
2026-08-28 17:26:59 | INFO | amazon_scrapper | [23:42] Saved D:\Amazon Scrapper\AmazonScrapper\data\products\keyword_23_product_042.html
2026-08-28 17:27:00 | INFO | amazon_scrapper | [23:44] HTTP 200 https://www.amazon.com/RETTACY-Ruled-Journal-Notebook-Hardcover/dp/B08YNMTT2D/ref=sr_1_56?dib=eyJ2IjoiMSJ9._bLJ4XHDpjJdpy0_yXz67sweFdpAEZNjVgoKhxYSx9S-wtuQ4i-SYcKKUnFF3MSJ6NRUP30IIyES-tmn8m0HE80TEYXUU901G2i2Mxwts5IqgT95XAqnl6VezrMIU9POFEHGhn7nsyc228HMC62vkiiVBVvU8cufRgDeisBcinslgBAvxMh5F8b8GQKx-o8Hh7yOPnf4kkG2n5umLD0i35UT08u9HKemwXEnbve72Wu0j2qizbxg_A-eoXH9mHdQyMiDcfo9K-cd-kGAsUfEnOtL3Lt8gkugmr_tHFEuj-Y.yo_egZs_47sXFKqko9gHs_NjBWdCcPa3iI8HagJVWWA&dib_tag=se&keywords=notebook+journal&qid=1787916121&sr=8-56
2026-08-28 17:27:00 | INFO | amazon_scrapper | [23:44] Saved D:\Amazon Scrapper\AmazonScrapper\data\products\keyword_23_product_044.html
2026-08-28 17:27:00 | INFO | amazon_scrapper | [23:43] HTTP 200 https://www.amazon.com/Five-Star-Notebook-Tidewater-840029CG1-ECM/dp/B0CWS44STK/ref=sr_1_55?dib=eyJ2IjoiMSJ9._bLJ4XHDpjJdpy0_yXz67sweFdpAEZNjVgoKhxYSx9S-wtuQ4i-SYcKKUnFF3MSJ6NRUP30IIyES-tmn8m0HE80TEYXUU901G2i2Mxwts5IqgT95XAqnl6VezrMIU9POFEHGhn7nsyc228HMC62vkiiVBVvU8cufRgDeisBcinslgBAvxMh5F8b8GQKx-o8Hh7yOPnf4kkG2n5umLD0i35UT08u9HKemwXEnbve72Wu0j2qizbxg_A-eoXH9mHdQyMiDcfo9K-cd-kGAsUfEnOtL3Lt8gkugmr_tHFEuj-Y.yo_egZs_47sXFKqko9gHs_NjBWdCcPa3iI8HagJVWWA&dib_tag=se&keywords=notebook+journal&qid=1787916121&sr=8-55
2026-08-28 17:27:00 | INFO | amazon_scrapper | [23:43] Saved D:\Amazon Scrapper\AmazonScrapper\data\products\keyword_23_product_043.html
2026-08-28 17:27:01 | INFO | amazon_scrapper | [23:45] HTTP 200 https://www.amazon.com/Hardcover-Notebook-Removable-Dividers-Notebooks/dp/B0D44Y2NSF/ref=sr_1_57?dib=eyJ2IjoiMSJ9._bLJ4XHDpjJdpy0_yXz67sweFdpAEZNjVgoKhxYSx9S-wtuQ4i-SYcKKUnFF3MSJ6NRUP30IIyES-tmn8m0HE80TEYXUU901G2i2Mxwts5IqgT95XAqnl6VezrMIU9POFEHGhn7nsyc228HMC62vkiiVBVvU8cufRgDeisBcinslgBAvxMh5F8b8GQKx-o8Hh7yOPnf4kkG2n5umLD0i35UT08u9HKemwXEnbve72Wu0j2qizbxg_A-eoXH9mHdQyMiDcfo9K-cd-kGAsUfEnOtL3Lt8gkugmr_tHFEuj-Y.yo_egZs_47sXFKqko9gHs_NjBWdCcPa3iI8HagJVWWA&dib_tag=se&keywords=notebook+journal&qid=1787916121&sr=8-57
2026-08-28 17:27:01 | INFO | amazon_scrapper | [23:45] Saved D:\Amazon Scrapper\AmazonScrapper\data\products\keyword_23_product_045.html
2026-08-28 17:27:01 | INFO | amazon_scrapper | [23:46] HTTP 200 https://www.amazon.com/Mead-Composition-Notebook-Primary-09902/dp/B001F38YWM/ref=sr_1_58?dib=eyJ2IjoiMSJ9._bLJ4XHDpjJdpy0_yXz67sweFdpAEZNjVgoKhxYSx9S-wtuQ4i-SYcKKUnFF3MSJ6NRUP30IIyES-tmn8m0HE80TEYXUU901G2i2Mxwts5IqgT95XAqnl6VezrMIU9POFEHGhn7nsyc228HMC62vkiiVBVvU8cufRgDeisBcinslgBAvxMh5F8b8GQKx-o8Hh7yOPnf4kkG2n5umLD0i35UT08u9HKemwXEnbve72Wu0j2qizbxg_A-eoXH9mHdQyMiDcfo9K-cd-kGAsUfEnOtL3Lt8gkugmr_tHFEuj-Y.yo_egZs_47sXFKqko9gHs_NjBWdCcPa3iI8HagJVWWA&dib_tag=se&keywords=notebook+journal&qid=1787916121&sr=8-58
2026-08-28 17:27:01 | INFO | amazon_scrapper | [23:46] Saved D:\Amazon Scrapper\AmazonScrapper\data\products\keyword_23_product_046.html
2026-08-28 17:27:01 | INFO | amazon_scrapper | [23:47] HTTP 200 https://www.amazon.com/PAPERAGE-Journal-Notebook-Lavender-Medium/dp/B0BLHW4KRY/ref=sr_1_59?dib=eyJ2IjoiMSJ9._bLJ4XHDpjJdpy0_yXz67sweFdpAEZNjVgoKhxYSx9S-wtuQ4i-SYcKKUnFF3MSJ6NRUP30IIyES-tmn8m0HE80TEYXUU901G2i2Mxwts5IqgT95XAqnl6VezrMIU9POFEHGhn7nsyc228HMC62vkiiVBVvU8cufRgDeisBcinslgBAvxMh5F8b8GQKx-o8Hh7yOPnf4kkG2n5umLD0i35UT08u9HKemwXEnbve72Wu0j2qizbxg_A-eoXH9mHdQyMiDcfo9K-cd-kGAsUfEnOtL3Lt8gkugmr_tHFEuj-Y.yo_egZs_47sXFKqko9gHs_NjBWdCcPa3iI8HagJVWWA&dib_tag=se&keywords=notebook+journal&qid=1787916121&sr=8-59
2026-08-28 17:27:01 | INFO | amazon_scrapper | [23:47] Saved D:\Amazon Scrapper\AmazonScrapper\data\products\keyword_23_product_047.html
2026-08-28 17:27:02 | INFO | amazon_scrapper | [23:48] HTTP 200 https://www.amazon.com/Five-Star-1-Subject-College-Ruled-72565/dp/B004K6LHF2/ref=sr_1_60?dib=eyJ2IjoiMSJ9._bLJ4XHDpjJdpy0_yXz67sweFdpAEZNjVgoKhxYSx9S-wtuQ4i-SYcKKUnFF3MSJ6NRUP30IIyES-tmn8m0HE80TEYXUU901G2i2Mxwts5IqgT95XAqnl6VezrMIU9POFEHGhn7nsyc228HMC62vkiiVBVvU8cufRgDeisBcinslgBAvxMh5F8b8GQKx-o8Hh7yOPnf4kkG2n5umLD0i35UT08u9HKemwXEnbve72Wu0j2qizbxg_A-eoXH9mHdQyMiDcfo9K-cd-kGAsUfEnOtL3Lt8gkugmr_tHFEuj-Y.yo_egZs_47sXFKqko9gHs_NjBWdCcPa3iI8HagJVWWA&dib_tag=se&keywords=notebook+journal&qid=1787916121&sr=8-60
2026-08-28 17:27:02 | INFO | amazon_scrapper | [23:48] Saved D:\Amazon Scrapper\AmazonScrapper\data\products\keyword_23_product_048.html
2026-08-28 17:27:02 | INFO | amazon_scrapper | [24:1] HTTP 200 https://www.amazon.com/New-Balance-Womens-Comfort-Trainer/dp/B07B422G13/ref=sr_1_1?dib=eyJ2IjoiMSJ9.O061t19He-oK-qiQWVsd8DZz3KdLrI4_bRu-iV6NVp7tu3yJ6kHgPdV3PqVDCAiXsUJ3q6hhCJKPRZeYr1eFLmkayw-clTt66LCzw5n4Jg0FZTvU_tVBuocpJ2hCKzo8l8gnGDiliNhmrXeW1Atd1ys0BcVKDYgz6MrlRCqN4b3leTYJBUKsWQbC8jfnrE3RQ1FyxzbcdjseKCTli-1SEVwBcTn2-TjZCt1n0eq7ri76TnBbtXFJf62ZTOkRioJz4PGGgX7W1GPMhoYjmNAQw-xBa9UlisAbr5BkmPnYyhU.MFt8jr1Xp01JNSvo9sbImS2cu6NyIGqACdXVZ62ySxg&dib_tag=se&keywords=sneakers&qid=1787916128&sr=8-1
2026-08-28 17:27:02 | INFO | amazon_scrapper | [24:1] Saved D:\Amazon Scrapper\AmazonScrapper\data\products\keyword_24_product_001.html
2026-08-28 17:27:03 | INFO | amazon_scrapper | [24:2] HTTP 200 https://www.amazon.com/New-Balance-Womens-Sneakers-Medium/dp/B0B89K7948/ref=sr_1_2?dib=eyJ2IjoiMSJ9.O061t19He-oK-qiQWVsd8DZz3KdLrI4_bRu-iV6NVp7tu3yJ6kHgPdV3PqVDCAiXsUJ3q6hhCJKPRZeYr1eFLmkayw-clTt66LCzw5n4Jg0FZTvU_tVBuocpJ2hCKzo8l8gnGDiliNhmrXeW1Atd1ys0BcVKDYgz6MrlRCqN4b3leTYJBUKsWQbC8jfnrE3RQ1FyxzbcdjseKCTli-1SEVwBcTn2-TjZCt1n0eq7ri76TnBbtXFJf62ZTOkRioJz4PGGgX7W1GPMhoYjmNAQw-xBa9UlisAbr5BkmPnYyhU.MFt8jr1Xp01JNSvo9sbImS2cu6NyIGqACdXVZ62ySxg&dib_tag=se&keywords=sneakers&qid=1787916128&sr=8-2
2026-08-28 17:27:03 | INFO | amazon_scrapper | [24:2] Saved D:\Amazon Scrapper\AmazonScrapper\data\products\keyword_24_product_002.html
2026-08-28 17:27:03 | INFO | amazon_scrapper | [24:3] HTTP 200 https://www.amazon.com/Skechers-Womens-DLites-Lace-up-Sneaker/dp/B014GNJS22/ref=sr_1_3?dib=eyJ2IjoiMSJ9.O061t19He-oK-qiQWVsd8DZz3KdLrI4_bRu-iV6NVp7tu3yJ6kHgPdV3PqVDCAiXsUJ3q6hhCJKPRZeYr1eFLmkayw-clTt66LCzw5n4Jg0FZTvU_tVBuocpJ2hCKzo8l8gnGDiliNhmrXeW1Atd1ys0BcVKDYgz6MrlRCqN4b3leTYJBUKsWQbC8jfnrE3RQ1FyxzbcdjseKCTli-1SEVwBcTn2-TjZCt1n0eq7ri76TnBbtXFJf62ZTOkRioJz4PGGgX7W1GPMhoYjmNAQw-xBa9UlisAbr5BkmPnYyhU.MFt8jr1Xp01JNSvo9sbImS2cu6NyIGqACdXVZ62ySxg&dib_tag=se&keywords=sneakers&qid=1787916128&sr=8-3
2026-08-28 17:27:03 | INFO | amazon_scrapper | [24:3] Saved D:\Amazon Scrapper\AmazonScrapper\data\products\keyword_24_product_003.html
2026-08-28 17:27:04 | INFO | amazon_scrapper | [24:4] HTTP 200 https://www.amazon.com/PUMA-Voltaic-Sneaker-Black-Stormy-Slate/dp/B0CL7RDRRT/ref=sr_1_4?dib=eyJ2IjoiMSJ9.O061t19He-oK-qiQWVsd8DZz3KdLrI4_bRu-iV6NVp7tu3yJ6kHgPdV3PqVDCAiXsUJ3q6hhCJKPRZeYr1eFLmkayw-clTt66LCzw5n4Jg0FZTvU_tVBuocpJ2hCKzo8l8gnGDiliNhmrXeW1Atd1ys0BcVKDYgz6MrlRCqN4b3leTYJBUKsWQbC8jfnrE3RQ1FyxzbcdjseKCTli-1SEVwBcTn2-TjZCt1n0eq7ri76TnBbtXFJf62ZTOkRioJz4PGGgX7W1GPMhoYjmNAQw-xBa9UlisAbr5BkmPnYyhU.MFt8jr1Xp01JNSvo9sbImS2cu6NyIGqACdXVZ62ySxg&dib_tag=se&keywords=sneakers&qid=1787916128&sr=8-4
2026-08-28 17:27:04 | INFO | amazon_scrapper | [24:4] Saved D:\Amazon Scrapper\AmazonScrapper\data\products\keyword_24_product_004.html
2026-08-28 17:27:04 | INFO | amazon_scrapper | [24:5] HTTP 200 https://www.amazon.com/Skechers-Sport-Womens-Summits-Sneaker/dp/B0778XY3DT/ref=sr_1_5?dib=eyJ2IjoiMSJ9.O061t19He-oK-qiQWVsd8DZz3KdLrI4_bRu-iV6NVp7tu3yJ6kHgPdV3PqVDCAiXsUJ3q6hhCJKPRZeYr1eFLmkayw-clTt66LCzw5n4Jg0FZTvU_tVBuocpJ2hCKzo8l8gnGDiliNhmrXeW1Atd1ys0BcVKDYgz6MrlRCqN4b3leTYJBUKsWQbC8jfnrE3RQ1FyxzbcdjseKCTli-1SEVwBcTn2-TjZCt1n0eq7ri76TnBbtXFJf62ZTOkRioJz4PGGgX7W1GPMhoYjmNAQw-xBa9UlisAbr5BkmPnYyhU.MFt8jr1Xp01JNSvo9sbImS2cu6NyIGqACdXVZ62ySxg&dib_tag=se&keywords=sneakers&qid=1787916128&sr=8-5
2026-08-28 17:27:04 | INFO | amazon_scrapper | [24:5] Saved D:\Amazon Scrapper\AmazonScrapper\data\products\keyword_24_product_005.html
2026-08-28 17:27:04 | INFO | amazon_scrapper | [24:6] HTTP 200 https://www.amazon.com/SKECHERS-Mens-Consistent-Black-Wide/dp/B0CH455W8X/ref=sr_1_6?dib=eyJ2IjoiMSJ9.O061t19He-oK-qiQWVsd8DZz3KdLrI4_bRu-iV6NVp7tu3yJ6kHgPdV3PqVDCAiXsUJ3q6hhCJKPRZeYr1eFLmkayw-clTt66LCzw5n4Jg0FZTvU_tVBuocpJ2hCKzo8l8gnGDiliNhmrXeW1Atd1ys0BcVKDYgz6MrlRCqN4b3leTYJBUKsWQbC8jfnrE3RQ1FyxzbcdjseKCTli-1SEVwBcTn2-TjZCt1n0eq7ri76TnBbtXFJf62ZTOkRioJz4PGGgX7W1GPMhoYjmNAQw-xBa9UlisAbr5BkmPnYyhU.MFt8jr1Xp01JNSvo9sbImS2cu6NyIGqACdXVZ62ySxg&dib_tag=se&keywords=sneakers&qid=1787916128&sr=8-6
2026-08-28 17:27:04 | INFO | amazon_scrapper | [24:6] Saved D:\Amazon Scrapper\AmazonScrapper\data\products\keyword_24_product_006.html
2026-08-28 17:27:05 | INFO | amazon_scrapper | [24:7] HTTP 200 https://www.amazon.com/Reebok-Swiftstrike-Athletic-Training-Sneakers/dp/B0G5BS3RLS/ref=sr_1_7?dib=eyJ2IjoiMSJ9.O061t19He-oK-qiQWVsd8DZz3KdLrI4_bRu-iV6NVp7tu3yJ6kHgPdV3PqVDCAiXsUJ3q6hhCJKPRZeYr1eFLmkayw-clTt66LCzw5n4Jg0FZTvU_tVBuocpJ2hCKzo8l8gnGDiliNhmrXeW1Atd1ys0BcVKDYgz6MrlRCqN4b3leTYJBUKsWQbC8jfnrE3RQ1FyxzbcdjseKCTli-1SEVwBcTn2-TjZCt1n0eq7ri76TnBbtXFJf62ZTOkRioJz4PGGgX7W1GPMhoYjmNAQw-xBa9UlisAbr5BkmPnYyhU.MFt8jr1Xp01JNSvo9sbImS2cu6NyIGqACdXVZ62ySxg&dib_tag=se&keywords=sneakers&qid=1787916128&sr=8-7
2026-08-28 17:27:05 | INFO | amazon_scrapper | [24:7] Saved D:\Amazon Scrapper\AmazonScrapper\data\products\keyword_24_product_007.html
2026-08-28 17:27:05 | INFO | amazon_scrapper | [24:8] HTTP 200 https://www.amazon.com/Skechers-Summits-Hands-Sneaker-Charcoal/dp/B0CFBXPF54/ref=sr_1_8?dib=eyJ2IjoiMSJ9.O061t19He-oK-qiQWVsd8DZz3KdLrI4_bRu-iV6NVp7tu3yJ6kHgPdV3PqVDCAiXsUJ3q6hhCJKPRZeYr1eFLmkayw-clTt66LCzw5n4Jg0FZTvU_tVBuocpJ2hCKzo8l8gnGDiliNhmrXeW1Atd1ys0BcVKDYgz6MrlRCqN4b3leTYJBUKsWQbC8jfnrE3RQ1FyxzbcdjseKCTli-1SEVwBcTn2-TjZCt1n0eq7ri76TnBbtXFJf62ZTOkRioJz4PGGgX7W1GPMhoYjmNAQw-xBa9UlisAbr5BkmPnYyhU.MFt8jr1Xp01JNSvo9sbImS2cu6NyIGqACdXVZ62ySxg&dib_tag=se&keywords=sneakers&qid=1787916128&sr=8-8
2026-08-28 17:27:05 | INFO | amazon_scrapper | [24:8] Saved D:\Amazon Scrapper\AmazonScrapper\data\products\keyword_24_product_008.html
2026-08-28 17:27:05 | INFO | amazon_scrapper | [24:10] HTTP 200 https://www.amazon.com/Skechers-Womens-Consistent-Mapleton-Sneaker/dp/B0F2S8DB34/ref=sr_1_10?dib=eyJ2IjoiMSJ9.O061t19He-oK-qiQWVsd8DZz3KdLrI4_bRu-iV6NVp7tu3yJ6kHgPdV3PqVDCAiXsUJ3q6hhCJKPRZeYr1eFLmkayw-clTt66LCzw5n4Jg0FZTvU_tVBuocpJ2hCKzo8l8gnGDiliNhmrXeW1Atd1ys0BcVKDYgz6MrlRCqN4b3leTYJBUKsWQbC8jfnrE3RQ1FyxzbcdjseKCTli-1SEVwBcTn2-TjZCt1n0eq7ri76TnBbtXFJf62ZTOkRioJz4PGGgX7W1GPMhoYjmNAQw-xBa9UlisAbr5BkmPnYyhU.MFt8jr1Xp01JNSvo9sbImS2cu6NyIGqACdXVZ62ySxg&dib_tag=se&keywords=sneakers&qid=1787916128&sr=8-10
2026-08-28 17:27:06 | INFO | amazon_scrapper | [24:10] Saved D:\Amazon Scrapper\AmazonScrapper\data\products\keyword_24_product_010.html
2026-08-28 17:27:06 | INFO | amazon_scrapper | [24:9] HTTP 200 https://www.amazon.com/New-Balance-Sneaker-Marblehead-Cloud/dp/B099TGT4MH/ref=sr_1_9?dib=eyJ2IjoiMSJ9.O061t19He-oK-qiQWVsd8DZz3KdLrI4_bRu-iV6NVp7tu3yJ6kHgPdV3PqVDCAiXsUJ3q6hhCJKPRZeYr1eFLmkayw-clTt66LCzw5n4Jg0FZTvU_tVBuocpJ2hCKzo8l8gnGDiliNhmrXeW1Atd1ys0BcVKDYgz6MrlRCqN4b3leTYJBUKsWQbC8jfnrE3RQ1FyxzbcdjseKCTli-1SEVwBcTn2-TjZCt1n0eq7ri76TnBbtXFJf62ZTOkRioJz4PGGgX7W1GPMhoYjmNAQw-xBa9UlisAbr5BkmPnYyhU.MFt8jr1Xp01JNSvo9sbImS2cu6NyIGqACdXVZ62ySxg&dib_tag=se&keywords=sneakers&qid=1787916128&sr=8-9
2026-08-28 17:27:06 | INFO | amazon_scrapper | [24:9] Saved D:\Amazon Scrapper\AmazonScrapper\data\products\keyword_24_product_009.html
2026-08-28 17:27:06 | INFO | amazon_scrapper | [24:11] HTTP 200 https://www.amazon.com/Skechers-Womens-CONSISTENT-Sneaker-Black/dp/B07VQ4QTRL/ref=sr_1_11?dib=eyJ2IjoiMSJ9.O061t19He-oK-qiQWVsd8DZz3KdLrI4_bRu-iV6NVp7tu3yJ6kHgPdV3PqVDCAiXsUJ3q6hhCJKPRZeYr1eFLmkayw-clTt66LCzw5n4Jg0FZTvU_tVBuocpJ2hCKzo8l8gnGDiliNhmrXeW1Atd1ys0BcVKDYgz6MrlRCqN4b3leTYJBUKsWQbC8jfnrE3RQ1FyxzbcdjseKCTli-1SEVwBcTn2-TjZCt1n0eq7ri76TnBbtXFJf62ZTOkRioJz4PGGgX7W1GPMhoYjmNAQw-xBa9UlisAbr5BkmPnYyhU.MFt8jr1Xp01JNSvo9sbImS2cu6NyIGqACdXVZ62ySxg&dib_tag=se&keywords=sneakers&qid=1787916128&sr=8-11
2026-08-28 17:27:06 | INFO | amazon_scrapper | [24:11] Saved D:\Amazon Scrapper\AmazonScrapper\data\products\keyword_24_product_011.html
2026-08-28 17:27:07 | INFO | amazon_scrapper | [24:12] HTTP 200 https://www.amazon.com/Sam-Edelman-Womens-Sneaker-Midnight/dp/B0CTJ4P8CH/ref=sr_1_12?dib=eyJ2IjoiMSJ9.O061t19He-oK-qiQWVsd8DZz3KdLrI4_bRu-iV6NVp7tu3yJ6kHgPdV3PqVDCAiXsUJ3q6hhCJKPRZeYr1eFLmkayw-clTt66LCzw5n4Jg0FZTvU_tVBuocpJ2hCKzo8l8gnGDiliNhmrXeW1Atd1ys0BcVKDYgz6MrlRCqN4b3leTYJBUKsWQbC8jfnrE3RQ1FyxzbcdjseKCTli-1SEVwBcTn2-TjZCt1n0eq7ri76TnBbtXFJf62ZTOkRioJz4PGGgX7W1GPMhoYjmNAQw-xBa9UlisAbr5BkmPnYyhU.MFt8jr1Xp01JNSvo9sbImS2cu6NyIGqACdXVZ62ySxg&dib_tag=se&keywords=sneakers&qid=1787916128&sr=8-12
2026-08-28 17:27:07 | INFO | amazon_scrapper | [24:12] Saved D:\Amazon Scrapper\AmazonScrapper\data\products\keyword_24_product_012.html
2026-08-28 17:27:07 | INFO | amazon_scrapper | [24:13] HTTP 200 https://www.amazon.com/Project-Cloud-Comfortable-Fashion-Sneakers/dp/B0GY1H4MBY/ref=sr_1_13?dib=eyJ2IjoiMSJ9.O061t19He-oK-qiQWVsd8DZz3KdLrI4_bRu-iV6NVp7tu3yJ6kHgPdV3PqVDCAiXsUJ3q6hhCJKPRZeYr1eFLmkayw-clTt66LCzw5n4Jg0FZTvU_tVBuocpJ2hCKzo8l8gnGDiliNhmrXeW1Atd1ys0BcVKDYgz6MrlRCqN4b3leTYJBUKsWQbC8jfnrE3RQ1FyxzbcdjseKCTli-1SEVwBcTn2-TjZCt1n0eq7ri76TnBbtXFJf62ZTOkRioJz4PGGgX7W1GPMhoYjmNAQw-xBa9UlisAbr5BkmPnYyhU.MFt8jr1Xp01JNSvo9sbImS2cu6NyIGqACdXVZ62ySxg&dib_tag=se&keywords=sneakers&qid=1787916128&sr=8-13
2026-08-28 17:27:07 | INFO | amazon_scrapper | [24:13] Saved D:\Amazon Scrapper\AmazonScrapper\data\products\keyword_24_product_013.html
2026-08-28 17:27:08 | INFO | amazon_scrapper | [24:15] HTTP 200 https://www.amazon.com/Project-Cloud-Genuine-Leather-Sneakers/dp/B0G2GVJP3V/ref=sr_1_15?dib=eyJ2IjoiMSJ9.O061t19He-oK-qiQWVsd8DZz3KdLrI4_bRu-iV6NVp7tu3yJ6kHgPdV3PqVDCAiXsUJ3q6hhCJKPRZeYr1eFLmkayw-clTt66LCzw5n4Jg0FZTvU_tVBuocpJ2hCKzo8l8gnGDiliNhmrXeW1Atd1ys0BcVKDYgz6MrlRCqN4b3leTYJBUKsWQbC8jfnrE3RQ1FyxzbcdjseKCTli-1SEVwBcTn2-TjZCt1n0eq7ri76TnBbtXFJf62ZTOkRioJz4PGGgX7W1GPMhoYjmNAQw-xBa9UlisAbr5BkmPnYyhU.MFt8jr1Xp01JNSvo9sbImS2cu6NyIGqACdXVZ62ySxg&dib_tag=se&keywords=sneakers&qid=1787916128&sr=8-15
2026-08-28 17:27:08 | INFO | amazon_scrapper | [24:15] Saved D:\Amazon Scrapper\AmazonScrapper\data\products\keyword_24_product_015.html
2026-08-28 17:27:08 | INFO | amazon_scrapper | [24:14] HTTP 200 https://www.amazon.com/Reebok-Royal-Bb4500-Walking-White/dp/B077ZJWT2V/ref=sr_1_14?dib=eyJ2IjoiMSJ9.O061t19He-oK-qiQWVsd8DZz3KdLrI4_bRu-iV6NVp7tu3yJ6kHgPdV3PqVDCAiXsUJ3q6hhCJKPRZeYr1eFLmkayw-clTt66LCzw5n4Jg0FZTvU_tVBuocpJ2hCKzo8l8gnGDiliNhmrXeW1Atd1ys0BcVKDYgz6MrlRCqN4b3leTYJBUKsWQbC8jfnrE3RQ1FyxzbcdjseKCTli-1SEVwBcTn2-TjZCt1n0eq7ri76TnBbtXFJf62ZTOkRioJz4PGGgX7W1GPMhoYjmNAQw-xBa9UlisAbr5BkmPnYyhU.MFt8jr1Xp01JNSvo9sbImS2cu6NyIGqACdXVZ62ySxg&dib_tag=se&keywords=sneakers&qid=1787916128&sr=8-14
2026-08-28 17:27:08 | INFO | amazon_scrapper | [24:14] Saved D:\Amazon Scrapper\AmazonScrapper\data\products\keyword_24_product_014.html
2026-08-28 17:27:08 | INFO | amazon_scrapper | [24:16] HTTP 200 https://www.amazon.com/Skechers-Afterburn-Lace-Up-Sneaker-Charcoal/dp/B00DJSRMVK/ref=sr_1_16?dib=eyJ2IjoiMSJ9.O061t19He-oK-qiQWVsd8DZz3KdLrI4_bRu-iV6NVp7tu3yJ6kHgPdV3PqVDCAiXsUJ3q6hhCJKPRZeYr1eFLmkayw-clTt66LCzw5n4Jg0FZTvU_tVBuocpJ2hCKzo8l8gnGDiliNhmrXeW1Atd1ys0BcVKDYgz6MrlRCqN4b3leTYJBUKsWQbC8jfnrE3RQ1FyxzbcdjseKCTli-1SEVwBcTn2-TjZCt1n0eq7ri76TnBbtXFJf62ZTOkRioJz4PGGgX7W1GPMhoYjmNAQw-xBa9UlisAbr5BkmPnYyhU.MFt8jr1Xp01JNSvo9sbImS2cu6NyIGqACdXVZ62ySxg&dib_tag=se&keywords=sneakers&qid=1787916128&sr=8-16
2026-08-28 17:27:08 | INFO | amazon_scrapper | [24:16] Saved D:\Amazon Scrapper\AmazonScrapper\data\products\keyword_24_product_016.html
2026-08-28 17:27:09 | INFO | amazon_scrapper | [24:18] HTTP 200 https://www.amazon.com/ASICS-Womens-Gel-Venture-Running-Shoes/dp/B0FV7675ZV/ref=sr_1_18?dib=eyJ2IjoiMSJ9.O061t19He-oK-qiQWVsd8DZz3KdLrI4_bRu-iV6NVp7tu3yJ6kHgPdV3PqVDCAiXsUJ3q6hhCJKPRZeYr1eFLmkayw-clTt66LCzw5n4Jg0FZTvU_tVBuocpJ2hCKzo8l8gnGDiliNhmrXeW1Atd1ys0BcVKDYgz6MrlRCqN4b3leTYJBUKsWQbC8jfnrE3RQ1FyxzbcdjseKCTli-1SEVwBcTn2-TjZCt1n0eq7ri76TnBbtXFJf62ZTOkRioJz4PGGgX7W1GPMhoYjmNAQw-xBa9UlisAbr5BkmPnYyhU.MFt8jr1Xp01JNSvo9sbImS2cu6NyIGqACdXVZ62ySxg&dib_tag=se&keywords=sneakers&qid=1787916128&sr=8-18
2026-08-28 17:27:09 | INFO | amazon_scrapper | [24:18] Saved D:\Amazon Scrapper\AmazonScrapper\data\products\keyword_24_product_018.html
2026-08-28 17:27:09 | INFO | amazon_scrapper | [24:17] HTTP 200 https://www.amazon.com/Project-Cloud-Fashion-Sneakers-Women/dp/B0G459XG71/ref=sr_1_17?dib=eyJ2IjoiMSJ9.O061t19He-oK-qiQWVsd8DZz3KdLrI4_bRu-iV6NVp7tu3yJ6kHgPdV3PqVDCAiXsUJ3q6hhCJKPRZeYr1eFLmkayw-clTt66LCzw5n4Jg0FZTvU_tVBuocpJ2hCKzo8l8gnGDiliNhmrXeW1Atd1ys0BcVKDYgz6MrlRCqN4b3leTYJBUKsWQbC8jfnrE3RQ1FyxzbcdjseKCTli-1SEVwBcTn2-TjZCt1n0eq7ri76TnBbtXFJf62ZTOkRioJz4PGGgX7W1GPMhoYjmNAQw-xBa9UlisAbr5BkmPnYyhU.MFt8jr1Xp01JNSvo9sbImS2cu6NyIGqACdXVZ62ySxg&dib_tag=se&keywords=sneakers&qid=1787916128&sr=8-17
2026-08-28 17:27:09 | INFO | amazon_scrapper | [24:17] Saved D:\Amazon Scrapper\AmazonScrapper\data\products\keyword_24_product_017.html
2026-08-28 17:27:10 | INFO | amazon_scrapper | [24:20] HTTP 200 https://www.amazon.com/Lee-Specter-Retro-Fashion-Sneaker/dp/B0GMG1XRMG/ref=sr_1_20?dib=eyJ2IjoiMSJ9.O061t19He-oK-qiQWVsd8DZz3KdLrI4_bRu-iV6NVp7tu3yJ6kHgPdV3PqVDCAiXsUJ3q6hhCJKPRZeYr1eFLmkayw-clTt66LCzw5n4Jg0FZTvU_tVBuocpJ2hCKzo8l8gnGDiliNhmrXeW1Atd1ys0BcVKDYgz6MrlRCqN4b3leTYJBUKsWQbC8jfnrE3RQ1FyxzbcdjseKCTli-1SEVwBcTn2-TjZCt1n0eq7ri76TnBbtXFJf62ZTOkRioJz4PGGgX7W1GPMhoYjmNAQw-xBa9UlisAbr5BkmPnYyhU.MFt8jr1Xp01JNSvo9sbImS2cu6NyIGqACdXVZ62ySxg&dib_tag=se&keywords=sneakers&qid=1787916128&sr=8-20
2026-08-28 17:27:10 | INFO | amazon_scrapper | [24:20] Saved D:\Amazon Scrapper\AmazonScrapper\data\products\keyword_24_product_020.html
2026-08-28 17:27:10 | INFO | amazon_scrapper | [24:19] HTTP 200 https://www.amazon.com/Skechers-Sport-Memory-Sneaker-Charcoal/dp/B00MAMDDFK/ref=sr_1_19?dib=eyJ2IjoiMSJ9.O061t19He-oK-qiQWVsd8DZz3KdLrI4_bRu-iV6NVp7tu3yJ6kHgPdV3PqVDCAiXsUJ3q6hhCJKPRZeYr1eFLmkayw-clTt66LCzw5n4Jg0FZTvU_tVBuocpJ2hCKzo8l8gnGDiliNhmrXeW1Atd1ys0BcVKDYgz6MrlRCqN4b3leTYJBUKsWQbC8jfnrE3RQ1FyxzbcdjseKCTli-1SEVwBcTn2-TjZCt1n0eq7ri76TnBbtXFJf62ZTOkRioJz4PGGgX7W1GPMhoYjmNAQw-xBa9UlisAbr5BkmPnYyhU.MFt8jr1Xp01JNSvo9sbImS2cu6NyIGqACdXVZ62ySxg&dib_tag=se&keywords=sneakers&qid=1787916128&sr=8-19
2026-08-28 17:27:10 | INFO | amazon_scrapper | [24:19] Saved D:\Amazon Scrapper\AmazonScrapper\data\products\keyword_24_product_019.html
2026-08-28 17:27:10 | INFO | amazon_scrapper | [24:21] HTTP 200 https://www.amazon.com/PUMA-Womens-Bella-Sneaker-Black-White/dp/B0DYLFLYV7/ref=sr_1_21?dib=eyJ2IjoiMSJ9.O061t19He-oK-qiQWVsd8DZz3KdLrI4_bRu-iV6NVp7tu3yJ6kHgPdV3PqVDCAiXsUJ3q6hhCJKPRZeYr1eFLmkayw-clTt66LCzw5n4Jg0FZTvU_tVBuocpJ2hCKzo8l8gnGDiliNhmrXeW1Atd1ys0BcVKDYgz6MrlRCqN4b3leTYJBUKsWQbC8jfnrE3RQ1FyxzbcdjseKCTli-1SEVwBcTn2-TjZCt1n0eq7ri76TnBbtXFJf62ZTOkRioJz4PGGgX7W1GPMhoYjmNAQw-xBa9UlisAbr5BkmPnYyhU.MFt8jr1Xp01JNSvo9sbImS2cu6NyIGqACdXVZ62ySxg&dib_tag=se&keywords=sneakers&qid=1787916128&sr=8-21
2026-08-28 17:27:10 | INFO | amazon_scrapper | [24:21] Saved D:\Amazon Scrapper\AmazonScrapper\data\products\keyword_24_product_021.html
2026-08-28 17:27:11 | INFO | amazon_scrapper | [24:23] HTTP 200 https://www.amazon.com/Reebok-Walking-Athletic-Training-Sneakers/dp/B0G5C6LYRM/ref=sr_1_23?dib=eyJ2IjoiMSJ9.O061t19He-oK-qiQWVsd8DZz3KdLrI4_bRu-iV6NVp7tu3yJ6kHgPdV3PqVDCAiXsUJ3q6hhCJKPRZeYr1eFLmkayw-clTt66LCzw5n4Jg0FZTvU_tVBuocpJ2hCKzo8l8gnGDiliNhmrXeW1Atd1ys0BcVKDYgz6MrlRCqN4b3leTYJBUKsWQbC8jfnrE3RQ1FyxzbcdjseKCTli-1SEVwBcTn2-TjZCt1n0eq7ri76TnBbtXFJf62ZTOkRioJz4PGGgX7W1GPMhoYjmNAQw-xBa9UlisAbr5BkmPnYyhU.MFt8jr1Xp01JNSvo9sbImS2cu6NyIGqACdXVZ62ySxg&dib_tag=se&keywords=sneakers&qid=1787916128&sr=8-23
2026-08-28 17:27:11 | INFO | amazon_scrapper | [24:23] Saved D:\Amazon Scrapper\AmazonScrapper\data\products\keyword_24_product_023.html
2026-08-28 17:27:11 | INFO | amazon_scrapper | [24:22] HTTP 200 https://www.amazon.com/New-Balance-Womens-Sneaker-Moonbeam/dp/B0C9VKNCMY/ref=sr_1_22?dib=eyJ2IjoiMSJ9.O061t19He-oK-qiQWVsd8DZz3KdLrI4_bRu-iV6NVp7tu3yJ6kHgPdV3PqVDCAiXsUJ3q6hhCJKPRZeYr1eFLmkayw-clTt66LCzw5n4Jg0FZTvU_tVBuocpJ2hCKzo8l8gnGDiliNhmrXeW1Atd1ys0BcVKDYgz6MrlRCqN4b3leTYJBUKsWQbC8jfnrE3RQ1FyxzbcdjseKCTli-1SEVwBcTn2-TjZCt1n0eq7ri76TnBbtXFJf62ZTOkRioJz4PGGgX7W1GPMhoYjmNAQw-xBa9UlisAbr5BkmPnYyhU.MFt8jr1Xp01JNSvo9sbImS2cu6NyIGqACdXVZ62ySxg&dib_tag=se&keywords=sneakers&qid=1787916128&sr=8-22
2026-08-28 17:27:11 | INFO | amazon_scrapper | [24:22] Saved D:\Amazon Scrapper\AmazonScrapper\data\products\keyword_24_product_022.html
2026-08-28 17:27:12 | INFO | amazon_scrapper | [24:25] HTTP 200 https://www.amazon.com/New-Balance-Womens-Sneaker-Aluminum/dp/B09XRG6S61/ref=sr_1_25?dib=eyJ2IjoiMSJ9.O061t19He-oK-qiQWVsd8DZz3KdLrI4_bRu-iV6NVp7tu3yJ6kHgPdV3PqVDCAiXsUJ3q6hhCJKPRZeYr1eFLmkayw-clTt66LCzw5n4Jg0FZTvU_tVBuocpJ2hCKzo8l8gnGDiliNhmrXeW1Atd1ys0BcVKDYgz6MrlRCqN4b3leTYJBUKsWQbC8jfnrE3RQ1FyxzbcdjseKCTli-1SEVwBcTn2-TjZCt1n0eq7ri76TnBbtXFJf62ZTOkRioJz4PGGgX7W1GPMhoYjmNAQw-xBa9UlisAbr5BkmPnYyhU.MFt8jr1Xp01JNSvo9sbImS2cu6NyIGqACdXVZ62ySxg&dib_tag=se&keywords=sneakers&qid=1787916128&sr=8-25
2026-08-28 17:27:12 | INFO | amazon_scrapper | [24:25] Saved D:\Amazon Scrapper\AmazonScrapper\data\products\keyword_24_product_025.html
2026-08-28 17:27:12 | INFO | amazon_scrapper | [24:24] HTTP 200 https://www.amazon.com/Skechers-USA-Mens-Slade-Breyer-Sneaker/dp/B0CYRHZ129/ref=sr_1_24?dib=eyJ2IjoiMSJ9.O061t19He-oK-qiQWVsd8DZz3KdLrI4_bRu-iV6NVp7tu3yJ6kHgPdV3PqVDCAiXsUJ3q6hhCJKPRZeYr1eFLmkayw-clTt66LCzw5n4Jg0FZTvU_tVBuocpJ2hCKzo8l8gnGDiliNhmrXeW1Atd1ys0BcVKDYgz6MrlRCqN4b3leTYJBUKsWQbC8jfnrE3RQ1FyxzbcdjseKCTli-1SEVwBcTn2-TjZCt1n0eq7ri76TnBbtXFJf62ZTOkRioJz4PGGgX7W1GPMhoYjmNAQw-xBa9UlisAbr5BkmPnYyhU.MFt8jr1Xp01JNSvo9sbImS2cu6NyIGqACdXVZ62ySxg&dib_tag=se&keywords=sneakers&qid=1787916128&sr=8-24
2026-08-28 17:27:12 | INFO | amazon_scrapper | [24:24] Saved D:\Amazon Scrapper\AmazonScrapper\data\products\keyword_24_product_024.html
2026-08-28 17:27:12 | INFO | amazon_scrapper | [24:27] HTTP 200 https://www.amazon.com/Sneakers-Jo-Marr/dp/B000I9VON0/ref=sr_1_27?dib=eyJ2IjoiMSJ9.O061t19He-oK-qiQWVsd8DZz3KdLrI4_bRu-iV6NVp7tu3yJ6kHgPdV3PqVDCAiXsUJ3q6hhCJKPRZeYr1eFLmkayw-clTt66LCzw5n4Jg0FZTvU_tVBuocpJ2hCKzo8l8gnGDiliNhmrXeW1Atd1ys0BcVKDYgz6MrlRCqN4b3leTYJBUKsWQbC8jfnrE3RQ1FyxzbcdjseKCTli-1SEVwBcTn2-TjZCt1n0eq7ri76TnBbtXFJf62ZTOkRioJz4PGGgX7W1GPMhoYjmNAQw-xBa9UlisAbr5BkmPnYyhU.MFt8jr1Xp01JNSvo9sbImS2cu6NyIGqACdXVZ62ySxg&dib_tag=se&keywords=sneakers&qid=1787916128&sr=8-27
2026-08-28 17:27:12 | WARNING | amazon_scrapper | [24:27] Unexpected HTML received from https://www.amazon.com/Sneakers-Jo-Marr/dp/B000I9VON0/ref=sr_1_27?dib=eyJ2IjoiMSJ9.O061t19He-oK-qiQWVsd8DZz3KdLrI4_bRu-iV6NVp7tu3yJ6kHgPdV3PqVDCAiXsUJ3q6hhCJKPRZeYr1eFLmkayw-clTt66LCzw5n4Jg0FZTvU_tVBuocpJ2hCKzo8l8gnGDiliNhmrXeW1Atd1ys0BcVKDYgz6MrlRCqN4b3leTYJBUKsWQbC8jfnrE3RQ1FyxzbcdjseKCTli-1SEVwBcTn2-TjZCt1n0eq7ri76TnBbtXFJf62ZTOkRioJz4PGGgX7W1GPMhoYjmNAQw-xBa9UlisAbr5BkmPnYyhU.MFt8jr1Xp01JNSvo9sbImS2cu6NyIGqACdXVZ62ySxg&dib_tag=se&keywords=sneakers&qid=1787916128&sr=8-27
2026-08-28 17:27:12 | INFO | amazon_scrapper | [24:26] HTTP 200 https://www.amazon.com/Reebok-Womens-Revenge-Sneaker-White/dp/B0D775W51Y/ref=sr_1_26?dib=eyJ2IjoiMSJ9.O061t19He-oK-qiQWVsd8DZz3KdLrI4_bRu-iV6NVp7tu3yJ6kHgPdV3PqVDCAiXsUJ3q6hhCJKPRZeYr1eFLmkayw-clTt66LCzw5n4Jg0FZTvU_tVBuocpJ2hCKzo8l8gnGDiliNhmrXeW1Atd1ys0BcVKDYgz6MrlRCqN4b3leTYJBUKsWQbC8jfnrE3RQ1FyxzbcdjseKCTli-1SEVwBcTn2-TjZCt1n0eq7ri76TnBbtXFJf62ZTOkRioJz4PGGgX7W1GPMhoYjmNAQw-xBa9UlisAbr5BkmPnYyhU.MFt8jr1Xp01JNSvo9sbImS2cu6NyIGqACdXVZ62ySxg&dib_tag=se&keywords=sneakers&qid=1787916128&sr=8-26
2026-08-28 17:27:12 | INFO | amazon_scrapper | [24:26] Saved D:\Amazon Scrapper\AmazonScrapper\data\products\keyword_24_product_026.html
2026-08-28 17:27:14 | INFO | amazon_scrapper | [24:30] HTTP 200 https://www.amazon.com/PUMA-Runner-Sneaker-White-Gray-Toddler/dp/B0DK5ZR1LS/ref=sr_1_30?dib=eyJ2IjoiMSJ9.O061t19He-oK-qiQWVsd8DZz3KdLrI4_bRu-iV6NVp7tu3yJ6kHgPdV3PqVDCAiXsUJ3q6hhCJKPRZeYr1eFLmkayw-clTt66LCzw5n4Jg0FZTvU_tVBuocpJ2hCKzo8l8gnGDiliNhmrXeW1Atd1ys0BcVKDYgz6MrlRCqN4b3leTYJBUKsWQbC8jfnrE3RQ1FyxzbcdjseKCTli-1SEVwBcTn2-TjZCt1n0eq7ri76TnBbtXFJf62ZTOkRioJz4PGGgX7W1GPMhoYjmNAQw-xBa9UlisAbr5BkmPnYyhU.MFt8jr1Xp01JNSvo9sbImS2cu6NyIGqACdXVZ62ySxg&dib_tag=se&keywords=sneakers&qid=1787916128&sr=8-30
2026-08-28 17:27:14 | INFO | amazon_scrapper | [24:30] Saved D:\Amazon Scrapper\AmazonScrapper\data\products\keyword_24_product_030.html
2026-08-28 17:27:14 | INFO | amazon_scrapper | [24:28] HTTP 200 https://www.amazon.com/New-Balance-Sneaker-Artic-Black/dp/B0D1LDKQV3/ref=sr_1_28?dib=eyJ2IjoiMSJ9.O061t19He-oK-qiQWVsd8DZz3KdLrI4_bRu-iV6NVp7tu3yJ6kHgPdV3PqVDCAiXsUJ3q6hhCJKPRZeYr1eFLmkayw-clTt66LCzw5n4Jg0FZTvU_tVBuocpJ2hCKzo8l8gnGDiliNhmrXeW1Atd1ys0BcVKDYgz6MrlRCqN4b3leTYJBUKsWQbC8jfnrE3RQ1FyxzbcdjseKCTli-1SEVwBcTn2-TjZCt1n0eq7ri76TnBbtXFJf62ZTOkRioJz4PGGgX7W1GPMhoYjmNAQw-xBa9UlisAbr5BkmPnYyhU.MFt8jr1Xp01JNSvo9sbImS2cu6NyIGqACdXVZ62ySxg&dib_tag=se&keywords=sneakers&qid=1787916128&sr=8-28
2026-08-28 17:27:14 | INFO | amazon_scrapper | [24:28] Saved D:\Amazon Scrapper\AmazonScrapper\data\products\keyword_24_product_028.html
2026-08-28 17:27:14 | INFO | amazon_scrapper | [24:29] HTTP 200 https://www.amazon.com/Skechers-womens-Sneaker-Black-Pink/dp/B07TZN2L73/ref=sr_1_29?dib=eyJ2IjoiMSJ9.O061t19He-oK-qiQWVsd8DZz3KdLrI4_bRu-iV6NVp7tu3yJ6kHgPdV3PqVDCAiXsUJ3q6hhCJKPRZeYr1eFLmkayw-clTt66LCzw5n4Jg0FZTvU_tVBuocpJ2hCKzo8l8gnGDiliNhmrXeW1Atd1ys0BcVKDYgz6MrlRCqN4b3leTYJBUKsWQbC8jfnrE3RQ1FyxzbcdjseKCTli-1SEVwBcTn2-TjZCt1n0eq7ri76TnBbtXFJf62ZTOkRioJz4PGGgX7W1GPMhoYjmNAQw-xBa9UlisAbr5BkmPnYyhU.MFt8jr1Xp01JNSvo9sbImS2cu6NyIGqACdXVZ62ySxg&dib_tag=se&keywords=sneakers&qid=1787916128&sr=8-29
2026-08-28 17:27:14 | INFO | amazon_scrapper | [24:29] Saved D:\Amazon Scrapper\AmazonScrapper\data\products\keyword_24_product_029.html
2026-08-28 17:27:14 | INFO | amazon_scrapper | [24:31] HTTP 200 https://www.amazon.com/New-Balance-Womens-Sneakers-Medium/dp/B0DDBSDX1V/ref=sr_1_31?dib=eyJ2IjoiMSJ9.O061t19He-oK-qiQWVsd8DZz3KdLrI4_bRu-iV6NVp7tu3yJ6kHgPdV3PqVDCAiXsUJ3q6hhCJKPRZeYr1eFLmkayw-clTt66LCzw5n4Jg0FZTvU_tVBuocpJ2hCKzo8l8gnGDiliNhmrXeW1Atd1ys0BcVKDYgz6MrlRCqN4b3leTYJBUKsWQbC8jfnrE3RQ1FyxzbcdjseKCTli-1SEVwBcTn2-TjZCt1n0eq7ri76TnBbtXFJf62ZTOkRioJz4PGGgX7W1GPMhoYjmNAQw-xBa9UlisAbr5BkmPnYyhU.MFt8jr1Xp01JNSvo9sbImS2cu6NyIGqACdXVZ62ySxg&dib_tag=se&keywords=sneakers&qid=1787916128&sr=8-31
2026-08-28 17:27:14 | INFO | amazon_scrapper | [24:31] Saved D:\Amazon Scrapper\AmazonScrapper\data\products\keyword_24_product_031.html
2026-08-28 17:27:15 | INFO | amazon_scrapper | [24:32] HTTP 200 https://www.amazon.com/Reebok-Womens-Princess-Aerobics-White/dp/B000AP0TM4/ref=sr_1_32?dib=eyJ2IjoiMSJ9.O061t19He-oK-qiQWVsd8DZz3KdLrI4_bRu-iV6NVp7tu3yJ6kHgPdV3PqVDCAiXsUJ3q6hhCJKPRZeYr1eFLmkayw-clTt66LCzw5n4Jg0FZTvU_tVBuocpJ2hCKzo8l8gnGDiliNhmrXeW1Atd1ys0BcVKDYgz6MrlRCqN4b3leTYJBUKsWQbC8jfnrE3RQ1FyxzbcdjseKCTli-1SEVwBcTn2-TjZCt1n0eq7ri76TnBbtXFJf62ZTOkRioJz4PGGgX7W1GPMhoYjmNAQw-xBa9UlisAbr5BkmPnYyhU.MFt8jr1Xp01JNSvo9sbImS2cu6NyIGqACdXVZ62ySxg&dib_tag=se&keywords=sneakers&qid=1787916128&sr=8-32
2026-08-28 17:27:15 | INFO | amazon_scrapper | [24:32] Saved D:\Amazon Scrapper\AmazonScrapper\data\products\keyword_24_product_032.html
2026-08-28 17:27:16 | INFO | amazon_scrapper | [24:33] HTTP 200 https://www.amazon.com/Skechers-Womens-Uno-Stand-Trainers-White/dp/B07H61HRG9/ref=sr_1_33?dib=eyJ2IjoiMSJ9.O061t19He-oK-qiQWVsd8DZz3KdLrI4_bRu-iV6NVp7tu3yJ6kHgPdV3PqVDCAiXsUJ3q6hhCJKPRZeYr1eFLmkayw-clTt66LCzw5n4Jg0FZTvU_tVBuocpJ2hCKzo8l8gnGDiliNhmrXeW1Atd1ys0BcVKDYgz6MrlRCqN4b3leTYJBUKsWQbC8jfnrE3RQ1FyxzbcdjseKCTli-1SEVwBcTn2-TjZCt1n0eq7ri76TnBbtXFJf62ZTOkRioJz4PGGgX7W1GPMhoYjmNAQw-xBa9UlisAbr5BkmPnYyhU.MFt8jr1Xp01JNSvo9sbImS2cu6NyIGqACdXVZ62ySxg&dib_tag=se&keywords=sneakers&qid=1787916128&sr=8-33
2026-08-28 17:27:16 | INFO | amazon_scrapper | [24:33] Saved D:\Amazon Scrapper\AmazonScrapper\data\products\keyword_24_product_033.html
2026-08-28 17:27:16 | INFO | amazon_scrapper | [24:34] HTTP 200 https://www.amazon.com/Keds-Womens-Champion-Original-Sneaker/dp/B000EQ6BBW/ref=sr_1_34?dib=eyJ2IjoiMSJ9.O061t19He-oK-qiQWVsd8DZz3KdLrI4_bRu-iV6NVp7tu3yJ6kHgPdV3PqVDCAiXsUJ3q6hhCJKPRZeYr1eFLmkayw-clTt66LCzw5n4Jg0FZTvU_tVBuocpJ2hCKzo8l8gnGDiliNhmrXeW1Atd1ys0BcVKDYgz6MrlRCqN4b3leTYJBUKsWQbC8jfnrE3RQ1FyxzbcdjseKCTli-1SEVwBcTn2-TjZCt1n0eq7ri76TnBbtXFJf62ZTOkRioJz4PGGgX7W1GPMhoYjmNAQw-xBa9UlisAbr5BkmPnYyhU.MFt8jr1Xp01JNSvo9sbImS2cu6NyIGqACdXVZ62ySxg&dib_tag=se&keywords=sneakers&qid=1787916128&sr=8-34
2026-08-28 17:27:16 | INFO | amazon_scrapper | [24:34] Saved D:\Amazon Scrapper\AmazonScrapper\data\products\keyword_24_product_034.html
2026-08-28 17:27:16 | INFO | amazon_scrapper | [24:36] HTTP 200 https://www.amazon.com/Cole-Haan-Crosscourt-Sneaker-British/dp/B08DFBB21P/ref=sr_1_36?dib=eyJ2IjoiMSJ9.O061t19He-oK-qiQWVsd8DZz3KdLrI4_bRu-iV6NVp7tu3yJ6kHgPdV3PqVDCAiXsUJ3q6hhCJKPRZeYr1eFLmkayw-clTt66LCzw5n4Jg0FZTvU_tVBuocpJ2hCKzo8l8gnGDiliNhmrXeW1Atd1ys0BcVKDYgz6MrlRCqN4b3leTYJBUKsWQbC8jfnrE3RQ1FyxzbcdjseKCTli-1SEVwBcTn2-TjZCt1n0eq7ri76TnBbtXFJf62ZTOkRioJz4PGGgX7W1GPMhoYjmNAQw-xBa9UlisAbr5BkmPnYyhU.MFt8jr1Xp01JNSvo9sbImS2cu6NyIGqACdXVZ62ySxg&dib_tag=se&keywords=sneakers&qid=1787916128&sr=8-36
2026-08-28 17:27:16 | INFO | amazon_scrapper | [24:36] Saved D:\Amazon Scrapper\AmazonScrapper\data\products\keyword_24_product_036.html
2026-08-28 17:27:16 | INFO | amazon_scrapper | [24:35] HTTP 200 https://www.amazon.com/Skechers-Womens-Uno-Stand-Sneaker-Pink/dp/B0CGSJGTXD/ref=sr_1_35?dib=eyJ2IjoiMSJ9.O061t19He-oK-qiQWVsd8DZz3KdLrI4_bRu-iV6NVp7tu3yJ6kHgPdV3PqVDCAiXsUJ3q6hhCJKPRZeYr1eFLmkayw-clTt66LCzw5n4Jg0FZTvU_tVBuocpJ2hCKzo8l8gnGDiliNhmrXeW1Atd1ys0BcVKDYgz6MrlRCqN4b3leTYJBUKsWQbC8jfnrE3RQ1FyxzbcdjseKCTli-1SEVwBcTn2-TjZCt1n0eq7ri76TnBbtXFJf62ZTOkRioJz4PGGgX7W1GPMhoYjmNAQw-xBa9UlisAbr5BkmPnYyhU.MFt8jr1Xp01JNSvo9sbImS2cu6NyIGqACdXVZ62ySxg&dib_tag=se&keywords=sneakers&qid=1787916128&sr=8-35
2026-08-28 17:27:16 | INFO | amazon_scrapper | [24:35] Saved D:\Amazon Scrapper\AmazonScrapper\data\products\keyword_24_product_035.html
2026-08-28 17:27:17 | INFO | amazon_scrapper | [24:37] HTTP 200 https://www.amazon.com/Project-Cloud-Sneakers-Women-Comfortable/dp/B0DS6L86Q5/ref=sr_1_37?dib=eyJ2IjoiMSJ9.O061t19He-oK-qiQWVsd8DZz3KdLrI4_bRu-iV6NVp7tu3yJ6kHgPdV3PqVDCAiXsUJ3q6hhCJKPRZeYr1eFLmkayw-clTt66LCzw5n4Jg0FZTvU_tVBuocpJ2hCKzo8l8gnGDiliNhmrXeW1Atd1ys0BcVKDYgz6MrlRCqN4b3leTYJBUKsWQbC8jfnrE3RQ1FyxzbcdjseKCTli-1SEVwBcTn2-TjZCt1n0eq7ri76TnBbtXFJf62ZTOkRioJz4PGGgX7W1GPMhoYjmNAQw-xBa9UlisAbr5BkmPnYyhU.MFt8jr1Xp01JNSvo9sbImS2cu6NyIGqACdXVZ62ySxg&dib_tag=se&keywords=sneakers&qid=1787916128&sr=8-37
2026-08-28 17:27:17 | INFO | amazon_scrapper | [24:37] Saved D:\Amazon Scrapper\AmazonScrapper\data\products\keyword_24_product_037.html
2026-08-28 17:27:18 | INFO | amazon_scrapper | [24:38] HTTP 200 https://www.amazon.com/Cole-Haan-Crosscourt-Traveler-Sneaker/dp/B0BQ5K88YL/ref=sr_1_38?dib=eyJ2IjoiMSJ9.O061t19He-oK-qiQWVsd8DZz3KdLrI4_bRu-iV6NVp7tu3yJ6kHgPdV3PqVDCAiXsUJ3q6hhCJKPRZeYr1eFLmkayw-clTt66LCzw5n4Jg0FZTvU_tVBuocpJ2hCKzo8l8gnGDiliNhmrXeW1Atd1ys0BcVKDYgz6MrlRCqN4b3leTYJBUKsWQbC8jfnrE3RQ1FyxzbcdjseKCTli-1SEVwBcTn2-TjZCt1n0eq7ri76TnBbtXFJf62ZTOkRioJz4PGGgX7W1GPMhoYjmNAQw-xBa9UlisAbr5BkmPnYyhU.MFt8jr1Xp01JNSvo9sbImS2cu6NyIGqACdXVZ62ySxg&dib_tag=se&keywords=sneakers&qid=1787916128&sr=8-38
2026-08-28 17:27:18 | INFO | amazon_scrapper | [24:38] Saved D:\Amazon Scrapper\AmazonScrapper\data\products\keyword_24_product_038.html
2026-08-28 17:27:18 | INFO | amazon_scrapper | [24:39] HTTP 200 https://www.amazon.com/New-Balance-Womens-Sneaker-Black/dp/B0BXJCWPYM/ref=sr_1_39?dib=eyJ2IjoiMSJ9.O061t19He-oK-qiQWVsd8DZz3KdLrI4_bRu-iV6NVp7tu3yJ6kHgPdV3PqVDCAiXsUJ3q6hhCJKPRZeYr1eFLmkayw-clTt66LCzw5n4Jg0FZTvU_tVBuocpJ2hCKzo8l8gnGDiliNhmrXeW1Atd1ys0BcVKDYgz6MrlRCqN4b3leTYJBUKsWQbC8jfnrE3RQ1FyxzbcdjseKCTli-1SEVwBcTn2-TjZCt1n0eq7ri76TnBbtXFJf62ZTOkRioJz4PGGgX7W1GPMhoYjmNAQw-xBa9UlisAbr5BkmPnYyhU.MFt8jr1Xp01JNSvo9sbImS2cu6NyIGqACdXVZ62ySxg&dib_tag=se&keywords=sneakers&qid=1787916128&sr=8-39
2026-08-28 17:27:18 | INFO | amazon_scrapper | [24:39] Saved D:\Amazon Scrapper\AmazonScrapper\data\products\keyword_24_product_039.html
2026-08-28 17:27:18 | INFO | amazon_scrapper | [24:41] HTTP 200 https://www.amazon.com/Project-Cloud-Genuine-Leather-Sneakers/dp/B0F2L3Y5JK/ref=sr_1_41?dib=eyJ2IjoiMSJ9.O061t19He-oK-qiQWVsd8DZz3KdLrI4_bRu-iV6NVp7tu3yJ6kHgPdV3PqVDCAiXsUJ3q6hhCJKPRZeYr1eFLmkayw-clTt66LCzw5n4Jg0FZTvU_tVBuocpJ2hCKzo8l8gnGDiliNhmrXeW1Atd1ys0BcVKDYgz6MrlRCqN4b3leTYJBUKsWQbC8jfnrE3RQ1FyxzbcdjseKCTli-1SEVwBcTn2-TjZCt1n0eq7ri76TnBbtXFJf62ZTOkRioJz4PGGgX7W1GPMhoYjmNAQw-xBa9UlisAbr5BkmPnYyhU.MFt8jr1Xp01JNSvo9sbImS2cu6NyIGqACdXVZ62ySxg&dib_tag=se&keywords=sneakers&qid=1787916128&sr=8-41
2026-08-28 17:27:19 | INFO | amazon_scrapper | [24:41] Saved D:\Amazon Scrapper\AmazonScrapper\data\products\keyword_24_product_041.html
2026-08-28 17:27:19 | INFO | amazon_scrapper | [24:40] HTTP 200 https://www.amazon.com/Skechers-Sport-Womens-Virtue-Sneaker/dp/B0BV1XMPR8/ref=sr_1_40?dib=eyJ2IjoiMSJ9.O061t19He-oK-qiQWVsd8DZz3KdLrI4_bRu-iV6NVp7tu3yJ6kHgPdV3PqVDCAiXsUJ3q6hhCJKPRZeYr1eFLmkayw-clTt66LCzw5n4Jg0FZTvU_tVBuocpJ2hCKzo8l8gnGDiliNhmrXeW1Atd1ys0BcVKDYgz6MrlRCqN4b3leTYJBUKsWQbC8jfnrE3RQ1FyxzbcdjseKCTli-1SEVwBcTn2-TjZCt1n0eq7ri76TnBbtXFJf62ZTOkRioJz4PGGgX7W1GPMhoYjmNAQw-xBa9UlisAbr5BkmPnYyhU.MFt8jr1Xp01JNSvo9sbImS2cu6NyIGqACdXVZ62ySxg&dib_tag=se&keywords=sneakers&qid=1787916128&sr=8-40
2026-08-28 17:27:19 | INFO | amazon_scrapper | [24:40] Saved D:\Amazon Scrapper\AmazonScrapper\data\products\keyword_24_product_040.html
2026-08-28 17:27:19 | INFO | amazon_scrapper | [24:42] HTTP 200 https://www.amazon.com/Sneakers-Blu-ray-Robert-Redford/dp/B00WGUWDVG/ref=sr_1_42?dib=eyJ2IjoiMSJ9.O061t19He-oK-qiQWVsd8DZz3KdLrI4_bRu-iV6NVp7tu3yJ6kHgPdV3PqVDCAiXsUJ3q6hhCJKPRZeYr1eFLmkayw-clTt66LCzw5n4Jg0FZTvU_tVBuocpJ2hCKzo8l8gnGDiliNhmrXeW1Atd1ys0BcVKDYgz6MrlRCqN4b3leTYJBUKsWQbC8jfnrE3RQ1FyxzbcdjseKCTli-1SEVwBcTn2-TjZCt1n0eq7ri76TnBbtXFJf62ZTOkRioJz4PGGgX7W1GPMhoYjmNAQw-xBa9UlisAbr5BkmPnYyhU.MFt8jr1Xp01JNSvo9sbImS2cu6NyIGqACdXVZ62ySxg&dib_tag=se&keywords=sneakers&qid=1787916128&sr=8-42
2026-08-28 17:27:19 | INFO | amazon_scrapper | [24:42] Saved D:\Amazon Scrapper\AmazonScrapper\data\products\keyword_24_product_042.html
2026-08-28 17:27:20 | INFO | amazon_scrapper | [24:43] HTTP 200 https://www.amazon.com/Project-Cloud-Sneakers-Non-Slip-Comfortable/dp/B0D3FNX49G/ref=sr_1_43?dib=eyJ2IjoiMSJ9.O061t19He-oK-qiQWVsd8DZz3KdLrI4_bRu-iV6NVp7tu3yJ6kHgPdV3PqVDCAiXsUJ3q6hhCJKPRZeYr1eFLmkayw-clTt66LCzw5n4Jg0FZTvU_tVBuocpJ2hCKzo8l8gnGDiliNhmrXeW1Atd1ys0BcVKDYgz6MrlRCqN4b3leTYJBUKsWQbC8jfnrE3RQ1FyxzbcdjseKCTli-1SEVwBcTn2-TjZCt1n0eq7ri76TnBbtXFJf62ZTOkRioJz4PGGgX7W1GPMhoYjmNAQw-xBa9UlisAbr5BkmPnYyhU.MFt8jr1Xp01JNSvo9sbImS2cu6NyIGqACdXVZ62ySxg&dib_tag=se&keywords=sneakers&qid=1787916128&sr=8-43
2026-08-28 17:27:20 | INFO | amazon_scrapper | [24:43] Saved D:\Amazon Scrapper\AmazonScrapper\data\products\keyword_24_product_043.html
2026-08-28 17:27:20 | INFO | amazon_scrapper | [24:45] HTTP 200 https://www.amazon.com/Under-Armour-Charged-Alternate-Closure/dp/B0DT1K6ZYB/ref=sr_1_45?dib=eyJ2IjoiMSJ9.O061t19He-oK-qiQWVsd8DZz3KdLrI4_bRu-iV6NVp7tu3yJ6kHgPdV3PqVDCAiXsUJ3q6hhCJKPRZeYr1eFLmkayw-clTt66LCzw5n4Jg0FZTvU_tVBuocpJ2hCKzo8l8gnGDiliNhmrXeW1Atd1ys0BcVKDYgz6MrlRCqN4b3leTYJBUKsWQbC8jfnrE3RQ1FyxzbcdjseKCTli-1SEVwBcTn2-TjZCt1n0eq7ri76TnBbtXFJf62ZTOkRioJz4PGGgX7W1GPMhoYjmNAQw-xBa9UlisAbr5BkmPnYyhU.MFt8jr1Xp01JNSvo9sbImS2cu6NyIGqACdXVZ62ySxg&dib_tag=se&keywords=sneakers&qid=1787916128&sr=8-45
2026-08-28 17:27:20 | INFO | amazon_scrapper | [24:45] Saved D:\Amazon Scrapper\AmazonScrapper\data\products\keyword_24_product_045.html
2026-08-28 17:27:21 | INFO | amazon_scrapper | [24:47] HTTP 200 https://www.amazon.com/Reebok-Classic-Nylon-Sneaker-White/dp/B09ZK5L2MV/ref=sr_1_47?dib=eyJ2IjoiMSJ9.O061t19He-oK-qiQWVsd8DZz3KdLrI4_bRu-iV6NVp7tu3yJ6kHgPdV3PqVDCAiXsUJ3q6hhCJKPRZeYr1eFLmkayw-clTt66LCzw5n4Jg0FZTvU_tVBuocpJ2hCKzo8l8gnGDiliNhmrXeW1Atd1ys0BcVKDYgz6MrlRCqN4b3leTYJBUKsWQbC8jfnrE3RQ1FyxzbcdjseKCTli-1SEVwBcTn2-TjZCt1n0eq7ri76TnBbtXFJf62ZTOkRioJz4PGGgX7W1GPMhoYjmNAQw-xBa9UlisAbr5BkmPnYyhU.MFt8jr1Xp01JNSvo9sbImS2cu6NyIGqACdXVZ62ySxg&dib_tag=se&keywords=sneakers&qid=1787916128&sr=8-47
2026-08-28 17:27:21 | INFO | amazon_scrapper | [24:47] Saved D:\Amazon Scrapper\AmazonScrapper\data\products\keyword_24_product_047.html
2026-08-28 17:27:21 | INFO | amazon_scrapper | [24:46] HTTP 200 https://www.amazon.com/Project-Cloud-Kids-Shoes-Girls/dp/B0F6QNSWWW/ref=sr_1_46?dib=eyJ2IjoiMSJ9.O061t19He-oK-qiQWVsd8DZz3KdLrI4_bRu-iV6NVp7tu3yJ6kHgPdV3PqVDCAiXsUJ3q6hhCJKPRZeYr1eFLmkayw-clTt66LCzw5n4Jg0FZTvU_tVBuocpJ2hCKzo8l8gnGDiliNhmrXeW1Atd1ys0BcVKDYgz6MrlRCqN4b3leTYJBUKsWQbC8jfnrE3RQ1FyxzbcdjseKCTli-1SEVwBcTn2-TjZCt1n0eq7ri76TnBbtXFJf62ZTOkRioJz4PGGgX7W1GPMhoYjmNAQw-xBa9UlisAbr5BkmPnYyhU.MFt8jr1Xp01JNSvo9sbImS2cu6NyIGqACdXVZ62ySxg&dib_tag=se&keywords=sneakers&qid=1787916128&sr=8-46
2026-08-28 17:27:21 | INFO | amazon_scrapper | [24:46] Saved D:\Amazon Scrapper\AmazonScrapper\data\products\keyword_24_product_046.html
2026-08-28 17:27:21 | INFO | amazon_scrapper | [24:44] HTTP 200 https://www.amazon.com/New-Balance-Womens-Sneaker-Mahogany/dp/B0BHKNKB9Z/ref=sr_1_44?dib=eyJ2IjoiMSJ9.O061t19He-oK-qiQWVsd8DZz3KdLrI4_bRu-iV6NVp7tu3yJ6kHgPdV3PqVDCAiXsUJ3q6hhCJKPRZeYr1eFLmkayw-clTt66LCzw5n4Jg0FZTvU_tVBuocpJ2hCKzo8l8gnGDiliNhmrXeW1Atd1ys0BcVKDYgz6MrlRCqN4b3leTYJBUKsWQbC8jfnrE3RQ1FyxzbcdjseKCTli-1SEVwBcTn2-TjZCt1n0eq7ri76TnBbtXFJf62ZTOkRioJz4PGGgX7W1GPMhoYjmNAQw-xBa9UlisAbr5BkmPnYyhU.MFt8jr1Xp01JNSvo9sbImS2cu6NyIGqACdXVZ62ySxg&dib_tag=se&keywords=sneakers&qid=1787916128&sr=8-44
2026-08-28 17:27:21 | INFO | amazon_scrapper | [24:44] Saved D:\Amazon Scrapper\AmazonScrapper\data\products\keyword_24_product_044.html
2026-08-28 17:27:22 | INFO | amazon_scrapper | [24:48] HTTP 200 https://www.amazon.com/New-Balance-574v2-Sneaker-Nimbuscloud/dp/B095YZTT39/ref=sr_1_48?dib=eyJ2IjoiMSJ9.O061t19He-oK-qiQWVsd8DZz3KdLrI4_bRu-iV6NVp7tu3yJ6kHgPdV3PqVDCAiXsUJ3q6hhCJKPRZeYr1eFLmkayw-clTt66LCzw5n4Jg0FZTvU_tVBuocpJ2hCKzo8l8gnGDiliNhmrXeW1Atd1ys0BcVKDYgz6MrlRCqN4b3leTYJBUKsWQbC8jfnrE3RQ1FyxzbcdjseKCTli-1SEVwBcTn2-TjZCt1n0eq7ri76TnBbtXFJf62ZTOkRioJz4PGGgX7W1GPMhoYjmNAQw-xBa9UlisAbr5BkmPnYyhU.MFt8jr1Xp01JNSvo9sbImS2cu6NyIGqACdXVZ62ySxg&dib_tag=se&keywords=sneakers&qid=1787916128&sr=8-48
2026-08-28 17:27:22 | INFO | amazon_scrapper | [24:48] Saved D:\Amazon Scrapper\AmazonScrapper\data\products\keyword_24_product_048.html
2026-08-28 17:27:22 | INFO | amazon_scrapper | [25:1] HTTP 200 https://www.amazon.com/Candles-Scented-Natural-Fragrance-Cinnamon/dp/B0F66HVPDY/ref=sr_1_5?dib=eyJ2IjoiMSJ9.zMAO4KoV97MNLy5PY5TKL1RIvLm4FAV7NDzGVtHpZKzW5aKYRPULwRegTXo1Tkfj2XVPNIQYrRUtTHc1zbcsMLehhHZLRSV1Fc80ldOkHHWgjDJrlRW1kTFGaac-fOsJcI6Z5a_ED_Rzo0OBROlzfQF0x3HI4KoZWYvEBrvqy5C16mZVPRpHzlZQdCxjfHM3Xy3oEkaIOos-LoMcJ505XsqOvfjiFBoKv7JZJBQIJQMRknVDwh3HltqNi7ATXkLOeqnXdLWY1AoX4pSJWz8onsZPdfF76AH-J8qtySzxJoM.8EJqyfDdXkOrp4JHIb-jJwIjAkOBj4R3lu750az0IqA&dib_tag=se&keywords=candle&qid=1787916134&sr=8-5
2026-08-28 17:27:23 | INFO | amazon_scrapper | [25:1] Saved D:\Amazon Scrapper\AmazonScrapper\data\products\keyword_25_product_001.html
2026-08-28 17:27:23 | INFO | amazon_scrapper | [25:2] HTTP 200 https://www.amazon.com/Bath-Body-Works-Mahogany-Intensity/dp/B01M7TTA2S/ref=sr_1_6?dib=eyJ2IjoiMSJ9.zMAO4KoV97MNLy5PY5TKL1RIvLm4FAV7NDzGVtHpZKzW5aKYRPULwRegTXo1Tkfj2XVPNIQYrRUtTHc1zbcsMLehhHZLRSV1Fc80ldOkHHWgjDJrlRW1kTFGaac-fOsJcI6Z5a_ED_Rzo0OBROlzfQF0x3HI4KoZWYvEBrvqy5C16mZVPRpHzlZQdCxjfHM3Xy3oEkaIOos-LoMcJ505XsqOvfjiFBoKv7JZJBQIJQMRknVDwh3HltqNi7ATXkLOeqnXdLWY1AoX4pSJWz8onsZPdfF76AH-J8qtySzxJoM.8EJqyfDdXkOrp4JHIb-jJwIjAkOBj4R3lu750az0IqA&dib_tag=se&keywords=candle&qid=1787916134&sr=8-6
2026-08-28 17:27:23 | INFO | amazon_scrapper | [25:2] Saved D:\Amazon Scrapper\AmazonScrapper\data\products\keyword_25_product_002.html
2026-08-28 17:27:23 | INFO | amazon_scrapper | [25:3] HTTP 200 https://www.amazon.com/Scented-Candles-Eucalyptus-Aromatherapy-Lasting/dp/B0D8VR4BTZ/ref=sr_1_7?dib=eyJ2IjoiMSJ9.zMAO4KoV97MNLy5PY5TKL1RIvLm4FAV7NDzGVtHpZKzW5aKYRPULwRegTXo1Tkfj2XVPNIQYrRUtTHc1zbcsMLehhHZLRSV1Fc80ldOkHHWgjDJrlRW1kTFGaac-fOsJcI6Z5a_ED_Rzo0OBROlzfQF0x3HI4KoZWYvEBrvqy5C16mZVPRpHzlZQdCxjfHM3Xy3oEkaIOos-LoMcJ505XsqOvfjiFBoKv7JZJBQIJQMRknVDwh3HltqNi7ATXkLOeqnXdLWY1AoX4pSJWz8onsZPdfF76AH-J8qtySzxJoM.8EJqyfDdXkOrp4JHIb-jJwIjAkOBj4R3lu750az0IqA&dib_tag=se&keywords=candle&qid=1787916134&sr=8-7
2026-08-28 17:27:23 | INFO | amazon_scrapper | [25:3] Saved D:\Amazon Scrapper\AmazonScrapper\data\products\keyword_25_product_003.html
2026-08-28 17:27:23 | INFO | amazon_scrapper | [25:4] HTTP 200 https://www.amazon.com/Yankee-Candle-Consistent-Fragrance-Midsummers/dp/B0F3DQSZKT/ref=sr_1_8?dib=eyJ2IjoiMSJ9.zMAO4KoV97MNLy5PY5TKL1RIvLm4FAV7NDzGVtHpZKzW5aKYRPULwRegTXo1Tkfj2XVPNIQYrRUtTHc1zbcsMLehhHZLRSV1Fc80ldOkHHWgjDJrlRW1kTFGaac-fOsJcI6Z5a_ED_Rzo0OBROlzfQF0x3HI4KoZWYvEBrvqy5C16mZVPRpHzlZQdCxjfHM3Xy3oEkaIOos-LoMcJ505XsqOvfjiFBoKv7JZJBQIJQMRknVDwh3HltqNi7ATXkLOeqnXdLWY1AoX4pSJWz8onsZPdfF76AH-J8qtySzxJoM.8EJqyfDdXkOrp4JHIb-jJwIjAkOBj4R3lu750az0IqA&dib_tag=se&keywords=candle&qid=1787916134&sr=8-8
2026-08-28 17:27:23 | INFO | amazon_scrapper | [25:4] Saved D:\Amazon Scrapper\AmazonScrapper\data\products\keyword_25_product_004.html
2026-08-28 17:27:24 | INFO | amazon_scrapper | [25:6] HTTP 200 https://www.amazon.com/Yankee-Candle-Scented-Consistent-Fragrance/dp/B0F3F2XPW1/ref=sr_1_10?dib=eyJ2IjoiMSJ9.zMAO4KoV97MNLy5PY5TKL1RIvLm4FAV7NDzGVtHpZKzW5aKYRPULwRegTXo1Tkfj2XVPNIQYrRUtTHc1zbcsMLehhHZLRSV1Fc80ldOkHHWgjDJrlRW1kTFGaac-fOsJcI6Z5a_ED_Rzo0OBROlzfQF0x3HI4KoZWYvEBrvqy5C16mZVPRpHzlZQdCxjfHM3Xy3oEkaIOos-LoMcJ505XsqOvfjiFBoKv7JZJBQIJQMRknVDwh3HltqNi7ATXkLOeqnXdLWY1AoX4pSJWz8onsZPdfF76AH-J8qtySzxJoM.8EJqyfDdXkOrp4JHIb-jJwIjAkOBj4R3lu750az0IqA&dib_tag=se&keywords=candle&qid=1787916134&sr=8-10
2026-08-28 17:27:24 | INFO | amazon_scrapper | [25:6] Saved D:\Amazon Scrapper\AmazonScrapper\data\products\keyword_25_product_006.html
2026-08-28 17:27:25 | INFO | amazon_scrapper | [25:5] HTTP 200 https://www.amazon.com/Candles-Scented-Aromatherapy-Birthday-Thanksgiving/dp/B08XZ3HWF3/ref=sr_1_9?dib=eyJ2IjoiMSJ9.zMAO4KoV97MNLy5PY5TKL1RIvLm4FAV7NDzGVtHpZKzW5aKYRPULwRegTXo1Tkfj2XVPNIQYrRUtTHc1zbcsMLehhHZLRSV1Fc80ldOkHHWgjDJrlRW1kTFGaac-fOsJcI6Z5a_ED_Rzo0OBROlzfQF0x3HI4KoZWYvEBrvqy5C16mZVPRpHzlZQdCxjfHM3Xy3oEkaIOos-LoMcJ505XsqOvfjiFBoKv7JZJBQIJQMRknVDwh3HltqNi7ATXkLOeqnXdLWY1AoX4pSJWz8onsZPdfF76AH-J8qtySzxJoM.8EJqyfDdXkOrp4JHIb-jJwIjAkOBj4R3lu750az0IqA&dib_tag=se&keywords=candle&qid=1787916134&sr=8-9
2026-08-28 17:27:25 | INFO | amazon_scrapper | [25:5] Saved D:\Amazon Scrapper\AmazonScrapper\data\products\keyword_25_product_005.html
2026-08-28 17:27:25 | INFO | amazon_scrapper | [25:7] HTTP 200 https://www.amazon.com/Diannes-Custom-Candles-Eliminating-Fragranced/dp/B07QCQN4B9/ref=sr_1_15?dib=eyJ2IjoiMSJ9.zMAO4KoV97MNLy5PY5TKL1RIvLm4FAV7NDzGVtHpZKzW5aKYRPULwRegTXo1Tkfj2XVPNIQYrRUtTHc1zbcsMLehhHZLRSV1Fc80ldOkHHWgjDJrlRW1kTFGaac-fOsJcI6Z5a_ED_Rzo0OBROlzfQF0x3HI4KoZWYvEBrvqy5C16mZVPRpHzlZQdCxjfHM3Xy3oEkaIOos-LoMcJ505XsqOvfjiFBoKv7JZJBQIJQMRknVDwh3HltqNi7ATXkLOeqnXdLWY1AoX4pSJWz8onsZPdfF76AH-J8qtySzxJoM.8EJqyfDdXkOrp4JHIb-jJwIjAkOBj4R3lu750az0IqA&dib_tag=se&keywords=candle&qid=1787916134&sr=8-15
2026-08-28 17:27:25 | INFO | amazon_scrapper | [25:7] Saved D:\Amazon Scrapper\AmazonScrapper\data\products\keyword_25_product_007.html
2026-08-28 17:27:25 | INFO | amazon_scrapper | [25:8] HTTP 200 https://www.amazon.com/Scented-Lavender-Crystals-Aromatherapy-Birthday/dp/B09R1K4LP1/ref=sr_1_16?dib=eyJ2IjoiMSJ9.zMAO4KoV97MNLy5PY5TKL1RIvLm4FAV7NDzGVtHpZKzW5aKYRPULwRegTXo1Tkfj2XVPNIQYrRUtTHc1zbcsMLehhHZLRSV1Fc80ldOkHHWgjDJrlRW1kTFGaac-fOsJcI6Z5a_ED_Rzo0OBROlzfQF0x3HI4KoZWYvEBrvqy5C16mZVPRpHzlZQdCxjfHM3Xy3oEkaIOos-LoMcJ505XsqOvfjiFBoKv7JZJBQIJQMRknVDwh3HltqNi7ATXkLOeqnXdLWY1AoX4pSJWz8onsZPdfF76AH-J8qtySzxJoM.8EJqyfDdXkOrp4JHIb-jJwIjAkOBj4R3lu750az0IqA&dib_tag=se&keywords=candle&qid=1787916134&sr=8-16
2026-08-28 17:27:25 | INFO | amazon_scrapper | [25:8] Saved D:\Amazon Scrapper\AmazonScrapper\data\products\keyword_25_product_008.html
2026-08-28 17:27:25 | INFO | amazon_scrapper | [25:9] HTTP 200 https://www.amazon.com/Craftique-Friendship-Inspirational-Girlfriend-Appreciation/dp/B0DYMW78WD/ref=sr_1_17?dib=eyJ2IjoiMSJ9.zMAO4KoV97MNLy5PY5TKL1RIvLm4FAV7NDzGVtHpZKzW5aKYRPULwRegTXo1Tkfj2XVPNIQYrRUtTHc1zbcsMLehhHZLRSV1Fc80ldOkHHWgjDJrlRW1kTFGaac-fOsJcI6Z5a_ED_Rzo0OBROlzfQF0x3HI4KoZWYvEBrvqy5C16mZVPRpHzlZQdCxjfHM3Xy3oEkaIOos-LoMcJ505XsqOvfjiFBoKv7JZJBQIJQMRknVDwh3HltqNi7ATXkLOeqnXdLWY1AoX4pSJWz8onsZPdfF76AH-J8qtySzxJoM.8EJqyfDdXkOrp4JHIb-jJwIjAkOBj4R3lu750az0IqA&dib_tag=se&keywords=candle&qid=1787916134&sr=8-17
2026-08-28 17:27:25 | INFO | amazon_scrapper | [25:9] Saved D:\Amazon Scrapper\AmazonScrapper\data\products\keyword_25_product_009.html
2026-08-28 17:27:26 | INFO | amazon_scrapper | [25:10] HTTP 200 https://www.amazon.com/Yankee-Candle-Consistent-Fragrance-Lavender/dp/B0F3DR5P2W/ref=sr_1_18?dib=eyJ2IjoiMSJ9.zMAO4KoV97MNLy5PY5TKL1RIvLm4FAV7NDzGVtHpZKzW5aKYRPULwRegTXo1Tkfj2XVPNIQYrRUtTHc1zbcsMLehhHZLRSV1Fc80ldOkHHWgjDJrlRW1kTFGaac-fOsJcI6Z5a_ED_Rzo0OBROlzfQF0x3HI4KoZWYvEBrvqy5C16mZVPRpHzlZQdCxjfHM3Xy3oEkaIOos-LoMcJ505XsqOvfjiFBoKv7JZJBQIJQMRknVDwh3HltqNi7ATXkLOeqnXdLWY1AoX4pSJWz8onsZPdfF76AH-J8qtySzxJoM.8EJqyfDdXkOrp4JHIb-jJwIjAkOBj4R3lu750az0IqA&dib_tag=se&keywords=candle&qid=1787916134&sr=8-18
2026-08-28 17:27:26 | INFO | amazon_scrapper | [25:10] Saved D:\Amazon Scrapper\AmazonScrapper\data\products\keyword_25_product_010.html
2026-08-28 17:27:27 | INFO | amazon_scrapper | [25:11] HTTP 200 https://www.amazon.com/Capri-Blue-Volcano-Scented-Candle/dp/B0BVCXZL45/ref=sr_1_23?dib=eyJ2IjoiMSJ9.zMAO4KoV97MNLy5PY5TKL1RIvLm4FAV7NDzGVtHpZKzW5aKYRPULwRegTXo1Tkfj2XVPNIQYrRUtTHc1zbcsMLehhHZLRSV1Fc80ldOkHHWgjDJrlRW1kTFGaac-fOsJcI6Z5a_ED_Rzo0OBROlzfQF0x3HI4KoZWYvEBrvqy5C16mZVPRpHzlZQdCxjfHM3Xy3oEkaIOos-LoMcJ505XsqOvfjiFBoKv7JZJBQIJQMRknVDwh3HltqNi7ATXkLOeqnXdLWY1AoX4pSJWz8onsZPdfF76AH-J8qtySzxJoM.8EJqyfDdXkOrp4JHIb-jJwIjAkOBj4R3lu750az0IqA&dib_tag=se&keywords=candle&qid=1787916134&sr=8-23
2026-08-28 17:27:27 | INFO | amazon_scrapper | [25:11] Saved D:\Amazon Scrapper\AmazonScrapper\data\products\keyword_25_product_011.html
2026-08-28 17:27:27 | INFO | amazon_scrapper | [25:12] HTTP 200 https://www.amazon.com/Bath-Body-Works-3-Wick-Essential/dp/B09D9XLZ3Q/ref=sr_1_24?dib=eyJ2IjoiMSJ9.zMAO4KoV97MNLy5PY5TKL1RIvLm4FAV7NDzGVtHpZKzW5aKYRPULwRegTXo1Tkfj2XVPNIQYrRUtTHc1zbcsMLehhHZLRSV1Fc80ldOkHHWgjDJrlRW1kTFGaac-fOsJcI6Z5a_ED_Rzo0OBROlzfQF0x3HI4KoZWYvEBrvqy5C16mZVPRpHzlZQdCxjfHM3Xy3oEkaIOos-LoMcJ505XsqOvfjiFBoKv7JZJBQIJQMRknVDwh3HltqNi7ATXkLOeqnXdLWY1AoX4pSJWz8onsZPdfF76AH-J8qtySzxJoM.8EJqyfDdXkOrp4JHIb-jJwIjAkOBj4R3lu750az0IqA&dib_tag=se&keywords=candle&qid=1787916134&sr=8-24
2026-08-28 17:27:27 | INFO | amazon_scrapper | [25:12] Saved D:\Amazon Scrapper\AmazonScrapper\data\products\keyword_25_product_012.html
2026-08-28 17:27:27 | INFO | amazon_scrapper | [25:14] HTTP 200 https://www.amazon.com/Village-Candle-Spiced-Pumpkin-Scented/dp/B002YX0GAA/ref=sr_1_26?dib=eyJ2IjoiMSJ9.zMAO4KoV97MNLy5PY5TKL1RIvLm4FAV7NDzGVtHpZKzW5aKYRPULwRegTXo1Tkfj2XVPNIQYrRUtTHc1zbcsMLehhHZLRSV1Fc80ldOkHHWgjDJrlRW1kTFGaac-fOsJcI6Z5a_ED_Rzo0OBROlzfQF0x3HI4KoZWYvEBrvqy5C16mZVPRpHzlZQdCxjfHM3Xy3oEkaIOos-LoMcJ505XsqOvfjiFBoKv7JZJBQIJQMRknVDwh3HltqNi7ATXkLOeqnXdLWY1AoX4pSJWz8onsZPdfF76AH-J8qtySzxJoM.8EJqyfDdXkOrp4JHIb-jJwIjAkOBj4R3lu750az0IqA&dib_tag=se&keywords=candle&qid=1787916134&sr=8-26
2026-08-28 17:27:27 | INFO | amazon_scrapper | [25:14] Saved D:\Amazon Scrapper\AmazonScrapper\data\products\keyword_25_product_014.html
2026-08-28 17:27:27 | INFO | amazon_scrapper | [25:13] HTTP 200 https://www.amazon.com/Yankee-Candle-Large-Sparkling-Cinnamon/dp/B001L2MD2E/ref=sr_1_25?dib=eyJ2IjoiMSJ9.zMAO4KoV97MNLy5PY5TKL1RIvLm4FAV7NDzGVtHpZKzW5aKYRPULwRegTXo1Tkfj2XVPNIQYrRUtTHc1zbcsMLehhHZLRSV1Fc80ldOkHHWgjDJrlRW1kTFGaac-fOsJcI6Z5a_ED_Rzo0OBROlzfQF0x3HI4KoZWYvEBrvqy5C16mZVPRpHzlZQdCxjfHM3Xy3oEkaIOos-LoMcJ505XsqOvfjiFBoKv7JZJBQIJQMRknVDwh3HltqNi7ATXkLOeqnXdLWY1AoX4pSJWz8onsZPdfF76AH-J8qtySzxJoM.8EJqyfDdXkOrp4JHIb-jJwIjAkOBj4R3lu750az0IqA&dib_tag=se&keywords=candle&qid=1787916134&sr=8-25
2026-08-28 17:27:27 | INFO | amazon_scrapper | [25:13] Saved D:\Amazon Scrapper\AmazonScrapper\data\products\keyword_25_product_013.html
2026-08-28 17:27:28 | INFO | amazon_scrapper | [25:15] HTTP 200 https://www.amazon.com/Bath-Body-Works-Champagne-scented/dp/B098F5CC4N/ref=sr_1_27?dib=eyJ2IjoiMSJ9.zMAO4KoV97MNLy5PY5TKL1RIvLm4FAV7NDzGVtHpZKzW5aKYRPULwRegTXo1Tkfj2XVPNIQYrRUtTHc1zbcsMLehhHZLRSV1Fc80ldOkHHWgjDJrlRW1kTFGaac-fOsJcI6Z5a_ED_Rzo0OBROlzfQF0x3HI4KoZWYvEBrvqy5C16mZVPRpHzlZQdCxjfHM3Xy3oEkaIOos-LoMcJ505XsqOvfjiFBoKv7JZJBQIJQMRknVDwh3HltqNi7ATXkLOeqnXdLWY1AoX4pSJWz8onsZPdfF76AH-J8qtySzxJoM.8EJqyfDdXkOrp4JHIb-jJwIjAkOBj4R3lu750az0IqA&dib_tag=se&keywords=candle&qid=1787916134&sr=8-27
2026-08-28 17:27:28 | INFO | amazon_scrapper | [25:15] Saved D:\Amazon Scrapper\AmazonScrapper\data\products\keyword_25_product_015.html
2026-08-28 17:27:29 | INFO | amazon_scrapper | [25:17] HTTP 200 https://www.amazon.com/Yankee-Candle-Consistent-Fragrance-Sicilian/dp/B0F3DSZDHT/ref=sr_1_29?dib=eyJ2IjoiMSJ9.zMAO4KoV97MNLy5PY5TKL1RIvLm4FAV7NDzGVtHpZKzW5aKYRPULwRegTXo1Tkfj2XVPNIQYrRUtTHc1zbcsMLehhHZLRSV1Fc80ldOkHHWgjDJrlRW1kTFGaac-fOsJcI6Z5a_ED_Rzo0OBROlzfQF0x3HI4KoZWYvEBrvqy5C16mZVPRpHzlZQdCxjfHM3Xy3oEkaIOos-LoMcJ505XsqOvfjiFBoKv7JZJBQIJQMRknVDwh3HltqNi7ATXkLOeqnXdLWY1AoX4pSJWz8onsZPdfF76AH-J8qtySzxJoM.8EJqyfDdXkOrp4JHIb-jJwIjAkOBj4R3lu750az0IqA&dib_tag=se&keywords=candle&qid=1787916134&sr=8-29
2026-08-28 17:27:29 | INFO | amazon_scrapper | [25:17] Saved D:\Amazon Scrapper\AmazonScrapper\data\products\keyword_25_product_017.html
2026-08-28 17:27:29 | INFO | amazon_scrapper | [25:16] HTTP 200 https://www.amazon.com/Yankee-Candle-Consistent-Fragrance-Lavender/dp/B0F3F5FHWT/ref=sr_1_28?dib=eyJ2IjoiMSJ9.zMAO4KoV97MNLy5PY5TKL1RIvLm4FAV7NDzGVtHpZKzW5aKYRPULwRegTXo1Tkfj2XVPNIQYrRUtTHc1zbcsMLehhHZLRSV1Fc80ldOkHHWgjDJrlRW1kTFGaac-fOsJcI6Z5a_ED_Rzo0OBROlzfQF0x3HI4KoZWYvEBrvqy5C16mZVPRpHzlZQdCxjfHM3Xy3oEkaIOos-LoMcJ505XsqOvfjiFBoKv7JZJBQIJQMRknVDwh3HltqNi7ATXkLOeqnXdLWY1AoX4pSJWz8onsZPdfF76AH-J8qtySzxJoM.8EJqyfDdXkOrp4JHIb-jJwIjAkOBj4R3lu750az0IqA&dib_tag=se&keywords=candle&qid=1787916134&sr=8-28
2026-08-28 17:27:29 | INFO | amazon_scrapper | [25:16] Saved D:\Amazon Scrapper\AmazonScrapper\data\products\keyword_25_product_016.html
2026-08-28 17:27:29 | INFO | amazon_scrapper | [25:19] HTTP 200 https://www.amazon.com/Maison-Louis-Marie-Balincourt-Candle/dp/B07982DFFD/ref=sr_1_31?dib=eyJ2IjoiMSJ9.zMAO4KoV97MNLy5PY5TKL1RIvLm4FAV7NDzGVtHpZKzW5aKYRPULwRegTXo1Tkfj2XVPNIQYrRUtTHc1zbcsMLehhHZLRSV1Fc80ldOkHHWgjDJrlRW1kTFGaac-fOsJcI6Z5a_ED_Rzo0OBROlzfQF0x3HI4KoZWYvEBrvqy5C16mZVPRpHzlZQdCxjfHM3Xy3oEkaIOos-LoMcJ505XsqOvfjiFBoKv7JZJBQIJQMRknVDwh3HltqNi7ATXkLOeqnXdLWY1AoX4pSJWz8onsZPdfF76AH-J8qtySzxJoM.8EJqyfDdXkOrp4JHIb-jJwIjAkOBj4R3lu750az0IqA&dib_tag=se&keywords=candle&qid=1787916134&sr=8-31
2026-08-28 17:27:29 | INFO | amazon_scrapper | [25:19] Saved D:\Amazon Scrapper\AmazonScrapper\data\products\keyword_25_product_019.html
2026-08-28 17:27:29 | INFO | amazon_scrapper | [25:18] HTTP 200 https://www.amazon.com/96NORTH-Vanilla-Aesthetic-Birthday-Aromatherapy/dp/B08R5Z9LXX/ref=sr_1_30?dib=eyJ2IjoiMSJ9.zMAO4KoV97MNLy5PY5TKL1RIvLm4FAV7NDzGVtHpZKzW5aKYRPULwRegTXo1Tkfj2XVPNIQYrRUtTHc1zbcsMLehhHZLRSV1Fc80ldOkHHWgjDJrlRW1kTFGaac-fOsJcI6Z5a_ED_Rzo0OBROlzfQF0x3HI4KoZWYvEBrvqy5C16mZVPRpHzlZQdCxjfHM3Xy3oEkaIOos-LoMcJ505XsqOvfjiFBoKv7JZJBQIJQMRknVDwh3HltqNi7ATXkLOeqnXdLWY1AoX4pSJWz8onsZPdfF76AH-J8qtySzxJoM.8EJqyfDdXkOrp4JHIb-jJwIjAkOBj4R3lu750az0IqA&dib_tag=se&keywords=candle&qid=1787916134&sr=8-30
2026-08-28 17:27:29 | INFO | amazon_scrapper | [25:18] Saved D:\Amazon Scrapper\AmazonScrapper\data\products\keyword_25_product_018.html
2026-08-28 17:27:30 | INFO | amazon_scrapper | [25:20] HTTP 200 https://www.amazon.com/Vanilla-Bean-Woodwick-Jar-Candle/dp/B000FDZJBM/ref=sr_1_32?dib=eyJ2IjoiMSJ9.zMAO4KoV97MNLy5PY5TKL1RIvLm4FAV7NDzGVtHpZKzW5aKYRPULwRegTXo1Tkfj2XVPNIQYrRUtTHc1zbcsMLehhHZLRSV1Fc80ldOkHHWgjDJrlRW1kTFGaac-fOsJcI6Z5a_ED_Rzo0OBROlzfQF0x3HI4KoZWYvEBrvqy5C16mZVPRpHzlZQdCxjfHM3Xy3oEkaIOos-LoMcJ505XsqOvfjiFBoKv7JZJBQIJQMRknVDwh3HltqNi7ATXkLOeqnXdLWY1AoX4pSJWz8onsZPdfF76AH-J8qtySzxJoM.8EJqyfDdXkOrp4JHIb-jJwIjAkOBj4R3lu750az0IqA&dib_tag=se&keywords=candle&qid=1787916134&sr=8-32
2026-08-28 17:27:30 | INFO | amazon_scrapper | [25:20] Saved D:\Amazon Scrapper\AmazonScrapper\data\products\keyword_25_product_020.html
2026-08-28 17:27:31 | INFO | amazon_scrapper | [25:21] HTTP 200 https://www.amazon.com/AOOVOO-Lavender-Scented-Candles-Women/dp/B0D83HBHBM/ref=sr_1_33?dib=eyJ2IjoiMSJ9.zMAO4KoV97MNLy5PY5TKL1RIvLm4FAV7NDzGVtHpZKzW5aKYRPULwRegTXo1Tkfj2XVPNIQYrRUtTHc1zbcsMLehhHZLRSV1Fc80ldOkHHWgjDJrlRW1kTFGaac-fOsJcI6Z5a_ED_Rzo0OBROlzfQF0x3HI4KoZWYvEBrvqy5C16mZVPRpHzlZQdCxjfHM3Xy3oEkaIOos-LoMcJ505XsqOvfjiFBoKv7JZJBQIJQMRknVDwh3HltqNi7ATXkLOeqnXdLWY1AoX4pSJWz8onsZPdfF76AH-J8qtySzxJoM.8EJqyfDdXkOrp4JHIb-jJwIjAkOBj4R3lu750az0IqA&dib_tag=se&keywords=candle&qid=1787916134&sr=8-33
2026-08-28 17:27:31 | INFO | amazon_scrapper | [25:21] Saved D:\Amazon Scrapper\AmazonScrapper\data\products\keyword_25_product_021.html
2026-08-28 17:27:31 | INFO | amazon_scrapper | [25:22] HTTP 200 https://www.amazon.com/Capri-Blue-Petite-Volcano-Candle/dp/B075DVZBGV/ref=sr_1_34?dib=eyJ2IjoiMSJ9.zMAO4KoV97MNLy5PY5TKL1RIvLm4FAV7NDzGVtHpZKzW5aKYRPULwRegTXo1Tkfj2XVPNIQYrRUtTHc1zbcsMLehhHZLRSV1Fc80ldOkHHWgjDJrlRW1kTFGaac-fOsJcI6Z5a_ED_Rzo0OBROlzfQF0x3HI4KoZWYvEBrvqy5C16mZVPRpHzlZQdCxjfHM3Xy3oEkaIOos-LoMcJ505XsqOvfjiFBoKv7JZJBQIJQMRknVDwh3HltqNi7ATXkLOeqnXdLWY1AoX4pSJWz8onsZPdfF76AH-J8qtySzxJoM.8EJqyfDdXkOrp4JHIb-jJwIjAkOBj4R3lu750az0IqA&dib_tag=se&keywords=candle&qid=1787916134&sr=8-34
2026-08-28 17:27:31 | INFO | amazon_scrapper | [25:22] Saved D:\Amazon Scrapper\AmazonScrapper\data\products\keyword_25_product_022.html
2026-08-28 17:27:31 | INFO | amazon_scrapper | [25:23] HTTP 200 https://www.amazon.com/WoodWick-Shoreline-Trilogy-Medium-Hourglass/dp/B08YFF5MXX/ref=sr_1_35?dib=eyJ2IjoiMSJ9.zMAO4KoV97MNLy5PY5TKL1RIvLm4FAV7NDzGVtHpZKzW5aKYRPULwRegTXo1Tkfj2XVPNIQYrRUtTHc1zbcsMLehhHZLRSV1Fc80ldOkHHWgjDJrlRW1kTFGaac-fOsJcI6Z5a_ED_Rzo0OBROlzfQF0x3HI4KoZWYvEBrvqy5C16mZVPRpHzlZQdCxjfHM3Xy3oEkaIOos-LoMcJ505XsqOvfjiFBoKv7JZJBQIJQMRknVDwh3HltqNi7ATXkLOeqnXdLWY1AoX4pSJWz8onsZPdfF76AH-J8qtySzxJoM.8EJqyfDdXkOrp4JHIb-jJwIjAkOBj4R3lu750az0IqA&dib_tag=se&keywords=candle&qid=1787916134&sr=8-35
2026-08-28 17:27:31 | INFO | amazon_scrapper | [25:23] Saved D:\Amazon Scrapper\AmazonScrapper\data\products\keyword_25_product_023.html
2026-08-28 17:27:31 | INFO | amazon_scrapper | [25:24] HTTP 200 https://www.amazon.com/Lulu-Candles-Scented-Jasmine-Sandalwood/dp/B099XVDV91/ref=sr_1_36?dib=eyJ2IjoiMSJ9.zMAO4KoV97MNLy5PY5TKL1RIvLm4FAV7NDzGVtHpZKzW5aKYRPULwRegTXo1Tkfj2XVPNIQYrRUtTHc1zbcsMLehhHZLRSV1Fc80ldOkHHWgjDJrlRW1kTFGaac-fOsJcI6Z5a_ED_Rzo0OBROlzfQF0x3HI4KoZWYvEBrvqy5C16mZVPRpHzlZQdCxjfHM3Xy3oEkaIOos-LoMcJ505XsqOvfjiFBoKv7JZJBQIJQMRknVDwh3HltqNi7ATXkLOeqnXdLWY1AoX4pSJWz8onsZPdfF76AH-J8qtySzxJoM.8EJqyfDdXkOrp4JHIb-jJwIjAkOBj4R3lu750az0IqA&dib_tag=se&keywords=candle&qid=1787916134&sr=8-36
2026-08-28 17:27:31 | INFO | amazon_scrapper | [25:24] Saved D:\Amazon Scrapper\AmazonScrapper\data\products\keyword_25_product_024.html
2026-08-28 17:27:32 | INFO | amazon_scrapper | [25:27] HTTP 200 https://www.amazon.com/Yankee-Candle-Scented-Consistent-Fragrance/dp/B0F3DSJZ5H/ref=sr_1_39?dib=eyJ2IjoiMSJ9.zMAO4KoV97MNLy5PY5TKL1RIvLm4FAV7NDzGVtHpZKzW5aKYRPULwRegTXo1Tkfj2XVPNIQYrRUtTHc1zbcsMLehhHZLRSV1Fc80ldOkHHWgjDJrlRW1kTFGaac-fOsJcI6Z5a_ED_Rzo0OBROlzfQF0x3HI4KoZWYvEBrvqy5C16mZVPRpHzlZQdCxjfHM3Xy3oEkaIOos-LoMcJ505XsqOvfjiFBoKv7JZJBQIJQMRknVDwh3HltqNi7ATXkLOeqnXdLWY1AoX4pSJWz8onsZPdfF76AH-J8qtySzxJoM.8EJqyfDdXkOrp4JHIb-jJwIjAkOBj4R3lu750az0IqA&dib_tag=se&keywords=candle&qid=1787916134&sr=8-39
2026-08-28 17:27:33 | INFO | amazon_scrapper | [25:27] Saved D:\Amazon Scrapper\AmazonScrapper\data\products\keyword_25_product_027.html
2026-08-28 17:27:33 | INFO | amazon_scrapper | [25:25] HTTP 200 https://www.amazon.com/Seda-France-Pagoda-Candle-Japanase/dp/B001TRILSG/ref=sr_1_37?dib=eyJ2IjoiMSJ9.zMAO4KoV97MNLy5PY5TKL1RIvLm4FAV7NDzGVtHpZKzW5aKYRPULwRegTXo1Tkfj2XVPNIQYrRUtTHc1zbcsMLehhHZLRSV1Fc80ldOkHHWgjDJrlRW1kTFGaac-fOsJcI6Z5a_ED_Rzo0OBROlzfQF0x3HI4KoZWYvEBrvqy5C16mZVPRpHzlZQdCxjfHM3Xy3oEkaIOos-LoMcJ505XsqOvfjiFBoKv7JZJBQIJQMRknVDwh3HltqNi7ATXkLOeqnXdLWY1AoX4pSJWz8onsZPdfF76AH-J8qtySzxJoM.8EJqyfDdXkOrp4JHIb-jJwIjAkOBj4R3lu750az0IqA&dib_tag=se&keywords=candle&qid=1787916134&sr=8-37
2026-08-28 17:27:33 | INFO | amazon_scrapper | [25:25] Saved D:\Amazon Scrapper\AmazonScrapper\data\products\keyword_25_product_025.html
2026-08-28 17:27:33 | INFO | amazon_scrapper | [25:26] HTTP 200 https://www.amazon.com/Tyler-Diva-Scented-Candle-22/dp/B0016R858U/ref=sr_1_38?dib=eyJ2IjoiMSJ9.zMAO4KoV97MNLy5PY5TKL1RIvLm4FAV7NDzGVtHpZKzW5aKYRPULwRegTXo1Tkfj2XVPNIQYrRUtTHc1zbcsMLehhHZLRSV1Fc80ldOkHHWgjDJrlRW1kTFGaac-fOsJcI6Z5a_ED_Rzo0OBROlzfQF0x3HI4KoZWYvEBrvqy5C16mZVPRpHzlZQdCxjfHM3Xy3oEkaIOos-LoMcJ505XsqOvfjiFBoKv7JZJBQIJQMRknVDwh3HltqNi7ATXkLOeqnXdLWY1AoX4pSJWz8onsZPdfF76AH-J8qtySzxJoM.8EJqyfDdXkOrp4JHIb-jJwIjAkOBj4R3lu750az0IqA&dib_tag=se&keywords=candle&qid=1787916134&sr=8-38
2026-08-28 17:27:33 | INFO | amazon_scrapper | [25:26] Saved D:\Amazon Scrapper\AmazonScrapper\data\products\keyword_25_product_026.html
2026-08-28 17:27:33 | INFO | amazon_scrapper | [25:28] HTTP 200 https://www.amazon.com/Capri-Blue-Unisex-Printed-Volcano/dp/B07F2QX4Y5/ref=sr_1_40?dib=eyJ2IjoiMSJ9.zMAO4KoV97MNLy5PY5TKL1RIvLm4FAV7NDzGVtHpZKzW5aKYRPULwRegTXo1Tkfj2XVPNIQYrRUtTHc1zbcsMLehhHZLRSV1Fc80ldOkHHWgjDJrlRW1kTFGaac-fOsJcI6Z5a_ED_Rzo0OBROlzfQF0x3HI4KoZWYvEBrvqy5C16mZVPRpHzlZQdCxjfHM3Xy3oEkaIOos-LoMcJ505XsqOvfjiFBoKv7JZJBQIJQMRknVDwh3HltqNi7ATXkLOeqnXdLWY1AoX4pSJWz8onsZPdfF76AH-J8qtySzxJoM.8EJqyfDdXkOrp4JHIb-jJwIjAkOBj4R3lu750az0IqA&dib_tag=se&keywords=candle&qid=1787916134&sr=8-40
2026-08-28 17:27:33 | INFO | amazon_scrapper | [25:28] Saved D:\Amazon Scrapper\AmazonScrapper\data\products\keyword_25_product_028.html
2026-08-28 17:27:33 | INFO | amazon_scrapper | [25:29] HTTP 200 https://www.amazon.com/Village-Candle-Balsam-Glass-Scented/dp/B002YX0GEQ/ref=sr_1_41?dib=eyJ2IjoiMSJ9.zMAO4KoV97MNLy5PY5TKL1RIvLm4FAV7NDzGVtHpZKzW5aKYRPULwRegTXo1Tkfj2XVPNIQYrRUtTHc1zbcsMLehhHZLRSV1Fc80ldOkHHWgjDJrlRW1kTFGaac-fOsJcI6Z5a_ED_Rzo0OBROlzfQF0x3HI4KoZWYvEBrvqy5C16mZVPRpHzlZQdCxjfHM3Xy3oEkaIOos-LoMcJ505XsqOvfjiFBoKv7JZJBQIJQMRknVDwh3HltqNi7ATXkLOeqnXdLWY1AoX4pSJWz8onsZPdfF76AH-J8qtySzxJoM.8EJqyfDdXkOrp4JHIb-jJwIjAkOBj4R3lu750az0IqA&dib_tag=se&keywords=candle&qid=1787916134&sr=8-41
2026-08-28 17:27:33 | INFO | amazon_scrapper | [25:29] Saved D:\Amazon Scrapper\AmazonScrapper\data\products\keyword_25_product_029.html
2026-08-28 17:27:34 | INFO | amazon_scrapper | [25:30] HTTP 200 https://www.amazon.com/Teakwood-Mahogany-Candle-Masculine-Candles/dp/B0DLN1G7G6/ref=sr_1_42?dib=eyJ2IjoiMSJ9.zMAO4KoV97MNLy5PY5TKL1RIvLm4FAV7NDzGVtHpZKzW5aKYRPULwRegTXo1Tkfj2XVPNIQYrRUtTHc1zbcsMLehhHZLRSV1Fc80ldOkHHWgjDJrlRW1kTFGaac-fOsJcI6Z5a_ED_Rzo0OBROlzfQF0x3HI4KoZWYvEBrvqy5C16mZVPRpHzlZQdCxjfHM3Xy3oEkaIOos-LoMcJ505XsqOvfjiFBoKv7JZJBQIJQMRknVDwh3HltqNi7ATXkLOeqnXdLWY1AoX4pSJWz8onsZPdfF76AH-J8qtySzxJoM.8EJqyfDdXkOrp4JHIb-jJwIjAkOBj4R3lu750az0IqA&dib_tag=se&keywords=candle&qid=1787916134&sr=8-42
2026-08-28 17:27:34 | INFO | amazon_scrapper | [25:30] Saved D:\Amazon Scrapper\AmazonScrapper\data\products\keyword_25_product_030.html
2026-08-28 17:27:34 | INFO | amazon_scrapper | [25:31] HTTP 200 https://www.amazon.com/Yankee-Candle-Consistent-Fragrance-Cinnamon/dp/B0F3DR5YWF/ref=sr_1_43?dib=eyJ2IjoiMSJ9.zMAO4KoV97MNLy5PY5TKL1RIvLm4FAV7NDzGVtHpZKzW5aKYRPULwRegTXo1Tkfj2XVPNIQYrRUtTHc1zbcsMLehhHZLRSV1Fc80ldOkHHWgjDJrlRW1kTFGaac-fOsJcI6Z5a_ED_Rzo0OBROlzfQF0x3HI4KoZWYvEBrvqy5C16mZVPRpHzlZQdCxjfHM3Xy3oEkaIOos-LoMcJ505XsqOvfjiFBoKv7JZJBQIJQMRknVDwh3HltqNi7ATXkLOeqnXdLWY1AoX4pSJWz8onsZPdfF76AH-J8qtySzxJoM.8EJqyfDdXkOrp4JHIb-jJwIjAkOBj4R3lu750az0IqA&dib_tag=se&keywords=candle&qid=1787916134&sr=8-43
2026-08-28 17:27:34 | INFO | amazon_scrapper | [25:31] Saved D:\Amazon Scrapper\AmazonScrapper\data\products\keyword_25_product_031.html
2026-08-28 17:27:35 | INFO | amazon_scrapper | [25:32] HTTP 200 https://www.amazon.com/Tyler-Candle-Company-Glamorous-Autoglam/dp/B0D7TR9PBZ/ref=sr_1_44?dib=eyJ2IjoiMSJ9.zMAO4KoV97MNLy5PY5TKL1RIvLm4FAV7NDzGVtHpZKzW5aKYRPULwRegTXo1Tkfj2XVPNIQYrRUtTHc1zbcsMLehhHZLRSV1Fc80ldOkHHWgjDJrlRW1kTFGaac-fOsJcI6Z5a_ED_Rzo0OBROlzfQF0x3HI4KoZWYvEBrvqy5C16mZVPRpHzlZQdCxjfHM3Xy3oEkaIOos-LoMcJ505XsqOvfjiFBoKv7JZJBQIJQMRknVDwh3HltqNi7ATXkLOeqnXdLWY1AoX4pSJWz8onsZPdfF76AH-J8qtySzxJoM.8EJqyfDdXkOrp4JHIb-jJwIjAkOBj4R3lu750az0IqA&dib_tag=se&keywords=candle&qid=1787916134&sr=8-44
2026-08-28 17:27:35 | INFO | amazon_scrapper | [25:32] Saved D:\Amazon Scrapper\AmazonScrapper\data\products\keyword_25_product_032.html
2026-08-28 17:27:35 | INFO | amazon_scrapper | [25:33] HTTP 200 https://www.amazon.com/JOLIE-MUSE-Moroccan-Scented-Holiday/dp/B099N339G7/ref=sr_1_45?dib=eyJ2IjoiMSJ9.zMAO4KoV97MNLy5PY5TKL1RIvLm4FAV7NDzGVtHpZKzW5aKYRPULwRegTXo1Tkfj2XVPNIQYrRUtTHc1zbcsMLehhHZLRSV1Fc80ldOkHHWgjDJrlRW1kTFGaac-fOsJcI6Z5a_ED_Rzo0OBROlzfQF0x3HI4KoZWYvEBrvqy5C16mZVPRpHzlZQdCxjfHM3Xy3oEkaIOos-LoMcJ505XsqOvfjiFBoKv7JZJBQIJQMRknVDwh3HltqNi7ATXkLOeqnXdLWY1AoX4pSJWz8onsZPdfF76AH-J8qtySzxJoM.8EJqyfDdXkOrp4JHIb-jJwIjAkOBj4R3lu750az0IqA&dib_tag=se&keywords=candle&qid=1787916134&sr=8-45
2026-08-28 17:27:35 | INFO | amazon_scrapper | [25:33] Saved D:\Amazon Scrapper\AmazonScrapper\data\products\keyword_25_product_033.html
2026-08-28 17:27:35 | INFO | amazon_scrapper | [25:34] HTTP 200 https://www.amazon.com/WoodWick-Candle-Woods-Trilogy-Medium/dp/B003B6IQI8/ref=sr_1_46?dib=eyJ2IjoiMSJ9.zMAO4KoV97MNLy5PY5TKL1RIvLm4FAV7NDzGVtHpZKzW5aKYRPULwRegTXo1Tkfj2XVPNIQYrRUtTHc1zbcsMLehhHZLRSV1Fc80ldOkHHWgjDJrlRW1kTFGaac-fOsJcI6Z5a_ED_Rzo0OBROlzfQF0x3HI4KoZWYvEBrvqy5C16mZVPRpHzlZQdCxjfHM3Xy3oEkaIOos-LoMcJ505XsqOvfjiFBoKv7JZJBQIJQMRknVDwh3HltqNi7ATXkLOeqnXdLWY1AoX4pSJWz8onsZPdfF76AH-J8qtySzxJoM.8EJqyfDdXkOrp4JHIb-jJwIjAkOBj4R3lu750az0IqA&dib_tag=se&keywords=candle&qid=1787916134&sr=8-46
2026-08-28 17:27:35 | INFO | amazon_scrapper | [25:34] Saved D:\Amazon Scrapper\AmazonScrapper\data\products\keyword_25_product_034.html
2026-08-28 17:27:36 | INFO | amazon_scrapper | [25:35] HTTP 200 https://www.amazon.com/Village-Candle-Apple-Glass-Scented/dp/B0038WVR6I/ref=sr_1_47?dib=eyJ2IjoiMSJ9.zMAO4KoV97MNLy5PY5TKL1RIvLm4FAV7NDzGVtHpZKzW5aKYRPULwRegTXo1Tkfj2XVPNIQYrRUtTHc1zbcsMLehhHZLRSV1Fc80ldOkHHWgjDJrlRW1kTFGaac-fOsJcI6Z5a_ED_Rzo0OBROlzfQF0x3HI4KoZWYvEBrvqy5C16mZVPRpHzlZQdCxjfHM3Xy3oEkaIOos-LoMcJ505XsqOvfjiFBoKv7JZJBQIJQMRknVDwh3HltqNi7ATXkLOeqnXdLWY1AoX4pSJWz8onsZPdfF76AH-J8qtySzxJoM.8EJqyfDdXkOrp4JHIb-jJwIjAkOBj4R3lu750az0IqA&dib_tag=se&keywords=candle&qid=1787916134&sr=8-47
2026-08-28 17:27:36 | INFO | amazon_scrapper | [25:35] Saved D:\Amazon Scrapper\AmazonScrapper\data\products\keyword_25_product_035.html
2026-08-28 17:27:36 | INFO | amazon_scrapper | [25:36] HTTP 200 https://www.amazon.com/Vanilla-Scented-Candles-Aromatherapy-Candle/dp/B0D2PWJGJ2/ref=sr_1_48?dib=eyJ2IjoiMSJ9.zMAO4KoV97MNLy5PY5TKL1RIvLm4FAV7NDzGVtHpZKzW5aKYRPULwRegTXo1Tkfj2XVPNIQYrRUtTHc1zbcsMLehhHZLRSV1Fc80ldOkHHWgjDJrlRW1kTFGaac-fOsJcI6Z5a_ED_Rzo0OBROlzfQF0x3HI4KoZWYvEBrvqy5C16mZVPRpHzlZQdCxjfHM3Xy3oEkaIOos-LoMcJ505XsqOvfjiFBoKv7JZJBQIJQMRknVDwh3HltqNi7ATXkLOeqnXdLWY1AoX4pSJWz8onsZPdfF76AH-J8qtySzxJoM.8EJqyfDdXkOrp4JHIb-jJwIjAkOBj4R3lu750az0IqA&dib_tag=se&keywords=candle&qid=1787916134&sr=8-48
2026-08-28 17:27:36 | INFO | amazon_scrapper | [25:36] Saved D:\Amazon Scrapper\AmazonScrapper\data\products\keyword_25_product_036.html
2026-08-28 17:27:37 | INFO | amazon_scrapper | [25:37] HTTP 200 https://www.amazon.com/Vanilla-Scented-Candles-Aromatherapy-Soy-Candle/dp/B08WBXV55Z/ref=sr_1_49?dib=eyJ2IjoiMSJ9.zMAO4KoV97MNLy5PY5TKL1RIvLm4FAV7NDzGVtHpZKzW5aKYRPULwRegTXo1Tkfj2XVPNIQYrRUtTHc1zbcsMLehhHZLRSV1Fc80ldOkHHWgjDJrlRW1kTFGaac-fOsJcI6Z5a_ED_Rzo0OBROlzfQF0x3HI4KoZWYvEBrvqy5C16mZVPRpHzlZQdCxjfHM3Xy3oEkaIOos-LoMcJ505XsqOvfjiFBoKv7JZJBQIJQMRknVDwh3HltqNi7ATXkLOeqnXdLWY1AoX4pSJWz8onsZPdfF76AH-J8qtySzxJoM.8EJqyfDdXkOrp4JHIb-jJwIjAkOBj4R3lu750az0IqA&dib_tag=se&keywords=candle&qid=1787916134&sr=8-49
2026-08-28 17:27:37 | INFO | amazon_scrapper | [25:37] Saved D:\Amazon Scrapper\AmazonScrapper\data\products\keyword_25_product_037.html
2026-08-28 17:27:37 | INFO | amazon_scrapper | [25:39] HTTP 200 https://www.amazon.com/WoodWick-Trilogy-Cafe-Sweets-Candle/dp/B003B6BQOY/ref=sr_1_51?dib=eyJ2IjoiMSJ9.zMAO4KoV97MNLy5PY5TKL1RIvLm4FAV7NDzGVtHpZKzW5aKYRPULwRegTXo1Tkfj2XVPNIQYrRUtTHc1zbcsMLehhHZLRSV1Fc80ldOkHHWgjDJrlRW1kTFGaac-fOsJcI6Z5a_ED_Rzo0OBROlzfQF0x3HI4KoZWYvEBrvqy5C16mZVPRpHzlZQdCxjfHM3Xy3oEkaIOos-LoMcJ505XsqOvfjiFBoKv7JZJBQIJQMRknVDwh3HltqNi7ATXkLOeqnXdLWY1AoX4pSJWz8onsZPdfF76AH-J8qtySzxJoM.8EJqyfDdXkOrp4JHIb-jJwIjAkOBj4R3lu750az0IqA&dib_tag=se&keywords=candle&qid=1787916134&sr=8-51
2026-08-28 17:27:37 | INFO | amazon_scrapper | [25:39] Saved D:\Amazon Scrapper\AmazonScrapper\data\products\keyword_25_product_039.html
2026-08-28 17:27:37 | INFO | amazon_scrapper | [25:38] HTTP 200 https://www.amazon.com/MRS-MEYERS-CLEAN-DAY-Aromatherapy/dp/B00GP258C2/ref=sr_1_50?dib=eyJ2IjoiMSJ9.zMAO4KoV97MNLy5PY5TKL1RIvLm4FAV7NDzGVtHpZKzW5aKYRPULwRegTXo1Tkfj2XVPNIQYrRUtTHc1zbcsMLehhHZLRSV1Fc80ldOkHHWgjDJrlRW1kTFGaac-fOsJcI6Z5a_ED_Rzo0OBROlzfQF0x3HI4KoZWYvEBrvqy5C16mZVPRpHzlZQdCxjfHM3Xy3oEkaIOos-LoMcJ505XsqOvfjiFBoKv7JZJBQIJQMRknVDwh3HltqNi7ATXkLOeqnXdLWY1AoX4pSJWz8onsZPdfF76AH-J8qtySzxJoM.8EJqyfDdXkOrp4JHIb-jJwIjAkOBj4R3lu750az0IqA&dib_tag=se&keywords=candle&qid=1787916134&sr=8-50
2026-08-28 17:27:37 | INFO | amazon_scrapper | [25:38] Saved D:\Amazon Scrapper\AmazonScrapper\data\products\keyword_25_product_038.html
2026-08-28 17:27:38 | INFO | amazon_scrapper | [25:40] HTTP 200 https://www.amazon.com/Yankee-Candle-Sands-Signature-Tumbler/dp/B08V12HBY9/ref=sr_1_52?dib=eyJ2IjoiMSJ9.zMAO4KoV97MNLy5PY5TKL1RIvLm4FAV7NDzGVtHpZKzW5aKYRPULwRegTXo1Tkfj2XVPNIQYrRUtTHc1zbcsMLehhHZLRSV1Fc80ldOkHHWgjDJrlRW1kTFGaac-fOsJcI6Z5a_ED_Rzo0OBROlzfQF0x3HI4KoZWYvEBrvqy5C16mZVPRpHzlZQdCxjfHM3Xy3oEkaIOos-LoMcJ505XsqOvfjiFBoKv7JZJBQIJQMRknVDwh3HltqNi7ATXkLOeqnXdLWY1AoX4pSJWz8onsZPdfF76AH-J8qtySzxJoM.8EJqyfDdXkOrp4JHIb-jJwIjAkOBj4R3lu750az0IqA&dib_tag=se&keywords=candle&qid=1787916134&sr=8-52
2026-08-28 17:27:38 | INFO | amazon_scrapper | [25:40] Saved D:\Amazon Scrapper\AmazonScrapper\data\products\keyword_25_product_040.html
2026-08-28 17:27:38 | INFO | amazon_scrapper | [25:41] HTTP 200 https://www.amazon.com/ARCASA-Organic-Coconut-Vanilla-Candles/dp/B0F4DN7XCR/ref=sr_1_53?dib=eyJ2IjoiMSJ9.zMAO4KoV97MNLy5PY5TKL1RIvLm4FAV7NDzGVtHpZKzW5aKYRPULwRegTXo1Tkfj2XVPNIQYrRUtTHc1zbcsMLehhHZLRSV1Fc80ldOkHHWgjDJrlRW1kTFGaac-fOsJcI6Z5a_ED_Rzo0OBROlzfQF0x3HI4KoZWYvEBrvqy5C16mZVPRpHzlZQdCxjfHM3Xy3oEkaIOos-LoMcJ505XsqOvfjiFBoKv7JZJBQIJQMRknVDwh3HltqNi7ATXkLOeqnXdLWY1AoX4pSJWz8onsZPdfF76AH-J8qtySzxJoM.8EJqyfDdXkOrp4JHIb-jJwIjAkOBj4R3lu750az0IqA&dib_tag=se&keywords=candle&qid=1787916134&sr=8-53
2026-08-28 17:27:38 | INFO | amazon_scrapper | [25:41] Saved D:\Amazon Scrapper\AmazonScrapper\data\products\keyword_25_product_041.html
2026-08-28 17:27:39 | INFO | amazon_scrapper | [25:44] HTTP 200 https://www.amazon.com/MRS-MEYERS-CLEAN-DAY-Aromatherapy/dp/B01MG29NPS/ref=sr_1_56?dib=eyJ2IjoiMSJ9.zMAO4KoV97MNLy5PY5TKL1RIvLm4FAV7NDzGVtHpZKzW5aKYRPULwRegTXo1Tkfj2XVPNIQYrRUtTHc1zbcsMLehhHZLRSV1Fc80ldOkHHWgjDJrlRW1kTFGaac-fOsJcI6Z5a_ED_Rzo0OBROlzfQF0x3HI4KoZWYvEBrvqy5C16mZVPRpHzlZQdCxjfHM3Xy3oEkaIOos-LoMcJ505XsqOvfjiFBoKv7JZJBQIJQMRknVDwh3HltqNi7ATXkLOeqnXdLWY1AoX4pSJWz8onsZPdfF76AH-J8qtySzxJoM.8EJqyfDdXkOrp4JHIb-jJwIjAkOBj4R3lu750az0IqA&dib_tag=se&keywords=candle&qid=1787916134&sr=8-56
2026-08-28 17:27:39 | INFO | amazon_scrapper | [25:44] Saved D:\Amazon Scrapper\AmazonScrapper\data\products\keyword_25_product_044.html
2026-08-28 17:27:39 | INFO | amazon_scrapper | [25:42] HTTP 200 https://www.amazon.com/Capri-Blue-Volcano-Candle-Aromatherapy/dp/B0BVCTP1DC/ref=sr_1_54?dib=eyJ2IjoiMSJ9.zMAO4KoV97MNLy5PY5TKL1RIvLm4FAV7NDzGVtHpZKzW5aKYRPULwRegTXo1Tkfj2XVPNIQYrRUtTHc1zbcsMLehhHZLRSV1Fc80ldOkHHWgjDJrlRW1kTFGaac-fOsJcI6Z5a_ED_Rzo0OBROlzfQF0x3HI4KoZWYvEBrvqy5C16mZVPRpHzlZQdCxjfHM3Xy3oEkaIOos-LoMcJ505XsqOvfjiFBoKv7JZJBQIJQMRknVDwh3HltqNi7ATXkLOeqnXdLWY1AoX4pSJWz8onsZPdfF76AH-J8qtySzxJoM.8EJqyfDdXkOrp4JHIb-jJwIjAkOBj4R3lu750az0IqA&dib_tag=se&keywords=candle&qid=1787916134&sr=8-54
2026-08-28 17:27:39 | INFO | amazon_scrapper | [25:42] Saved D:\Amazon Scrapper\AmazonScrapper\data\products\keyword_25_product_042.html
2026-08-28 17:27:39 | INFO | amazon_scrapper | [25:43] HTTP 200 https://www.amazon.com/JOLIE-MUSE-Scented-Candles-Burning/dp/B089GPNWMS/ref=sr_1_55?dib=eyJ2IjoiMSJ9.zMAO4KoV97MNLy5PY5TKL1RIvLm4FAV7NDzGVtHpZKzW5aKYRPULwRegTXo1Tkfj2XVPNIQYrRUtTHc1zbcsMLehhHZLRSV1Fc80ldOkHHWgjDJrlRW1kTFGaac-fOsJcI6Z5a_ED_Rzo0OBROlzfQF0x3HI4KoZWYvEBrvqy5C16mZVPRpHzlZQdCxjfHM3Xy3oEkaIOos-LoMcJ505XsqOvfjiFBoKv7JZJBQIJQMRknVDwh3HltqNi7ATXkLOeqnXdLWY1AoX4pSJWz8onsZPdfF76AH-J8qtySzxJoM.8EJqyfDdXkOrp4JHIb-jJwIjAkOBj4R3lu750az0IqA&dib_tag=se&keywords=candle&qid=1787916134&sr=8-55
2026-08-28 17:27:39 | INFO | amazon_scrapper | [25:43] Saved D:\Amazon Scrapper\AmazonScrapper\data\products\keyword_25_product_043.html
2026-08-28 17:27:40 | INFO | amazon_scrapper | [25:46] HTTP 200 https://www.amazon.com/Diptyque-11046u-Baies-Candle-6-5-oz/dp/B00429KMH6/ref=sr_1_58?dib=eyJ2IjoiMSJ9.zMAO4KoV97MNLy5PY5TKL1RIvLm4FAV7NDzGVtHpZKzW5aKYRPULwRegTXo1Tkfj2XVPNIQYrRUtTHc1zbcsMLehhHZLRSV1Fc80ldOkHHWgjDJrlRW1kTFGaac-fOsJcI6Z5a_ED_Rzo0OBROlzfQF0x3HI4KoZWYvEBrvqy5C16mZVPRpHzlZQdCxjfHM3Xy3oEkaIOos-LoMcJ505XsqOvfjiFBoKv7JZJBQIJQMRknVDwh3HltqNi7ATXkLOeqnXdLWY1AoX4pSJWz8onsZPdfF76AH-J8qtySzxJoM.8EJqyfDdXkOrp4JHIb-jJwIjAkOBj4R3lu750az0IqA&dib_tag=se&keywords=candle&qid=1787916134&sr=8-58
2026-08-28 17:27:40 | INFO | amazon_scrapper | [25:46] Saved D:\Amazon Scrapper\AmazonScrapper\data\products\keyword_25_product_046.html
2026-08-28 17:27:41 | INFO | amazon_scrapper | [25:45] HTTP 200 https://www.amazon.com/Bath-Body-Works-3-Wick-Essential/dp/B09D8LF34W/ref=sr_1_57?dib=eyJ2IjoiMSJ9.zMAO4KoV97MNLy5PY5TKL1RIvLm4FAV7NDzGVtHpZKzW5aKYRPULwRegTXo1Tkfj2XVPNIQYrRUtTHc1zbcsMLehhHZLRSV1Fc80ldOkHHWgjDJrlRW1kTFGaac-fOsJcI6Z5a_ED_Rzo0OBROlzfQF0x3HI4KoZWYvEBrvqy5C16mZVPRpHzlZQdCxjfHM3Xy3oEkaIOos-LoMcJ505XsqOvfjiFBoKv7JZJBQIJQMRknVDwh3HltqNi7ATXkLOeqnXdLWY1AoX4pSJWz8onsZPdfF76AH-J8qtySzxJoM.8EJqyfDdXkOrp4JHIb-jJwIjAkOBj4R3lu750az0IqA&dib_tag=se&keywords=candle&qid=1787916134&sr=8-57
2026-08-28 17:27:41 | INFO | amazon_scrapper | [25:45] Saved D:\Amazon Scrapper\AmazonScrapper\data\products\keyword_25_product_045.html
2026-08-28 17:27:41 | INFO | amazon_scrapper | [25:47] HTTP 200 https://www.amazon.com/Village-Candle-Eucalyptus-Glass-Scented/dp/B011BKKAFC/ref=sr_1_59?dib=eyJ2IjoiMSJ9.zMAO4KoV97MNLy5PY5TKL1RIvLm4FAV7NDzGVtHpZKzW5aKYRPULwRegTXo1Tkfj2XVPNIQYrRUtTHc1zbcsMLehhHZLRSV1Fc80ldOkHHWgjDJrlRW1kTFGaac-fOsJcI6Z5a_ED_Rzo0OBROlzfQF0x3HI4KoZWYvEBrvqy5C16mZVPRpHzlZQdCxjfHM3Xy3oEkaIOos-LoMcJ505XsqOvfjiFBoKv7JZJBQIJQMRknVDwh3HltqNi7ATXkLOeqnXdLWY1AoX4pSJWz8onsZPdfF76AH-J8qtySzxJoM.8EJqyfDdXkOrp4JHIb-jJwIjAkOBj4R3lu750az0IqA&dib_tag=se&keywords=candle&qid=1787916134&sr=8-59
2026-08-28 17:27:41 | INFO | amazon_scrapper | [25:47] Saved D:\Amazon Scrapper\AmazonScrapper\data\products\keyword_25_product_047.html
2026-08-28 17:27:41 | INFO | amazon_scrapper | [25:48] HTTP 200 https://www.amazon.com/WoodWick-HUMIDOR-Ellipse-HearthWick-Scented/dp/B07TWNNDLJ/ref=sr_1_60?dib=eyJ2IjoiMSJ9.zMAO4KoV97MNLy5PY5TKL1RIvLm4FAV7NDzGVtHpZKzW5aKYRPULwRegTXo1Tkfj2XVPNIQYrRUtTHc1zbcsMLehhHZLRSV1Fc80ldOkHHWgjDJrlRW1kTFGaac-fOsJcI6Z5a_ED_Rzo0OBROlzfQF0x3HI4KoZWYvEBrvqy5C16mZVPRpHzlZQdCxjfHM3Xy3oEkaIOos-LoMcJ505XsqOvfjiFBoKv7JZJBQIJQMRknVDwh3HltqNi7ATXkLOeqnXdLWY1AoX4pSJWz8onsZPdfF76AH-J8qtySzxJoM.8EJqyfDdXkOrp4JHIb-jJwIjAkOBj4R3lu750az0IqA&dib_tag=se&keywords=candle&qid=1787916134&sr=8-60
2026-08-28 17:27:41 | INFO | amazon_scrapper | [25:48] Saved D:\Amazon Scrapper\AmazonScrapper\data\products\keyword_25_product_048.html
2026-08-28 17:27:41 | INFO | amazon_scrapper | [26:1] HTTP 200 https://www.amazon.com/FEIDUSUN-Sunglasses-Polarized-Glasses-Protection/dp/B0BKSKCYX7/ref=sr_1_1?dib=eyJ2IjoiMSJ9.XEOE6di7jzd1VkQ4wmoBqaBWwqMQg_3Uw-dB_1Yu5WYgu4nTH1TE10P2lsLrc9FiD1DZg163j_hk1Tj4PoC6wqgvM1xFVMpYlCvHkbTtPmME_MBbD1FJYXR7boK6hg-8YNk_y5-qGvkGSQ-EPZVNlpk31rOQ5qrZsxZ5LyJdLwHdmVh8vt2nvp17kEjrx54rPtxi2IABzCvI7uF-2Q08sIq2uU3A_WO0Rm0t5xS9rjNH1_v4XApv7UD5AEsXaTaCb9U7DxEILcXmvM_t1kCBqq-aT7iRu3AXeJB1YXo9bgc.RSxPIkuWoV76n6JpF8e3-nlgWpKgXvPNxI7VcHlS8B4&dib_tag=se&keywords=sunglasses&qid=1787916142&sr=8-1
2026-08-28 17:27:41 | INFO | amazon_scrapper | [26:1] Saved D:\Amazon Scrapper\AmazonScrapper\data\products\keyword_26_product_001.html
2026-08-28 17:27:43 | INFO | amazon_scrapper | [26:2] HTTP 200 https://www.amazon.com/KALIYADI-Polarized-Sunglasses-Lightweight-Protection/dp/B0BWTW5DX2/ref=sr_1_2?dib=eyJ2IjoiMSJ9.XEOE6di7jzd1VkQ4wmoBqaBWwqMQg_3Uw-dB_1Yu5WYgu4nTH1TE10P2lsLrc9FiD1DZg163j_hk1Tj4PoC6wqgvM1xFVMpYlCvHkbTtPmME_MBbD1FJYXR7boK6hg-8YNk_y5-qGvkGSQ-EPZVNlpk31rOQ5qrZsxZ5LyJdLwHdmVh8vt2nvp17kEjrx54rPtxi2IABzCvI7uF-2Q08sIq2uU3A_WO0Rm0t5xS9rjNH1_v4XApv7UD5AEsXaTaCb9U7DxEILcXmvM_t1kCBqq-aT7iRu3AXeJB1YXo9bgc.RSxPIkuWoV76n6JpF8e3-nlgWpKgXvPNxI7VcHlS8B4&dib_tag=se&keywords=sunglasses&qid=1787916142&sr=8-2
2026-08-28 17:27:43 | INFO | amazon_scrapper | [26:2] Saved D:\Amazon Scrapper\AmazonScrapper\data\products\keyword_26_product_002.html
2026-08-28 17:27:43 | INFO | amazon_scrapper | [26:4] HTTP 200 https://www.amazon.com/JASPIN-Rectangle-Sunglasses-Glasses-Protection/dp/B0BKGPYDSZ/ref=sr_1_4?dib=eyJ2IjoiMSJ9.XEOE6di7jzd1VkQ4wmoBqaBWwqMQg_3Uw-dB_1Yu5WYgu4nTH1TE10P2lsLrc9FiD1DZg163j_hk1Tj4PoC6wqgvM1xFVMpYlCvHkbTtPmME_MBbD1FJYXR7boK6hg-8YNk_y5-qGvkGSQ-EPZVNlpk31rOQ5qrZsxZ5LyJdLwHdmVh8vt2nvp17kEjrx54rPtxi2IABzCvI7uF-2Q08sIq2uU3A_WO0Rm0t5xS9rjNH1_v4XApv7UD5AEsXaTaCb9U7DxEILcXmvM_t1kCBqq-aT7iRu3AXeJB1YXo9bgc.RSxPIkuWoV76n6JpF8e3-nlgWpKgXvPNxI7VcHlS8B4&dib_tag=se&keywords=sunglasses&qid=1787916142&sr=8-4
2026-08-28 17:27:43 | INFO | amazon_scrapper | [26:4] Saved D:\Amazon Scrapper\AmazonScrapper\data\products\keyword_26_product_004.html
2026-08-28 17:27:43 | INFO | amazon_scrapper | [26:3] HTTP 200 https://www.amazon.com/ViewJoy-Sunglasses-Vintage-Designer-Glasses/dp/B0F8HWPP54/ref=sr_1_3?dib=eyJ2IjoiMSJ9.XEOE6di7jzd1VkQ4wmoBqaBWwqMQg_3Uw-dB_1Yu5WYgu4nTH1TE10P2lsLrc9FiD1DZg163j_hk1Tj4PoC6wqgvM1xFVMpYlCvHkbTtPmME_MBbD1FJYXR7boK6hg-8YNk_y5-qGvkGSQ-EPZVNlpk31rOQ5qrZsxZ5LyJdLwHdmVh8vt2nvp17kEjrx54rPtxi2IABzCvI7uF-2Q08sIq2uU3A_WO0Rm0t5xS9rjNH1_v4XApv7UD5AEsXaTaCb9U7DxEILcXmvM_t1kCBqq-aT7iRu3AXeJB1YXo9bgc.RSxPIkuWoV76n6JpF8e3-nlgWpKgXvPNxI7VcHlS8B4&dib_tag=se&keywords=sunglasses&qid=1787916142&sr=8-3
2026-08-28 17:27:43 | INFO | amazon_scrapper | [26:3] Saved D:\Amazon Scrapper\AmazonScrapper\data\products\keyword_26_product_003.html
2026-08-28 17:27:43 | INFO | amazon_scrapper | [26:5] HTTP 200 https://www.amazon.com/Polarized-Sunglasses-Semi-Rimless-Driving-Blocking/dp/B07MW4R1X3/ref=sr_1_5?dib=eyJ2IjoiMSJ9.XEOE6di7jzd1VkQ4wmoBqaBWwqMQg_3Uw-dB_1Yu5WYgu4nTH1TE10P2lsLrc9FiD1DZg163j_hk1Tj4PoC6wqgvM1xFVMpYlCvHkbTtPmME_MBbD1FJYXR7boK6hg-8YNk_y5-qGvkGSQ-EPZVNlpk31rOQ5qrZsxZ5LyJdLwHdmVh8vt2nvp17kEjrx54rPtxi2IABzCvI7uF-2Q08sIq2uU3A_WO0Rm0t5xS9rjNH1_v4XApv7UD5AEsXaTaCb9U7DxEILcXmvM_t1kCBqq-aT7iRu3AXeJB1YXo9bgc.RSxPIkuWoV76n6JpF8e3-nlgWpKgXvPNxI7VcHlS8B4&dib_tag=se&keywords=sunglasses&qid=1787916142&sr=8-5
2026-08-28 17:27:43 | INFO | amazon_scrapper | [26:5] Saved D:\Amazon Scrapper\AmazonScrapper\data\products\keyword_26_product_005.html
2026-08-28 17:27:43 | INFO | amazon_scrapper | [26:6] HTTP 200 https://www.amazon.com/EYLRIM-Sunglasses-Rectangle-Glasses-Protection/dp/B0C1NDGV2S/ref=sr_1_6?dib=eyJ2IjoiMSJ9.XEOE6di7jzd1VkQ4wmoBqaBWwqMQg_3Uw-dB_1Yu5WYgu4nTH1TE10P2lsLrc9FiD1DZg163j_hk1Tj4PoC6wqgvM1xFVMpYlCvHkbTtPmME_MBbD1FJYXR7boK6hg-8YNk_y5-qGvkGSQ-EPZVNlpk31rOQ5qrZsxZ5LyJdLwHdmVh8vt2nvp17kEjrx54rPtxi2IABzCvI7uF-2Q08sIq2uU3A_WO0Rm0t5xS9rjNH1_v4XApv7UD5AEsXaTaCb9U7DxEILcXmvM_t1kCBqq-aT7iRu3AXeJB1YXo9bgc.RSxPIkuWoV76n6JpF8e3-nlgWpKgXvPNxI7VcHlS8B4&dib_tag=se&keywords=sunglasses&qid=1787916142&sr=8-6
2026-08-28 17:27:43 | INFO | amazon_scrapper | [26:6] Saved D:\Amazon Scrapper\AmazonScrapper\data\products\keyword_26_product_006.html
2026-08-28 17:27:45 | INFO | amazon_scrapper | [26:7] HTTP 200 https://www.amazon.com/konqkin-Retro-Aviator-Sunglasses-Women/dp/B0F21DH46Q/ref=sr_1_7?dib=eyJ2IjoiMSJ9.XEOE6di7jzd1VkQ4wmoBqaBWwqMQg_3Uw-dB_1Yu5WYgu4nTH1TE10P2lsLrc9FiD1DZg163j_hk1Tj4PoC6wqgvM1xFVMpYlCvHkbTtPmME_MBbD1FJYXR7boK6hg-8YNk_y5-qGvkGSQ-EPZVNlpk31rOQ5qrZsxZ5LyJdLwHdmVh8vt2nvp17kEjrx54rPtxi2IABzCvI7uF-2Q08sIq2uU3A_WO0Rm0t5xS9rjNH1_v4XApv7UD5AEsXaTaCb9U7DxEILcXmvM_t1kCBqq-aT7iRu3AXeJB1YXo9bgc.RSxPIkuWoV76n6JpF8e3-nlgWpKgXvPNxI7VcHlS8B4&dib_tag=se&keywords=sunglasses&qid=1787916142&sr=8-7
2026-08-28 17:27:45 | INFO | amazon_scrapper | [26:7] Saved D:\Amazon Scrapper\AmazonScrapper\data\products\keyword_26_product_007.html
2026-08-28 17:27:45 | INFO | amazon_scrapper | [26:8] HTTP 200 https://www.amazon.com/KUGUAOK-Sunglasses-Design-Glasses-Protection/dp/B0DHWXM4J5/ref=sr_1_8?dib=eyJ2IjoiMSJ9.XEOE6di7jzd1VkQ4wmoBqaBWwqMQg_3Uw-dB_1Yu5WYgu4nTH1TE10P2lsLrc9FiD1DZg163j_hk1Tj4PoC6wqgvM1xFVMpYlCvHkbTtPmME_MBbD1FJYXR7boK6hg-8YNk_y5-qGvkGSQ-EPZVNlpk31rOQ5qrZsxZ5LyJdLwHdmVh8vt2nvp17kEjrx54rPtxi2IABzCvI7uF-2Q08sIq2uU3A_WO0Rm0t5xS9rjNH1_v4XApv7UD5AEsXaTaCb9U7DxEILcXmvM_t1kCBqq-aT7iRu3AXeJB1YXo9bgc.RSxPIkuWoV76n6JpF8e3-nlgWpKgXvPNxI7VcHlS8B4&dib_tag=se&keywords=sunglasses&qid=1787916142&sr=8-8
2026-08-28 17:27:45 | INFO | amazon_scrapper | [26:8] Saved D:\Amazon Scrapper\AmazonScrapper\data\products\keyword_26_product_008.html
2026-08-28 17:27:45 | INFO | amazon_scrapper | [26:9] HTTP 200 https://www.amazon.com/Polarized-Sunglasses-Finish-glasses-Blocking/dp/B07MRD7118/ref=sr_1_9?dib=eyJ2IjoiMSJ9.XEOE6di7jzd1VkQ4wmoBqaBWwqMQg_3Uw-dB_1Yu5WYgu4nTH1TE10P2lsLrc9FiD1DZg163j_hk1Tj4PoC6wqgvM1xFVMpYlCvHkbTtPmME_MBbD1FJYXR7boK6hg-8YNk_y5-qGvkGSQ-EPZVNlpk31rOQ5qrZsxZ5LyJdLwHdmVh8vt2nvp17kEjrx54rPtxi2IABzCvI7uF-2Q08sIq2uU3A_WO0Rm0t5xS9rjNH1_v4XApv7UD5AEsXaTaCb9U7DxEILcXmvM_t1kCBqq-aT7iRu3AXeJB1YXo9bgc.RSxPIkuWoV76n6JpF8e3-nlgWpKgXvPNxI7VcHlS8B4&dib_tag=se&keywords=sunglasses&qid=1787916142&sr=8-9
2026-08-28 17:27:45 | INFO | amazon_scrapper | [26:9] Saved D:\Amazon Scrapper\AmazonScrapper\data\products\keyword_26_product_009.html
2026-08-28 17:27:45 | INFO | amazon_scrapper | [26:10] HTTP 200 https://www.amazon.com/Fanshen-Polarized-Sunglasses-Protection-Lightweight/dp/B0FNX3YNGZ/ref=sr_1_10?dib=eyJ2IjoiMSJ9.XEOE6di7jzd1VkQ4wmoBqaBWwqMQg_3Uw-dB_1Yu5WYgu4nTH1TE10P2lsLrc9FiD1DZg163j_hk1Tj4PoC6wqgvM1xFVMpYlCvHkbTtPmME_MBbD1FJYXR7boK6hg-8YNk_y5-qGvkGSQ-EPZVNlpk31rOQ5qrZsxZ5LyJdLwHdmVh8vt2nvp17kEjrx54rPtxi2IABzCvI7uF-2Q08sIq2uU3A_WO0Rm0t5xS9rjNH1_v4XApv7UD5AEsXaTaCb9U7DxEILcXmvM_t1kCBqq-aT7iRu3AXeJB1YXo9bgc.RSxPIkuWoV76n6JpF8e3-nlgWpKgXvPNxI7VcHlS8B4&dib_tag=se&keywords=sunglasses&qid=1787916142&sr=8-10
2026-08-28 17:27:45 | INFO | amazon_scrapper | [26:10] Saved D:\Amazon Scrapper\AmazonScrapper\data\products\keyword_26_product_010.html
2026-08-28 17:27:46 | INFO | amazon_scrapper | [26:11] HTTP 200 https://www.amazon.com/Blenders-Eyewear-North-Park-Sunglasses/dp/B0B2T71YY2/ref=sr_1_11?dib=eyJ2IjoiMSJ9.XEOE6di7jzd1VkQ4wmoBqaBWwqMQg_3Uw-dB_1Yu5WYgu4nTH1TE10P2lsLrc9FiD1DZg163j_hk1Tj4PoC6wqgvM1xFVMpYlCvHkbTtPmME_MBbD1FJYXR7boK6hg-8YNk_y5-qGvkGSQ-EPZVNlpk31rOQ5qrZsxZ5LyJdLwHdmVh8vt2nvp17kEjrx54rPtxi2IABzCvI7uF-2Q08sIq2uU3A_WO0Rm0t5xS9rjNH1_v4XApv7UD5AEsXaTaCb9U7DxEILcXmvM_t1kCBqq-aT7iRu3AXeJB1YXo9bgc.RSxPIkuWoV76n6JpF8e3-nlgWpKgXvPNxI7VcHlS8B4&dib_tag=se&keywords=sunglasses&qid=1787916142&sr=8-11
2026-08-28 17:27:46 | INFO | amazon_scrapper | [26:11] Saved D:\Amazon Scrapper\AmazonScrapper\data\products\keyword_26_product_011.html
2026-08-28 17:27:47 | INFO | amazon_scrapper | [26:12] HTTP 200 https://www.amazon.com/Breaksun-Sunglasses-Fashion-Vintage-Shades/dp/B0F1TBXD8B/ref=sr_1_12?dib=eyJ2IjoiMSJ9.XEOE6di7jzd1VkQ4wmoBqaBWwqMQg_3Uw-dB_1Yu5WYgu4nTH1TE10P2lsLrc9FiD1DZg163j_hk1Tj4PoC6wqgvM1xFVMpYlCvHkbTtPmME_MBbD1FJYXR7boK6hg-8YNk_y5-qGvkGSQ-EPZVNlpk31rOQ5qrZsxZ5LyJdLwHdmVh8vt2nvp17kEjrx54rPtxi2IABzCvI7uF-2Q08sIq2uU3A_WO0Rm0t5xS9rjNH1_v4XApv7UD5AEsXaTaCb9U7DxEILcXmvM_t1kCBqq-aT7iRu3AXeJB1YXo9bgc.RSxPIkuWoV76n6JpF8e3-nlgWpKgXvPNxI7VcHlS8B4&dib_tag=se&keywords=sunglasses&qid=1787916142&sr=8-12
2026-08-28 17:27:47 | INFO | amazon_scrapper | [26:12] Saved D:\Amazon Scrapper\AmazonScrapper\data\products\keyword_26_product_012.html
2026-08-28 17:27:47 | INFO | amazon_scrapper | [26:13] HTTP 200 https://www.amazon.com/KALIYADI-Polarized-Sunglasses-Lightweight-Protection/dp/B0BWTTZMCL/ref=sr_1_13?dib=eyJ2IjoiMSJ9.XEOE6di7jzd1VkQ4wmoBqaBWwqMQg_3Uw-dB_1Yu5WYgu4nTH1TE10P2lsLrc9FiD1DZg163j_hk1Tj4PoC6wqgvM1xFVMpYlCvHkbTtPmME_MBbD1FJYXR7boK6hg-8YNk_y5-qGvkGSQ-EPZVNlpk31rOQ5qrZsxZ5LyJdLwHdmVh8vt2nvp17kEjrx54rPtxi2IABzCvI7uF-2Q08sIq2uU3A_WO0Rm0t5xS9rjNH1_v4XApv7UD5AEsXaTaCb9U7DxEILcXmvM_t1kCBqq-aT7iRu3AXeJB1YXo9bgc.RSxPIkuWoV76n6JpF8e3-nlgWpKgXvPNxI7VcHlS8B4&dib_tag=se&keywords=sunglasses&qid=1787916142&sr=8-13
2026-08-28 17:27:47 | INFO | amazon_scrapper | [26:13] Saved D:\Amazon Scrapper\AmazonScrapper\data\products\keyword_26_product_013.html
2026-08-28 17:27:47 | INFO | amazon_scrapper | [26:14] HTTP 200 https://www.amazon.com/OUKEMAX-Sunglasses-women-Polarized-Sunglasses-womens-Protection/dp/B0F5GQQKG7/ref=sr_1_14?dib=eyJ2IjoiMSJ9.XEOE6di7jzd1VkQ4wmoBqaBWwqMQg_3Uw-dB_1Yu5WYgu4nTH1TE10P2lsLrc9FiD1DZg163j_hk1Tj4PoC6wqgvM1xFVMpYlCvHkbTtPmME_MBbD1FJYXR7boK6hg-8YNk_y5-qGvkGSQ-EPZVNlpk31rOQ5qrZsxZ5LyJdLwHdmVh8vt2nvp17kEjrx54rPtxi2IABzCvI7uF-2Q08sIq2uU3A_WO0Rm0t5xS9rjNH1_v4XApv7UD5AEsXaTaCb9U7DxEILcXmvM_t1kCBqq-aT7iRu3AXeJB1YXo9bgc.RSxPIkuWoV76n6JpF8e3-nlgWpKgXvPNxI7VcHlS8B4&dib_tag=se&keywords=sunglasses&qid=1787916142&sr=8-14
2026-08-28 17:27:47 | INFO | amazon_scrapper | [26:14] Saved D:\Amazon Scrapper\AmazonScrapper\data\products\keyword_26_product_014.html
2026-08-28 17:27:48 | INFO | amazon_scrapper | [26:16] HTTP 200 https://www.amazon.com/KALIYADI-Polarized-Sunglasses-Men-Sports-Sunglassses/dp/B0DFG311CH/ref=sr_1_16?dib=eyJ2IjoiMSJ9.XEOE6di7jzd1VkQ4wmoBqaBWwqMQg_3Uw-dB_1Yu5WYgu4nTH1TE10P2lsLrc9FiD1DZg163j_hk1Tj4PoC6wqgvM1xFVMpYlCvHkbTtPmME_MBbD1FJYXR7boK6hg-8YNk_y5-qGvkGSQ-EPZVNlpk31rOQ5qrZsxZ5LyJdLwHdmVh8vt2nvp17kEjrx54rPtxi2IABzCvI7uF-2Q08sIq2uU3A_WO0Rm0t5xS9rjNH1_v4XApv7UD5AEsXaTaCb9U7DxEILcXmvM_t1kCBqq-aT7iRu3AXeJB1YXo9bgc.RSxPIkuWoV76n6JpF8e3-nlgWpKgXvPNxI7VcHlS8B4&dib_tag=se&keywords=sunglasses&qid=1787916142&sr=8-16
2026-08-28 17:27:48 | INFO | amazon_scrapper | [26:16] Saved D:\Amazon Scrapper\AmazonScrapper\data\products\keyword_26_product_016.html
2026-08-28 17:27:48 | INFO | amazon_scrapper | [26:15] HTTP 200 https://www.amazon.com/KALIYADI-Womens-Sunglasses-Polarized-Sunglasses-Womens-Trendy/dp/B0D2X2KP7Q/ref=sr_1_15?dib=eyJ2IjoiMSJ9.XEOE6di7jzd1VkQ4wmoBqaBWwqMQg_3Uw-dB_1Yu5WYgu4nTH1TE10P2lsLrc9FiD1DZg163j_hk1Tj4PoC6wqgvM1xFVMpYlCvHkbTtPmME_MBbD1FJYXR7boK6hg-8YNk_y5-qGvkGSQ-EPZVNlpk31rOQ5qrZsxZ5LyJdLwHdmVh8vt2nvp17kEjrx54rPtxi2IABzCvI7uF-2Q08sIq2uU3A_WO0Rm0t5xS9rjNH1_v4XApv7UD5AEsXaTaCb9U7DxEILcXmvM_t1kCBqq-aT7iRu3AXeJB1YXo9bgc.RSxPIkuWoV76n6JpF8e3-nlgWpKgXvPNxI7VcHlS8B4&dib_tag=se&keywords=sunglasses&qid=1787916142&sr=8-15
2026-08-28 17:27:48 | INFO | amazon_scrapper | [26:15] Saved D:\Amazon Scrapper\AmazonScrapper\data\products\keyword_26_product_015.html
2026-08-28 17:27:49 | INFO | amazon_scrapper | [26:18] HTTP 200 https://www.amazon.com/Colrea-Rectangle-Sunglasses-Vintage-Protection/dp/B0FD8M1ZVY/ref=sr_1_18?dib=eyJ2IjoiMSJ9.XEOE6di7jzd1VkQ4wmoBqaBWwqMQg_3Uw-dB_1Yu5WYgu4nTH1TE10P2lsLrc9FiD1DZg163j_hk1Tj4PoC6wqgvM1xFVMpYlCvHkbTtPmME_MBbD1FJYXR7boK6hg-8YNk_y5-qGvkGSQ-EPZVNlpk31rOQ5qrZsxZ5LyJdLwHdmVh8vt2nvp17kEjrx54rPtxi2IABzCvI7uF-2Q08sIq2uU3A_WO0Rm0t5xS9rjNH1_v4XApv7UD5AEsXaTaCb9U7DxEILcXmvM_t1kCBqq-aT7iRu3AXeJB1YXo9bgc.RSxPIkuWoV76n6JpF8e3-nlgWpKgXvPNxI7VcHlS8B4&dib_tag=se&keywords=sunglasses&qid=1787916142&sr=8-18
2026-08-28 17:27:49 | INFO | amazon_scrapper | [26:18] Saved D:\Amazon Scrapper\AmazonScrapper\data\products\keyword_26_product_018.html
2026-08-28 17:27:49 | INFO | amazon_scrapper | [26:19] HTTP 200 https://www.amazon.com/TURBOPEP-Polarized-Sunglasses-Lightweight-Protection/dp/B0C7KYKTL5/ref=sr_1_19?dib=eyJ2IjoiMSJ9.XEOE6di7jzd1VkQ4wmoBqaBWwqMQg_3Uw-dB_1Yu5WYgu4nTH1TE10P2lsLrc9FiD1DZg163j_hk1Tj4PoC6wqgvM1xFVMpYlCvHkbTtPmME_MBbD1FJYXR7boK6hg-8YNk_y5-qGvkGSQ-EPZVNlpk31rOQ5qrZsxZ5LyJdLwHdmVh8vt2nvp17kEjrx54rPtxi2IABzCvI7uF-2Q08sIq2uU3A_WO0Rm0t5xS9rjNH1_v4XApv7UD5AEsXaTaCb9U7DxEILcXmvM_t1kCBqq-aT7iRu3AXeJB1YXo9bgc.RSxPIkuWoV76n6JpF8e3-nlgWpKgXvPNxI7VcHlS8B4&dib_tag=se&keywords=sunglasses&qid=1787916142&sr=8-19
2026-08-28 17:27:49 | INFO | amazon_scrapper | [26:19] Saved D:\Amazon Scrapper\AmazonScrapper\data\products\keyword_26_product_019.html
2026-08-28 17:27:49 | INFO | amazon_scrapper | [26:17] HTTP 200 https://www.amazon.com/JULI-Polarized-Sunglasses-Rimless-Running/dp/B09TQLWNL1/ref=sr_1_17?dib=eyJ2IjoiMSJ9.XEOE6di7jzd1VkQ4wmoBqaBWwqMQg_3Uw-dB_1Yu5WYgu4nTH1TE10P2lsLrc9FiD1DZg163j_hk1Tj4PoC6wqgvM1xFVMpYlCvHkbTtPmME_MBbD1FJYXR7boK6hg-8YNk_y5-qGvkGSQ-EPZVNlpk31rOQ5qrZsxZ5LyJdLwHdmVh8vt2nvp17kEjrx54rPtxi2IABzCvI7uF-2Q08sIq2uU3A_WO0Rm0t5xS9rjNH1_v4XApv7UD5AEsXaTaCb9U7DxEILcXmvM_t1kCBqq-aT7iRu3AXeJB1YXo9bgc.RSxPIkuWoV76n6JpF8e3-nlgWpKgXvPNxI7VcHlS8B4&dib_tag=se&keywords=sunglasses&qid=1787916142&sr=8-17
2026-08-28 17:27:49 | INFO | amazon_scrapper | [26:17] Saved D:\Amazon Scrapper\AmazonScrapper\data\products\keyword_26_product_017.html
2026-08-28 17:27:50 | INFO | amazon_scrapper | [26:20] HTTP 200 https://www.amazon.com/QALLY-Polarized-Sunglasses-Protection-Glasses/dp/B0F28L2J8G/ref=sr_1_20?dib=eyJ2IjoiMSJ9.XEOE6di7jzd1VkQ4wmoBqaBWwqMQg_3Uw-dB_1Yu5WYgu4nTH1TE10P2lsLrc9FiD1DZg163j_hk1Tj4PoC6wqgvM1xFVMpYlCvHkbTtPmME_MBbD1FJYXR7boK6hg-8YNk_y5-qGvkGSQ-EPZVNlpk31rOQ5qrZsxZ5LyJdLwHdmVh8vt2nvp17kEjrx54rPtxi2IABzCvI7uF-2Q08sIq2uU3A_WO0Rm0t5xS9rjNH1_v4XApv7UD5AEsXaTaCb9U7DxEILcXmvM_t1kCBqq-aT7iRu3AXeJB1YXo9bgc.RSxPIkuWoV76n6JpF8e3-nlgWpKgXvPNxI7VcHlS8B4&dib_tag=se&keywords=sunglasses&qid=1787916142&sr=8-20
2026-08-28 17:27:50 | INFO | amazon_scrapper | [26:20] Saved D:\Amazon Scrapper\AmazonScrapper\data\products\keyword_26_product_020.html
2026-08-28 17:27:50 | INFO | amazon_scrapper | [26:21] HTTP 200 https://www.amazon.com/Foliful-Sunglasses-Womens-Polarized-Sunglasses-Protection/dp/B0GVN98BP7/ref=sr_1_21?dib=eyJ2IjoiMSJ9.XEOE6di7jzd1VkQ4wmoBqaBWwqMQg_3Uw-dB_1Yu5WYgu4nTH1TE10P2lsLrc9FiD1DZg163j_hk1Tj4PoC6wqgvM1xFVMpYlCvHkbTtPmME_MBbD1FJYXR7boK6hg-8YNk_y5-qGvkGSQ-EPZVNlpk31rOQ5qrZsxZ5LyJdLwHdmVh8vt2nvp17kEjrx54rPtxi2IABzCvI7uF-2Q08sIq2uU3A_WO0Rm0t5xS9rjNH1_v4XApv7UD5AEsXaTaCb9U7DxEILcXmvM_t1kCBqq-aT7iRu3AXeJB1YXo9bgc.RSxPIkuWoV76n6JpF8e3-nlgWpKgXvPNxI7VcHlS8B4&dib_tag=se&keywords=sunglasses&qid=1787916142&sr=8-21
2026-08-28 17:27:50 | INFO | amazon_scrapper | [26:21] Saved D:\Amazon Scrapper\AmazonScrapper\data\products\keyword_26_product_021.html
2026-08-28 17:27:51 | INFO | amazon_scrapper | [26:22] HTTP 200 https://www.amazon.com/Polarized-Classic-Sunglasses-glasses%EF%BC%9A100-Blocking/dp/B07J2NRG93/ref=sr_1_22?dib=eyJ2IjoiMSJ9.XEOE6di7jzd1VkQ4wmoBqaBWwqMQg_3Uw-dB_1Yu5WYgu4nTH1TE10P2lsLrc9FiD1DZg163j_hk1Tj4PoC6wqgvM1xFVMpYlCvHkbTtPmME_MBbD1FJYXR7boK6hg-8YNk_y5-qGvkGSQ-EPZVNlpk31rOQ5qrZsxZ5LyJdLwHdmVh8vt2nvp17kEjrx54rPtxi2IABzCvI7uF-2Q08sIq2uU3A_WO0Rm0t5xS9rjNH1_v4XApv7UD5AEsXaTaCb9U7DxEILcXmvM_t1kCBqq-aT7iRu3AXeJB1YXo9bgc.RSxPIkuWoV76n6JpF8e3-nlgWpKgXvPNxI7VcHlS8B4&dib_tag=se&keywords=sunglasses&qid=1787916142&sr=8-22
2026-08-28 17:27:51 | INFO | amazon_scrapper | [26:22] Saved D:\Amazon Scrapper\AmazonScrapper\data\products\keyword_26_product_022.html
2026-08-28 17:27:51 | INFO | amazon_scrapper | [26:23] HTTP 200 https://www.amazon.com/FEISEDY-Aviator-Sunglasses-Vintage-Plastic/dp/B0B3XKHTR1/ref=sr_1_23?dib=eyJ2IjoiMSJ9.XEOE6di7jzd1VkQ4wmoBqaBWwqMQg_3Uw-dB_1Yu5WYgu4nTH1TE10P2lsLrc9FiD1DZg163j_hk1Tj4PoC6wqgvM1xFVMpYlCvHkbTtPmME_MBbD1FJYXR7boK6hg-8YNk_y5-qGvkGSQ-EPZVNlpk31rOQ5qrZsxZ5LyJdLwHdmVh8vt2nvp17kEjrx54rPtxi2IABzCvI7uF-2Q08sIq2uU3A_WO0Rm0t5xS9rjNH1_v4XApv7UD5AEsXaTaCb9U7DxEILcXmvM_t1kCBqq-aT7iRu3AXeJB1YXo9bgc.RSxPIkuWoV76n6JpF8e3-nlgWpKgXvPNxI7VcHlS8B4&dib_tag=se&keywords=sunglasses&qid=1787916142&sr=8-23
2026-08-28 17:27:51 | INFO | amazon_scrapper | [26:23] Saved D:\Amazon Scrapper\AmazonScrapper\data\products\keyword_26_product_023.html
2026-08-28 17:27:52 | INFO | amazon_scrapper | [26:24] HTTP 200 https://www.amazon.com/Foliful-Polarized-Sunglasses-Protection-Cycling/dp/B0D97BWLZ4/ref=sr_1_24?dib=eyJ2IjoiMSJ9.XEOE6di7jzd1VkQ4wmoBqaBWwqMQg_3Uw-dB_1Yu5WYgu4nTH1TE10P2lsLrc9FiD1DZg163j_hk1Tj4PoC6wqgvM1xFVMpYlCvHkbTtPmME_MBbD1FJYXR7boK6hg-8YNk_y5-qGvkGSQ-EPZVNlpk31rOQ5qrZsxZ5LyJdLwHdmVh8vt2nvp17kEjrx54rPtxi2IABzCvI7uF-2Q08sIq2uU3A_WO0Rm0t5xS9rjNH1_v4XApv7UD5AEsXaTaCb9U7DxEILcXmvM_t1kCBqq-aT7iRu3AXeJB1YXo9bgc.RSxPIkuWoV76n6JpF8e3-nlgWpKgXvPNxI7VcHlS8B4&dib_tag=se&keywords=sunglasses&qid=1787916142&sr=8-24
2026-08-28 17:27:52 | INFO | amazon_scrapper | [26:24] Saved D:\Amazon Scrapper\AmazonScrapper\data\products\keyword_26_product_024.html
2026-08-28 17:27:52 | INFO | amazon_scrapper | [26:25] HTTP 200 https://www.amazon.com/MAXJULI-Oversized-Sunglasses-Women-Protection/dp/B0852KBC8Z/ref=sr_1_25?dib=eyJ2IjoiMSJ9.XEOE6di7jzd1VkQ4wmoBqaBWwqMQg_3Uw-dB_1Yu5WYgu4nTH1TE10P2lsLrc9FiD1DZg163j_hk1Tj4PoC6wqgvM1xFVMpYlCvHkbTtPmME_MBbD1FJYXR7boK6hg-8YNk_y5-qGvkGSQ-EPZVNlpk31rOQ5qrZsxZ5LyJdLwHdmVh8vt2nvp17kEjrx54rPtxi2IABzCvI7uF-2Q08sIq2uU3A_WO0Rm0t5xS9rjNH1_v4XApv7UD5AEsXaTaCb9U7DxEILcXmvM_t1kCBqq-aT7iRu3AXeJB1YXo9bgc.RSxPIkuWoV76n6JpF8e3-nlgWpKgXvPNxI7VcHlS8B4&dib_tag=se&keywords=sunglasses&qid=1787916142&sr=8-25
2026-08-28 17:27:52 | INFO | amazon_scrapper | [26:25] Saved D:\Amazon Scrapper\AmazonScrapper\data\products\keyword_26_product_025.html
2026-08-28 17:27:52 | INFO | amazon_scrapper | [26:26] HTTP 200 https://www.amazon.com/FAGUMA-Polarized-Sunglasses-Cycling-Protection/dp/B07YSQMBZN/ref=sr_1_26?dib=eyJ2IjoiMSJ9.XEOE6di7jzd1VkQ4wmoBqaBWwqMQg_3Uw-dB_1Yu5WYgu4nTH1TE10P2lsLrc9FiD1DZg163j_hk1Tj4PoC6wqgvM1xFVMpYlCvHkbTtPmME_MBbD1FJYXR7boK6hg-8YNk_y5-qGvkGSQ-EPZVNlpk31rOQ5qrZsxZ5LyJdLwHdmVh8vt2nvp17kEjrx54rPtxi2IABzCvI7uF-2Q08sIq2uU3A_WO0Rm0t5xS9rjNH1_v4XApv7UD5AEsXaTaCb9U7DxEILcXmvM_t1kCBqq-aT7iRu3AXeJB1YXo9bgc.RSxPIkuWoV76n6JpF8e3-nlgWpKgXvPNxI7VcHlS8B4&dib_tag=se&keywords=sunglasses&qid=1787916142&sr=8-26
2026-08-28 17:27:52 | INFO | amazon_scrapper | [26:26] Saved D:\Amazon Scrapper\AmazonScrapper\data\products\keyword_26_product_026.html
2026-08-28 17:27:53 | INFO | amazon_scrapper | [26:27] HTTP 200 https://www.amazon.com/SUNGAIT-Lightweight-Rectangular-Sunglasses-Protection/dp/B01LYQK0YX/ref=sr_1_27?dib=eyJ2IjoiMSJ9.XEOE6di7jzd1VkQ4wmoBqaBWwqMQg_3Uw-dB_1Yu5WYgu4nTH1TE10P2lsLrc9FiD1DZg163j_hk1Tj4PoC6wqgvM1xFVMpYlCvHkbTtPmME_MBbD1FJYXR7boK6hg-8YNk_y5-qGvkGSQ-EPZVNlpk31rOQ5qrZsxZ5LyJdLwHdmVh8vt2nvp17kEjrx54rPtxi2IABzCvI7uF-2Q08sIq2uU3A_WO0Rm0t5xS9rjNH1_v4XApv7UD5AEsXaTaCb9U7DxEILcXmvM_t1kCBqq-aT7iRu3AXeJB1YXo9bgc.RSxPIkuWoV76n6JpF8e3-nlgWpKgXvPNxI7VcHlS8B4&dib_tag=se&keywords=sunglasses&qid=1787916142&sr=8-27
2026-08-28 17:27:53 | INFO | amazon_scrapper | [26:27] Saved D:\Amazon Scrapper\AmazonScrapper\data\products\keyword_26_product_027.html
2026-08-28 17:27:54 | INFO | amazon_scrapper | [26:29] HTTP 200 https://www.amazon.com/Vcarsian-Polarized-Round-Sunglasses-Women/dp/B0FWJFFRJH/ref=sr_1_29?dib=eyJ2IjoiMSJ9.XEOE6di7jzd1VkQ4wmoBqaBWwqMQg_3Uw-dB_1Yu5WYgu4nTH1TE10P2lsLrc9FiD1DZg163j_hk1Tj4PoC6wqgvM1xFVMpYlCvHkbTtPmME_MBbD1FJYXR7boK6hg-8YNk_y5-qGvkGSQ-EPZVNlpk31rOQ5qrZsxZ5LyJdLwHdmVh8vt2nvp17kEjrx54rPtxi2IABzCvI7uF-2Q08sIq2uU3A_WO0Rm0t5xS9rjNH1_v4XApv7UD5AEsXaTaCb9U7DxEILcXmvM_t1kCBqq-aT7iRu3AXeJB1YXo9bgc.RSxPIkuWoV76n6JpF8e3-nlgWpKgXvPNxI7VcHlS8B4&dib_tag=se&keywords=sunglasses&qid=1787916142&sr=8-29
2026-08-28 17:27:54 | INFO | amazon_scrapper | [26:29] Saved D:\Amazon Scrapper\AmazonScrapper\data\products\keyword_26_product_029.html
2026-08-28 17:27:54 | INFO | amazon_scrapper | [26:30] HTTP 200 https://www.amazon.com/Dollger-Square-Oversized-Sunglasses-Fashion/dp/B0B3HXZW86/ref=sr_1_30?dib=eyJ2IjoiMSJ9.XEOE6di7jzd1VkQ4wmoBqaBWwqMQg_3Uw-dB_1Yu5WYgu4nTH1TE10P2lsLrc9FiD1DZg163j_hk1Tj4PoC6wqgvM1xFVMpYlCvHkbTtPmME_MBbD1FJYXR7boK6hg-8YNk_y5-qGvkGSQ-EPZVNlpk31rOQ5qrZsxZ5LyJdLwHdmVh8vt2nvp17kEjrx54rPtxi2IABzCvI7uF-2Q08sIq2uU3A_WO0Rm0t5xS9rjNH1_v4XApv7UD5AEsXaTaCb9U7DxEILcXmvM_t1kCBqq-aT7iRu3AXeJB1YXo9bgc.RSxPIkuWoV76n6JpF8e3-nlgWpKgXvPNxI7VcHlS8B4&dib_tag=se&keywords=sunglasses&qid=1787916142&sr=8-30
2026-08-28 17:27:54 | INFO | amazon_scrapper | [26:30] Saved D:\Amazon Scrapper\AmazonScrapper\data\products\keyword_26_product_030.html
2026-08-28 17:27:54 | INFO | amazon_scrapper | [26:28] HTTP 200 https://www.amazon.com/MERRYS-Polarized-Sunglasses-Fashion-Protection/dp/B075B7788K/ref=sr_1_28?dib=eyJ2IjoiMSJ9.XEOE6di7jzd1VkQ4wmoBqaBWwqMQg_3Uw-dB_1Yu5WYgu4nTH1TE10P2lsLrc9FiD1DZg163j_hk1Tj4PoC6wqgvM1xFVMpYlCvHkbTtPmME_MBbD1FJYXR7boK6hg-8YNk_y5-qGvkGSQ-EPZVNlpk31rOQ5qrZsxZ5LyJdLwHdmVh8vt2nvp17kEjrx54rPtxi2IABzCvI7uF-2Q08sIq2uU3A_WO0Rm0t5xS9rjNH1_v4XApv7UD5AEsXaTaCb9U7DxEILcXmvM_t1kCBqq-aT7iRu3AXeJB1YXo9bgc.RSxPIkuWoV76n6JpF8e3-nlgWpKgXvPNxI7VcHlS8B4&dib_tag=se&keywords=sunglasses&qid=1787916142&sr=8-28
2026-08-28 17:27:54 | INFO | amazon_scrapper | [26:28] Saved D:\Amazon Scrapper\AmazonScrapper\data\products\keyword_26_product_028.html
2026-08-28 17:27:54 | INFO | amazon_scrapper | [26:31] HTTP 200 https://www.amazon.com/phikttu-Sunglasses-Womens-Retro-Women/dp/B0FCLXHDWW/ref=sr_1_31?dib=eyJ2IjoiMSJ9.XEOE6di7jzd1VkQ4wmoBqaBWwqMQg_3Uw-dB_1Yu5WYgu4nTH1TE10P2lsLrc9FiD1DZg163j_hk1Tj4PoC6wqgvM1xFVMpYlCvHkbTtPmME_MBbD1FJYXR7boK6hg-8YNk_y5-qGvkGSQ-EPZVNlpk31rOQ5qrZsxZ5LyJdLwHdmVh8vt2nvp17kEjrx54rPtxi2IABzCvI7uF-2Q08sIq2uU3A_WO0Rm0t5xS9rjNH1_v4XApv7UD5AEsXaTaCb9U7DxEILcXmvM_t1kCBqq-aT7iRu3AXeJB1YXo9bgc.RSxPIkuWoV76n6JpF8e3-nlgWpKgXvPNxI7VcHlS8B4&dib_tag=se&keywords=sunglasses&qid=1787916142&sr=8-31
2026-08-28 17:27:54 | INFO | amazon_scrapper | [26:31] Saved D:\Amazon Scrapper\AmazonScrapper\data\products\keyword_26_product_031.html
2026-08-28 17:27:55 | INFO | amazon_scrapper | [26:32] HTTP 200 https://www.amazon.com/DANAMY-Sunglasses-Polarized-Designer-Mirrored/dp/B0BYHD7FG8/ref=sr_1_32?dib=eyJ2IjoiMSJ9.XEOE6di7jzd1VkQ4wmoBqaBWwqMQg_3Uw-dB_1Yu5WYgu4nTH1TE10P2lsLrc9FiD1DZg163j_hk1Tj4PoC6wqgvM1xFVMpYlCvHkbTtPmME_MBbD1FJYXR7boK6hg-8YNk_y5-qGvkGSQ-EPZVNlpk31rOQ5qrZsxZ5LyJdLwHdmVh8vt2nvp17kEjrx54rPtxi2IABzCvI7uF-2Q08sIq2uU3A_WO0Rm0t5xS9rjNH1_v4XApv7UD5AEsXaTaCb9U7DxEILcXmvM_t1kCBqq-aT7iRu3AXeJB1YXo9bgc.RSxPIkuWoV76n6JpF8e3-nlgWpKgXvPNxI7VcHlS8B4&dib_tag=se&keywords=sunglasses&qid=1787916142&sr=8-32
2026-08-28 17:27:55 | INFO | amazon_scrapper | [26:32] Saved D:\Amazon Scrapper\AmazonScrapper\data\products\keyword_26_product_032.html
2026-08-28 17:27:56 | INFO | amazon_scrapper | [26:33] HTTP 200 https://www.amazon.com/Breaksun-Sunglasses-Fashion-Vintage-Leopard/dp/B0C68QGFX4/ref=sr_1_33?dib=eyJ2IjoiMSJ9.XEOE6di7jzd1VkQ4wmoBqaBWwqMQg_3Uw-dB_1Yu5WYgu4nTH1TE10P2lsLrc9FiD1DZg163j_hk1Tj4PoC6wqgvM1xFVMpYlCvHkbTtPmME_MBbD1FJYXR7boK6hg-8YNk_y5-qGvkGSQ-EPZVNlpk31rOQ5qrZsxZ5LyJdLwHdmVh8vt2nvp17kEjrx54rPtxi2IABzCvI7uF-2Q08sIq2uU3A_WO0Rm0t5xS9rjNH1_v4XApv7UD5AEsXaTaCb9U7DxEILcXmvM_t1kCBqq-aT7iRu3AXeJB1YXo9bgc.RSxPIkuWoV76n6JpF8e3-nlgWpKgXvPNxI7VcHlS8B4&dib_tag=se&keywords=sunglasses&qid=1787916142&sr=8-33
2026-08-28 17:27:56 | INFO | amazon_scrapper | [26:33] Saved D:\Amazon Scrapper\AmazonScrapper\data\products\keyword_26_product_033.html
2026-08-28 17:27:56 | INFO | amazon_scrapper | [26:34] HTTP 200 https://www.amazon.com/SOJOS-Classic-Plastic-Inspired-Sunglasses/dp/B07N3YKHNB/ref=sr_1_34?dib=eyJ2IjoiMSJ9.XEOE6di7jzd1VkQ4wmoBqaBWwqMQg_3Uw-dB_1Yu5WYgu4nTH1TE10P2lsLrc9FiD1DZg163j_hk1Tj4PoC6wqgvM1xFVMpYlCvHkbTtPmME_MBbD1FJYXR7boK6hg-8YNk_y5-qGvkGSQ-EPZVNlpk31rOQ5qrZsxZ5LyJdLwHdmVh8vt2nvp17kEjrx54rPtxi2IABzCvI7uF-2Q08sIq2uU3A_WO0Rm0t5xS9rjNH1_v4XApv7UD5AEsXaTaCb9U7DxEILcXmvM_t1kCBqq-aT7iRu3AXeJB1YXo9bgc.RSxPIkuWoV76n6JpF8e3-nlgWpKgXvPNxI7VcHlS8B4&dib_tag=se&keywords=sunglasses&qid=1787916142&sr=8-34
2026-08-28 17:27:56 | INFO | amazon_scrapper | [26:34] Saved D:\Amazon Scrapper\AmazonScrapper\data\products\keyword_26_product_034.html
2026-08-28 17:27:56 | INFO | amazon_scrapper | [26:35] HTTP 200 https://www.amazon.com/CIFOYA-Sunglasses-Men-Polarized-Mens-Sunglasses/dp/B0F9L7N1FY/ref=sr_1_35?dib=eyJ2IjoiMSJ9.XEOE6di7jzd1VkQ4wmoBqaBWwqMQg_3Uw-dB_1Yu5WYgu4nTH1TE10P2lsLrc9FiD1DZg163j_hk1Tj4PoC6wqgvM1xFVMpYlCvHkbTtPmME_MBbD1FJYXR7boK6hg-8YNk_y5-qGvkGSQ-EPZVNlpk31rOQ5qrZsxZ5LyJdLwHdmVh8vt2nvp17kEjrx54rPtxi2IABzCvI7uF-2Q08sIq2uU3A_WO0Rm0t5xS9rjNH1_v4XApv7UD5AEsXaTaCb9U7DxEILcXmvM_t1kCBqq-aT7iRu3AXeJB1YXo9bgc.RSxPIkuWoV76n6JpF8e3-nlgWpKgXvPNxI7VcHlS8B4&dib_tag=se&keywords=sunglasses&qid=1787916142&sr=8-35
2026-08-28 17:27:56 | INFO | amazon_scrapper | [26:35] Saved D:\Amazon Scrapper\AmazonScrapper\data\products\keyword_26_product_035.html
2026-08-28 17:27:56 | INFO | amazon_scrapper | [26:36] HTTP 200 https://www.amazon.com/suoso-Sports-Polarized-Sunglasses-Men/dp/B0CRTQ3J5D/ref=sr_1_36?dib=eyJ2IjoiMSJ9.XEOE6di7jzd1VkQ4wmoBqaBWwqMQg_3Uw-dB_1Yu5WYgu4nTH1TE10P2lsLrc9FiD1DZg163j_hk1Tj4PoC6wqgvM1xFVMpYlCvHkbTtPmME_MBbD1FJYXR7boK6hg-8YNk_y5-qGvkGSQ-EPZVNlpk31rOQ5qrZsxZ5LyJdLwHdmVh8vt2nvp17kEjrx54rPtxi2IABzCvI7uF-2Q08sIq2uU3A_WO0Rm0t5xS9rjNH1_v4XApv7UD5AEsXaTaCb9U7DxEILcXmvM_t1kCBqq-aT7iRu3AXeJB1YXo9bgc.RSxPIkuWoV76n6JpF8e3-nlgWpKgXvPNxI7VcHlS8B4&dib_tag=se&keywords=sunglasses&qid=1787916142&sr=8-36
2026-08-28 17:27:56 | INFO | amazon_scrapper | [26:36] Saved D:\Amazon Scrapper\AmazonScrapper\data\products\keyword_26_product_036.html
2026-08-28 17:27:57 | INFO | amazon_scrapper | [26:37] HTTP 200 https://www.amazon.com/YDAOWKN-Classic-Vintage-Aviator-Sunglasses/dp/B0925CHC1K/ref=sr_1_37?dib=eyJ2IjoiMSJ9.XEOE6di7jzd1VkQ4wmoBqaBWwqMQg_3Uw-dB_1Yu5WYgu4nTH1TE10P2lsLrc9FiD1DZg163j_hk1Tj4PoC6wqgvM1xFVMpYlCvHkbTtPmME_MBbD1FJYXR7boK6hg-8YNk_y5-qGvkGSQ-EPZVNlpk31rOQ5qrZsxZ5LyJdLwHdmVh8vt2nvp17kEjrx54rPtxi2IABzCvI7uF-2Q08sIq2uU3A_WO0Rm0t5xS9rjNH1_v4XApv7UD5AEsXaTaCb9U7DxEILcXmvM_t1kCBqq-aT7iRu3AXeJB1YXo9bgc.RSxPIkuWoV76n6JpF8e3-nlgWpKgXvPNxI7VcHlS8B4&dib_tag=se&keywords=sunglasses&qid=1787916142&sr=8-37
2026-08-28 17:27:57 | INFO | amazon_scrapper | [26:37] Saved D:\Amazon Scrapper\AmazonScrapper\data\products\keyword_26_product_037.html
2026-08-28 17:27:58 | INFO | amazon_scrapper | [26:38] HTTP 200 https://www.amazon.com/suoso-Polarized-Sports-Sunglasses-Men/dp/B0BZDBFCKL/ref=sr_1_38?dib=eyJ2IjoiMSJ9.XEOE6di7jzd1VkQ4wmoBqaBWwqMQg_3Uw-dB_1Yu5WYgu4nTH1TE10P2lsLrc9FiD1DZg163j_hk1Tj4PoC6wqgvM1xFVMpYlCvHkbTtPmME_MBbD1FJYXR7boK6hg-8YNk_y5-qGvkGSQ-EPZVNlpk31rOQ5qrZsxZ5LyJdLwHdmVh8vt2nvp17kEjrx54rPtxi2IABzCvI7uF-2Q08sIq2uU3A_WO0Rm0t5xS9rjNH1_v4XApv7UD5AEsXaTaCb9U7DxEILcXmvM_t1kCBqq-aT7iRu3AXeJB1YXo9bgc.RSxPIkuWoV76n6JpF8e3-nlgWpKgXvPNxI7VcHlS8B4&dib_tag=se&keywords=sunglasses&qid=1787916142&sr=8-38
2026-08-28 17:27:58 | INFO | amazon_scrapper | [26:38] Saved D:\Amazon Scrapper\AmazonScrapper\data\products\keyword_26_product_038.html
2026-08-28 17:27:58 | INFO | amazon_scrapper | [26:39] HTTP 200 https://www.amazon.com/Eiuizah-Polarized-Aviator-Sunglasses-Protection/dp/B0CT4KXR1Q/ref=sr_1_39?dib=eyJ2IjoiMSJ9.XEOE6di7jzd1VkQ4wmoBqaBWwqMQg_3Uw-dB_1Yu5WYgu4nTH1TE10P2lsLrc9FiD1DZg163j_hk1Tj4PoC6wqgvM1xFVMpYlCvHkbTtPmME_MBbD1FJYXR7boK6hg-8YNk_y5-qGvkGSQ-EPZVNlpk31rOQ5qrZsxZ5LyJdLwHdmVh8vt2nvp17kEjrx54rPtxi2IABzCvI7uF-2Q08sIq2uU3A_WO0Rm0t5xS9rjNH1_v4XApv7UD5AEsXaTaCb9U7DxEILcXmvM_t1kCBqq-aT7iRu3AXeJB1YXo9bgc.RSxPIkuWoV76n6JpF8e3-nlgWpKgXvPNxI7VcHlS8B4&dib_tag=se&keywords=sunglasses&qid=1787916142&sr=8-39
2026-08-28 17:27:58 | INFO | amazon_scrapper | [26:39] Saved D:\Amazon Scrapper\AmazonScrapper\data\products\keyword_26_product_039.html
2026-08-28 17:27:58 | INFO | amazon_scrapper | [26:40] HTTP 200 https://www.amazon.com/Locs-Gangster-Oversized-Rectangular-Sunglasses/dp/B01LZYUTX9/ref=sr_1_40?dib=eyJ2IjoiMSJ9.XEOE6di7jzd1VkQ4wmoBqaBWwqMQg_3Uw-dB_1Yu5WYgu4nTH1TE10P2lsLrc9FiD1DZg163j_hk1Tj4PoC6wqgvM1xFVMpYlCvHkbTtPmME_MBbD1FJYXR7boK6hg-8YNk_y5-qGvkGSQ-EPZVNlpk31rOQ5qrZsxZ5LyJdLwHdmVh8vt2nvp17kEjrx54rPtxi2IABzCvI7uF-2Q08sIq2uU3A_WO0Rm0t5xS9rjNH1_v4XApv7UD5AEsXaTaCb9U7DxEILcXmvM_t1kCBqq-aT7iRu3AXeJB1YXo9bgc.RSxPIkuWoV76n6JpF8e3-nlgWpKgXvPNxI7VcHlS8B4&dib_tag=se&keywords=sunglasses&qid=1787916142&sr=8-40
2026-08-28 17:27:58 | INFO | amazon_scrapper | [26:40] Saved D:\Amazon Scrapper\AmazonScrapper\data\products\keyword_26_product_040.html
2026-08-28 17:27:58 | INFO | amazon_scrapper | [26:41] HTTP 200 https://www.amazon.com/Fanshen-Polarized-Sunglasses-Protection-Lightweight/dp/B0F6JPNHVB/ref=sr_1_41?dib=eyJ2IjoiMSJ9.XEOE6di7jzd1VkQ4wmoBqaBWwqMQg_3Uw-dB_1Yu5WYgu4nTH1TE10P2lsLrc9FiD1DZg163j_hk1Tj4PoC6wqgvM1xFVMpYlCvHkbTtPmME_MBbD1FJYXR7boK6hg-8YNk_y5-qGvkGSQ-EPZVNlpk31rOQ5qrZsxZ5LyJdLwHdmVh8vt2nvp17kEjrx54rPtxi2IABzCvI7uF-2Q08sIq2uU3A_WO0Rm0t5xS9rjNH1_v4XApv7UD5AEsXaTaCb9U7DxEILcXmvM_t1kCBqq-aT7iRu3AXeJB1YXo9bgc.RSxPIkuWoV76n6JpF8e3-nlgWpKgXvPNxI7VcHlS8B4&dib_tag=se&keywords=sunglasses&qid=1787916142&sr=8-41
2026-08-28 17:27:58 | INFO | amazon_scrapper | [26:41] Saved D:\Amazon Scrapper\AmazonScrapper\data\products\keyword_26_product_041.html
2026-08-28 17:27:59 | INFO | amazon_scrapper | [26:42] HTTP 200 https://www.amazon.com/FAGUMA-Polarized-Sunglasses-Cycling-Protection/dp/B0F1T9G71F/ref=sr_1_42?dib=eyJ2IjoiMSJ9.XEOE6di7jzd1VkQ4wmoBqaBWwqMQg_3Uw-dB_1Yu5WYgu4nTH1TE10P2lsLrc9FiD1DZg163j_hk1Tj4PoC6wqgvM1xFVMpYlCvHkbTtPmME_MBbD1FJYXR7boK6hg-8YNk_y5-qGvkGSQ-EPZVNlpk31rOQ5qrZsxZ5LyJdLwHdmVh8vt2nvp17kEjrx54rPtxi2IABzCvI7uF-2Q08sIq2uU3A_WO0Rm0t5xS9rjNH1_v4XApv7UD5AEsXaTaCb9U7DxEILcXmvM_t1kCBqq-aT7iRu3AXeJB1YXo9bgc.RSxPIkuWoV76n6JpF8e3-nlgWpKgXvPNxI7VcHlS8B4&dib_tag=se&keywords=sunglasses&qid=1787916142&sr=8-42
2026-08-28 17:27:59 | INFO | amazon_scrapper | [26:42] Saved D:\Amazon Scrapper\AmazonScrapper\data\products\keyword_26_product_042.html
2026-08-28 17:28:00 | INFO | amazon_scrapper | [26:43] HTTP 200 https://www.amazon.com/kunchu-Polarized-Sunglasses-Classic-Protection/dp/B0DWXPNQB5/ref=sr_1_43?dib=eyJ2IjoiMSJ9.XEOE6di7jzd1VkQ4wmoBqaBWwqMQg_3Uw-dB_1Yu5WYgu4nTH1TE10P2lsLrc9FiD1DZg163j_hk1Tj4PoC6wqgvM1xFVMpYlCvHkbTtPmME_MBbD1FJYXR7boK6hg-8YNk_y5-qGvkGSQ-EPZVNlpk31rOQ5qrZsxZ5LyJdLwHdmVh8vt2nvp17kEjrx54rPtxi2IABzCvI7uF-2Q08sIq2uU3A_WO0Rm0t5xS9rjNH1_v4XApv7UD5AEsXaTaCb9U7DxEILcXmvM_t1kCBqq-aT7iRu3AXeJB1YXo9bgc.RSxPIkuWoV76n6JpF8e3-nlgWpKgXvPNxI7VcHlS8B4&dib_tag=se&keywords=sunglasses&qid=1787916142&sr=8-43
2026-08-28 17:28:00 | INFO | amazon_scrapper | [26:43] Saved D:\Amazon Scrapper\AmazonScrapper\data\products\keyword_26_product_043.html
2026-08-28 17:28:00 | INFO | amazon_scrapper | [26:45] HTTP 200 https://www.amazon.com/SOJOS-Polarized-Sunglasses-Polygon-Mirrored/dp/B078JCTKX8/ref=sr_1_45?dib=eyJ2IjoiMSJ9.XEOE6di7jzd1VkQ4wmoBqaBWwqMQg_3Uw-dB_1Yu5WYgu4nTH1TE10P2lsLrc9FiD1DZg163j_hk1Tj4PoC6wqgvM1xFVMpYlCvHkbTtPmME_MBbD1FJYXR7boK6hg-8YNk_y5-qGvkGSQ-EPZVNlpk31rOQ5qrZsxZ5LyJdLwHdmVh8vt2nvp17kEjrx54rPtxi2IABzCvI7uF-2Q08sIq2uU3A_WO0Rm0t5xS9rjNH1_v4XApv7UD5AEsXaTaCb9U7DxEILcXmvM_t1kCBqq-aT7iRu3AXeJB1YXo9bgc.RSxPIkuWoV76n6JpF8e3-nlgWpKgXvPNxI7VcHlS8B4&dib_tag=se&keywords=sunglasses&qid=1787916142&sr=8-45
2026-08-28 17:28:00 | INFO | amazon_scrapper | [26:45] Saved D:\Amazon Scrapper\AmazonScrapper\data\products\keyword_26_product_045.html
2026-08-28 17:28:00 | INFO | amazon_scrapper | [26:44] HTTP 200 https://www.amazon.com/Polarized-Sunglasses-Finish-glasses-Blocking/dp/B09C4X9RDW/ref=sr_1_44?dib=eyJ2IjoiMSJ9.XEOE6di7jzd1VkQ4wmoBqaBWwqMQg_3Uw-dB_1Yu5WYgu4nTH1TE10P2lsLrc9FiD1DZg163j_hk1Tj4PoC6wqgvM1xFVMpYlCvHkbTtPmME_MBbD1FJYXR7boK6hg-8YNk_y5-qGvkGSQ-EPZVNlpk31rOQ5qrZsxZ5LyJdLwHdmVh8vt2nvp17kEjrx54rPtxi2IABzCvI7uF-2Q08sIq2uU3A_WO0Rm0t5xS9rjNH1_v4XApv7UD5AEsXaTaCb9U7DxEILcXmvM_t1kCBqq-aT7iRu3AXeJB1YXo9bgc.RSxPIkuWoV76n6JpF8e3-nlgWpKgXvPNxI7VcHlS8B4&dib_tag=se&keywords=sunglasses&qid=1787916142&sr=8-44
2026-08-28 17:28:00 | INFO | amazon_scrapper | [26:44] Saved D:\Amazon Scrapper\AmazonScrapper\data\products\keyword_26_product_044.html
2026-08-28 17:28:00 | INFO | amazon_scrapper | [26:46] HTTP 200 https://www.amazon.com/SUNGAIT-Vintage-Sunglasses-Designer-Polarized/dp/B07C2LZC23/ref=sr_1_46?dib=eyJ2IjoiMSJ9.XEOE6di7jzd1VkQ4wmoBqaBWwqMQg_3Uw-dB_1Yu5WYgu4nTH1TE10P2lsLrc9FiD1DZg163j_hk1Tj4PoC6wqgvM1xFVMpYlCvHkbTtPmME_MBbD1FJYXR7boK6hg-8YNk_y5-qGvkGSQ-EPZVNlpk31rOQ5qrZsxZ5LyJdLwHdmVh8vt2nvp17kEjrx54rPtxi2IABzCvI7uF-2Q08sIq2uU3A_WO0Rm0t5xS9rjNH1_v4XApv7UD5AEsXaTaCb9U7DxEILcXmvM_t1kCBqq-aT7iRu3AXeJB1YXo9bgc.RSxPIkuWoV76n6JpF8e3-nlgWpKgXvPNxI7VcHlS8B4&dib_tag=se&keywords=sunglasses&qid=1787916142&sr=8-46
2026-08-28 17:28:00 | INFO | amazon_scrapper | [26:46] Saved D:\Amazon Scrapper\AmazonScrapper\data\products\keyword_26_product_046.html
2026-08-28 17:28:01 | INFO | amazon_scrapper | [26:47] HTTP 200 https://www.amazon.com/QALLY-Polarized-Sunglasses-Outdoors-Protection/dp/B0C9Q9941L/ref=sr_1_47?dib=eyJ2IjoiMSJ9.XEOE6di7jzd1VkQ4wmoBqaBWwqMQg_3Uw-dB_1Yu5WYgu4nTH1TE10P2lsLrc9FiD1DZg163j_hk1Tj4PoC6wqgvM1xFVMpYlCvHkbTtPmME_MBbD1FJYXR7boK6hg-8YNk_y5-qGvkGSQ-EPZVNlpk31rOQ5qrZsxZ5LyJdLwHdmVh8vt2nvp17kEjrx54rPtxi2IABzCvI7uF-2Q08sIq2uU3A_WO0Rm0t5xS9rjNH1_v4XApv7UD5AEsXaTaCb9U7DxEILcXmvM_t1kCBqq-aT7iRu3AXeJB1YXo9bgc.RSxPIkuWoV76n6JpF8e3-nlgWpKgXvPNxI7VcHlS8B4&dib_tag=se&keywords=sunglasses&qid=1787916142&sr=8-47
2026-08-28 17:28:01 | INFO | amazon_scrapper | [26:47] Saved D:\Amazon Scrapper\AmazonScrapper\data\products\keyword_26_product_047.html
2026-08-28 17:28:02 | INFO | amazon_scrapper | [26:48] HTTP 200 https://www.amazon.com/KALIYADI-Classic-Sunglasses-Polarized-Blocking/dp/B096MYDVLR/ref=sr_1_48?dib=eyJ2IjoiMSJ9.XEOE6di7jzd1VkQ4wmoBqaBWwqMQg_3Uw-dB_1Yu5WYgu4nTH1TE10P2lsLrc9FiD1DZg163j_hk1Tj4PoC6wqgvM1xFVMpYlCvHkbTtPmME_MBbD1FJYXR7boK6hg-8YNk_y5-qGvkGSQ-EPZVNlpk31rOQ5qrZsxZ5LyJdLwHdmVh8vt2nvp17kEjrx54rPtxi2IABzCvI7uF-2Q08sIq2uU3A_WO0Rm0t5xS9rjNH1_v4XApv7UD5AEsXaTaCb9U7DxEILcXmvM_t1kCBqq-aT7iRu3AXeJB1YXo9bgc.RSxPIkuWoV76n6JpF8e3-nlgWpKgXvPNxI7VcHlS8B4&dib_tag=se&keywords=sunglasses&qid=1787916142&sr=8-48
2026-08-28 17:28:02 | INFO | amazon_scrapper | [26:48] Saved D:\Amazon Scrapper\AmazonScrapper\data\products\keyword_26_product_048.html
2026-08-28 17:28:02 | INFO | amazon_scrapper | [27:1] HTTP 200 https://www.amazon.com/Nulaxy-Foldable-Compatible-Nintendo-Readers/dp/B07F8S18D5/ref=sr_1_3?dib=eyJ2IjoiMSJ9.kK7KLVpk5Zyjp2GO8vQrWjE7upRJgKlCLhVZ6x8zcb--tINRjnSqURknuZkrJWIFhEOjfKhquZo9QuF-3fPIf49fphdMnLXMkQUfn9-QF6PQNRNgEAOdl0InctQ9n36hXy6L9EJuMhEo8vSo2bYaC69l84B0zEi7-R2rqb1p3DfHQOZ1WSz5Cd2LDkKW18Ge5Ka7lUn_nJk8Co8OG2JM9XVjUgeqzOT_RnKe7g0YEnI.xI68OmNYabV2U8Z3ND1Y30JMF-Jim9Omql6cKznP4ls&dib_tag=se&keywords=phone+stand&qid=1787916147&sr=8-3
2026-08-28 17:28:02 | INFO | amazon_scrapper | [27:1] Saved D:\Amazon Scrapper\AmazonScrapper\data\products\keyword_27_product_001.html
2026-08-28 17:28:02 | INFO | amazon_scrapper | [27:2] HTTP 200 https://www.amazon.com/Adjustable-OMOTON-Cellphone-Anti-Slip-Convenient/dp/B0744DM3Y3/ref=sr_1_4?dib=eyJ2IjoiMSJ9.kK7KLVpk5Zyjp2GO8vQrWjE7upRJgKlCLhVZ6x8zcb--tINRjnSqURknuZkrJWIFhEOjfKhquZo9QuF-3fPIf49fphdMnLXMkQUfn9-QF6PQNRNgEAOdl0InctQ9n36hXy6L9EJuMhEo8vSo2bYaC69l84B0zEi7-R2rqb1p3DfHQOZ1WSz5Cd2LDkKW18Ge5Ka7lUn_nJk8Co8OG2JM9XVjUgeqzOT_RnKe7g0YEnI.xI68OmNYabV2U8Z3ND1Y30JMF-Jim9Omql6cKznP4ls&dib_tag=se&keywords=phone+stand&qid=1787916147&sr=8-4
2026-08-28 17:28:02 | INFO | amazon_scrapper | [27:2] Saved D:\Amazon Scrapper\AmazonScrapper\data\products\keyword_27_product_002.html
2026-08-28 17:28:02 | INFO | amazon_scrapper | [27:3] HTTP 200 https://www.amazon.com/Lamicall-Foldable-Phone-Stand-Desk/dp/B09MCKK9NX/ref=sr_1_5?dib=eyJ2IjoiMSJ9.kK7KLVpk5Zyjp2GO8vQrWjE7upRJgKlCLhVZ6x8zcb--tINRjnSqURknuZkrJWIFhEOjfKhquZo9QuF-3fPIf49fphdMnLXMkQUfn9-QF6PQNRNgEAOdl0InctQ9n36hXy6L9EJuMhEo8vSo2bYaC69l84B0zEi7-R2rqb1p3DfHQOZ1WSz5Cd2LDkKW18Ge5Ka7lUn_nJk8Co8OG2JM9XVjUgeqzOT_RnKe7g0YEnI.xI68OmNYabV2U8Z3ND1Y30JMF-Jim9Omql6cKznP4ls&dib_tag=se&keywords=phone+stand&qid=1787916147&sr=8-5
2026-08-28 17:28:02 | INFO | amazon_scrapper | [27:3] Saved D:\Amazon Scrapper\AmazonScrapper\data\products\keyword_27_product_003.html
2026-08-28 17:28:03 | INFO | amazon_scrapper | [27:4] HTTP 200 https://www.amazon.com/RISEOFLE-Portable-Extendable-Wireless-Control/dp/B0DXFFY4YV/ref=sr_1_6?dib=eyJ2IjoiMSJ9.kK7KLVpk5Zyjp2GO8vQrWjE7upRJgKlCLhVZ6x8zcb--tINRjnSqURknuZkrJWIFhEOjfKhquZo9QuF-3fPIf49fphdMnLXMkQUfn9-QF6PQNRNgEAOdl0InctQ9n36hXy6L9EJuMhEo8vSo2bYaC69l84B0zEi7-R2rqb1p3DfHQOZ1WSz5Cd2LDkKW18Ge5Ka7lUn_nJk8Co8OG2JM9XVjUgeqzOT_RnKe7g0YEnI.xI68OmNYabV2U8Z3ND1Y30JMF-Jim9Omql6cKznP4ls&dib_tag=se&keywords=phone+stand&qid=1787916147&sr=8-6
2026-08-28 17:28:03 | INFO | amazon_scrapper | [27:4] Saved D:\Amazon Scrapper\AmazonScrapper\data\products\keyword_27_product_004.html
2026-08-28 17:28:04 | INFO | amazon_scrapper | [27:6] HTTP 200 https://www.amazon.com/Liphisy-Tripod-Portable-Recording-Cellphone/dp/B0CMM89Y6Z/ref=sr_1_9?dib=eyJ2IjoiMSJ9.kK7KLVpk5Zyjp2GO8vQrWjE7upRJgKlCLhVZ6x8zcb--tINRjnSqURknuZkrJWIFhEOjfKhquZo9QuF-3fPIf49fphdMnLXMkQUfn9-QF6PQNRNgEAOdl0InctQ9n36hXy6L9EJuMhEo8vSo2bYaC69l84B0zEi7-R2rqb1p3DfHQOZ1WSz5Cd2LDkKW18Ge5Ka7lUn_nJk8Co8OG2JM9XVjUgeqzOT_RnKe7g0YEnI.xI68OmNYabV2U8Z3ND1Y30JMF-Jim9Omql6cKznP4ls&dib_tag=se&keywords=phone+stand&qid=1787916147&sr=8-9
2026-08-28 17:28:04 | INFO | amazon_scrapper | [27:6] Saved D:\Amazon Scrapper\AmazonScrapper\data\products\keyword_27_product_006.html
2026-08-28 17:28:04 | INFO | amazon_scrapper | [27:7] HTTP 200 https://www.amazon.com/Methuker-Silicone-Aluminum-Flexible-Foldable/dp/B0H6BBMD3D/ref=sr_1_10?dib=eyJ2IjoiMSJ9.kK7KLVpk5Zyjp2GO8vQrWjE7upRJgKlCLhVZ6x8zcb--tINRjnSqURknuZkrJWIFhEOjfKhquZo9QuF-3fPIf49fphdMnLXMkQUfn9-QF6PQNRNgEAOdl0InctQ9n36hXy6L9EJuMhEo8vSo2bYaC69l84B0zEi7-R2rqb1p3DfHQOZ1WSz5Cd2LDkKW18Ge5Ka7lUn_nJk8Co8OG2JM9XVjUgeqzOT_RnKe7g0YEnI.xI68OmNYabV2U8Z3ND1Y30JMF-Jim9Omql6cKznP4ls&dib_tag=se&keywords=phone+stand&qid=1787916147&sr=8-10
2026-08-28 17:28:04 | INFO | amazon_scrapper | [27:7] Saved D:\Amazon Scrapper\AmazonScrapper\data\products\keyword_27_product_007.html
2026-08-28 17:28:04 | INFO | amazon_scrapper | [27:5] HTTP 200 https://www.amazon.com/Height-Adjustable-LISEN-Aluminum-Compatible/dp/B07Z82895W/ref=sr_1_8?dib=eyJ2IjoiMSJ9.kK7KLVpk5Zyjp2GO8vQrWjE7upRJgKlCLhVZ6x8zcb--tINRjnSqURknuZkrJWIFhEOjfKhquZo9QuF-3fPIf49fphdMnLXMkQUfn9-QF6PQNRNgEAOdl0InctQ9n36hXy6L9EJuMhEo8vSo2bYaC69l84B0zEi7-R2rqb1p3DfHQOZ1WSz5Cd2LDkKW18Ge5Ka7lUn_nJk8Co8OG2JM9XVjUgeqzOT_RnKe7g0YEnI.xI68OmNYabV2U8Z3ND1Y30JMF-Jim9Omql6cKznP4ls&dib_tag=se&keywords=phone+stand&qid=1787916147&sr=8-8
2026-08-28 17:28:04 | INFO | amazon_scrapper | [27:5] Saved D:\Amazon Scrapper\AmazonScrapper\data\products\keyword_27_product_005.html
2026-08-28 17:28:05 | INFO | amazon_scrapper | [27:8] HTTP 200 https://www.amazon.com/VIMOSE-Phone-Tripod-iPhone-Remote/dp/B0FB349R8G/ref=sr_1_11?dib=eyJ2IjoiMSJ9.kK7KLVpk5Zyjp2GO8vQrWjE7upRJgKlCLhVZ6x8zcb--tINRjnSqURknuZkrJWIFhEOjfKhquZo9QuF-3fPIf49fphdMnLXMkQUfn9-QF6PQNRNgEAOdl0InctQ9n36hXy6L9EJuMhEo8vSo2bYaC69l84B0zEi7-R2rqb1p3DfHQOZ1WSz5Cd2LDkKW18Ge5Ka7lUn_nJk8Co8OG2JM9XVjUgeqzOT_RnKe7g0YEnI.xI68OmNYabV2U8Z3ND1Y30JMF-Jim9Omql6cKznP4ls&dib_tag=se&keywords=phone+stand&qid=1787916147&sr=8-11
2026-08-28 17:28:05 | INFO | amazon_scrapper | [27:8] Saved D:\Amazon Scrapper\AmazonScrapper\data\products\keyword_27_product_008.html
2026-08-28 17:28:05 | INFO | amazon_scrapper | [27:9] HTTP 200 https://www.amazon.com/OCYCLONE-Height-Adjustable-Foldable-Compatible/dp/B08DTZM7LM/ref=sr_1_13?dib=eyJ2IjoiMSJ9.kK7KLVpk5Zyjp2GO8vQrWjE7upRJgKlCLhVZ6x8zcb--tINRjnSqURknuZkrJWIFhEOjfKhquZo9QuF-3fPIf49fphdMnLXMkQUfn9-QF6PQNRNgEAOdl0InctQ9n36hXy6L9EJuMhEo8vSo2bYaC69l84B0zEi7-R2rqb1p3DfHQOZ1WSz5Cd2LDkKW18Ge5Ka7lUn_nJk8Co8OG2JM9XVjUgeqzOT_RnKe7g0YEnI.xI68OmNYabV2U8Z3ND1Y30JMF-Jim9Omql6cKznP4ls&dib_tag=se&keywords=phone+stand&qid=1787916147&sr=8-13
2026-08-28 17:28:05 | INFO | amazon_scrapper | [27:9] Saved D:\Amazon Scrapper\AmazonScrapper\data\products\keyword_27_product_009.html
2026-08-28 17:28:06 | INFO | amazon_scrapper | [27:11] HTTP 200 https://www.amazon.com/HOTEMIA-Adjustable-Foldable-Compatible-Accessories/dp/B0BB8122K9/ref=sr_1_15?dib=eyJ2IjoiMSJ9.kK7KLVpk5Zyjp2GO8vQrWjE7upRJgKlCLhVZ6x8zcb--tINRjnSqURknuZkrJWIFhEOjfKhquZo9QuF-3fPIf49fphdMnLXMkQUfn9-QF6PQNRNgEAOdl0InctQ9n36hXy6L9EJuMhEo8vSo2bYaC69l84B0zEi7-R2rqb1p3DfHQOZ1WSz5Cd2LDkKW18Ge5Ka7lUn_nJk8Co8OG2JM9XVjUgeqzOT_RnKe7g0YEnI.xI68OmNYabV2U8Z3ND1Y30JMF-Jim9Omql6cKznP4ls&dib_tag=se&keywords=phone+stand&qid=1787916147&sr=8-15
2026-08-28 17:28:06 | INFO | amazon_scrapper | [27:11] Saved D:\Amazon Scrapper\AmazonScrapper\data\products\keyword_27_product_011.html
2026-08-28 17:28:06 | INFO | amazon_scrapper | [27:10] HTTP 200 https://www.amazon.com/Nulaxy-Folding-Adjustable-Foldable-Compatible/dp/B0BRN58CXR/ref=sr_1_14?dib=eyJ2IjoiMSJ9.kK7KLVpk5Zyjp2GO8vQrWjE7upRJgKlCLhVZ6x8zcb--tINRjnSqURknuZkrJWIFhEOjfKhquZo9QuF-3fPIf49fphdMnLXMkQUfn9-QF6PQNRNgEAOdl0InctQ9n36hXy6L9EJuMhEo8vSo2bYaC69l84B0zEi7-R2rqb1p3DfHQOZ1WSz5Cd2LDkKW18Ge5Ka7lUn_nJk8Co8OG2JM9XVjUgeqzOT_RnKe7g0YEnI.xI68OmNYabV2U8Z3ND1Y30JMF-Jim9Omql6cKznP4ls&dib_tag=se&keywords=phone+stand&qid=1787916147&sr=8-14
2026-08-28 17:28:06 | INFO | amazon_scrapper | [27:10] Saved D:\Amazon Scrapper\AmazonScrapper\data\products\keyword_27_product_010.html
2026-08-28 17:28:07 | INFO | amazon_scrapper | [27:12] HTTP 200 https://www.amazon.com/NKNZLY-Phone-Foldable-Mobile-Holder-Black/dp/B0HDJ2BB9S/ref=sr_1_16?dib=eyJ2IjoiMSJ9.kK7KLVpk5Zyjp2GO8vQrWjE7upRJgKlCLhVZ6x8zcb--tINRjnSqURknuZkrJWIFhEOjfKhquZo9QuF-3fPIf49fphdMnLXMkQUfn9-QF6PQNRNgEAOdl0InctQ9n36hXy6L9EJuMhEo8vSo2bYaC69l84B0zEi7-R2rqb1p3DfHQOZ1WSz5Cd2LDkKW18Ge5Ka7lUn_nJk8Co8OG2JM9XVjUgeqzOT_RnKe7g0YEnI.xI68OmNYabV2U8Z3ND1Y30JMF-Jim9Omql6cKznP4ls&dib_tag=se&keywords=phone+stand&qid=1787916147&sr=8-16
2026-08-28 17:28:07 | INFO | amazon_scrapper | [27:12] Saved D:\Amazon Scrapper\AmazonScrapper\data\products\keyword_27_product_012.html
2026-08-28 17:28:07 | INFO | amazon_scrapper | [27:13] HTTP 200 https://www.amazon.com/Sensyne-Extendable-Wireless-Compatible-Android/dp/B09TQY66NH/ref=sr_1_18?dib=eyJ2IjoiMSJ9.kK7KLVpk5Zyjp2GO8vQrWjE7upRJgKlCLhVZ6x8zcb--tINRjnSqURknuZkrJWIFhEOjfKhquZo9QuF-3fPIf49fphdMnLXMkQUfn9-QF6PQNRNgEAOdl0InctQ9n36hXy6L9EJuMhEo8vSo2bYaC69l84B0zEi7-R2rqb1p3DfHQOZ1WSz5Cd2LDkKW18Ge5Ka7lUn_nJk8Co8OG2JM9XVjUgeqzOT_RnKe7g0YEnI.xI68OmNYabV2U8Z3ND1Y30JMF-Jim9Omql6cKznP4ls&dib_tag=se&keywords=phone+stand&qid=1787916147&sr=8-18
2026-08-28 17:28:07 | INFO | amazon_scrapper | [27:13] Saved D:\Amazon Scrapper\AmazonScrapper\data\products\keyword_27_product_013.html
2026-08-28 17:28:07 | INFO | amazon_scrapper | [27:14] HTTP 200 https://www.amazon.com/UGREEN-Compatible-Smartphone-Adjustable-Foldable/dp/B07BK5P5ST/ref=sr_1_19?dib=eyJ2IjoiMSJ9.kK7KLVpk5Zyjp2GO8vQrWjE7upRJgKlCLhVZ6x8zcb--tINRjnSqURknuZkrJWIFhEOjfKhquZo9QuF-3fPIf49fphdMnLXMkQUfn9-QF6PQNRNgEAOdl0InctQ9n36hXy6L9EJuMhEo8vSo2bYaC69l84B0zEi7-R2rqb1p3DfHQOZ1WSz5Cd2LDkKW18Ge5Ka7lUn_nJk8Co8OG2JM9XVjUgeqzOT_RnKe7g0YEnI.xI68OmNYabV2U8Z3ND1Y30JMF-Jim9Omql6cKznP4ls&dib_tag=se&keywords=phone+stand&qid=1787916147&sr=8-19
2026-08-28 17:28:07 | INFO | amazon_scrapper | [27:14] Saved D:\Amazon Scrapper\AmazonScrapper\data\products\keyword_27_product_014.html
2026-08-28 17:28:08 | INFO | amazon_scrapper | [27:15] HTTP 200 https://www.amazon.com/Nulaxy-Folding-Adjustable-Compatible-Nintendo/dp/B0CJ6NZWZ9/ref=sr_1_20?dib=eyJ2IjoiMSJ9.kK7KLVpk5Zyjp2GO8vQrWjE7upRJgKlCLhVZ6x8zcb--tINRjnSqURknuZkrJWIFhEOjfKhquZo9QuF-3fPIf49fphdMnLXMkQUfn9-QF6PQNRNgEAOdl0InctQ9n36hXy6L9EJuMhEo8vSo2bYaC69l84B0zEi7-R2rqb1p3DfHQOZ1WSz5Cd2LDkKW18Ge5Ka7lUn_nJk8Co8OG2JM9XVjUgeqzOT_RnKe7g0YEnI.xI68OmNYabV2U8Z3ND1Y30JMF-Jim9Omql6cKznP4ls&dib_tag=se&keywords=phone+stand&qid=1787916147&sr=8-20
2026-08-28 17:28:08 | INFO | amazon_scrapper | [27:15] Saved D:\Amazon Scrapper\AmazonScrapper\data\products\keyword_27_product_015.html
2026-08-28 17:28:08 | INFO | amazon_scrapper | [27:16] HTTP 200 https://www.amazon.com/Lamicall-Adjustable-Phone-Stand-Desk/dp/B0DP42G526/ref=sr_1_21?dib=eyJ2IjoiMSJ9.kK7KLVpk5Zyjp2GO8vQrWjE7upRJgKlCLhVZ6x8zcb--tINRjnSqURknuZkrJWIFhEOjfKhquZo9QuF-3fPIf49fphdMnLXMkQUfn9-QF6PQNRNgEAOdl0InctQ9n36hXy6L9EJuMhEo8vSo2bYaC69l84B0zEi7-R2rqb1p3DfHQOZ1WSz5Cd2LDkKW18Ge5Ka7lUn_nJk8Co8OG2JM9XVjUgeqzOT_RnKe7g0YEnI.xI68OmNYabV2U8Z3ND1Y30JMF-Jim9Omql6cKznP4ls&dib_tag=se&keywords=phone+stand&qid=1787916147&sr=8-21
2026-08-28 17:28:08 | INFO | amazon_scrapper | [27:16] Saved D:\Amazon Scrapper\AmazonScrapper\data\products\keyword_27_product_016.html
2026-08-28 17:28:09 | INFO | amazon_scrapper | [28:1] HTTP 200 https://www.amazon.com/Yamaha-JR1-Junior-Acoustic-Guitar/dp/B00009J580/ref=sr_1_1?dib=eyJ2IjoiMSJ9.rcMg2EejWU6R8BibnZ6YHMgwUQlcZsNVwF5n1CdPurozKfekGjPxeVtoBib83HzcLiWcHzQCuSIFfvwRW1sYtPuXArukq63Py9aobZXhVlBOm8wTnORNl3ZhEemmKpZNQ4UVlRi_mh-HlXXXQ0e4YS2iXCL975JNmCJQnzL0WdLL-JX4SJvDXAMhvOn54UPs5O4vlnGYTCYcA0k_fGRc92ng-jkbE5TzD79hxFYO7zIZHJSuN3sjBQGbOUPNQCOFW3G2TRFP9qzopxs1XBVlgzg0vOFOhmf3eRwxKJ8qSzA.EN9vbHWVLqTFv3uRW7MgitQ7P29ROdlTOmsmbf0OAnk&dib_tag=se&keywords=yamaha+acoustic+guitar&qid=1787916152&sr=8-1
2026-08-28 17:28:09 | INFO | amazon_scrapper | [28:1] Saved D:\Amazon Scrapper\AmazonScrapper\data\products\keyword_28_product_001.html
2026-08-28 17:28:09 | INFO | amazon_scrapper | [28:3] HTTP 200 https://www.amazon.com/Fender-String-Acoustic-Guitar-Natural/dp/B0GFFTFYDB/ref=sr_1_3?dib=eyJ2IjoiMSJ9.rcMg2EejWU6R8BibnZ6YHMgwUQlcZsNVwF5n1CdPurozKfekGjPxeVtoBib83HzcLiWcHzQCuSIFfvwRW1sYtPuXArukq63Py9aobZXhVlBOm8wTnORNl3ZhEemmKpZNQ4UVlRi_mh-HlXXXQ0e4YS2iXCL975JNmCJQnzL0WdLL-JX4SJvDXAMhvOn54UPs5O4vlnGYTCYcA0k_fGRc92ng-jkbE5TzD79hxFYO7zIZHJSuN3sjBQGbOUPNQCOFW3G2TRFP9qzopxs1XBVlgzg0vOFOhmf3eRwxKJ8qSzA.EN9vbHWVLqTFv3uRW7MgitQ7P29ROdlTOmsmbf0OAnk&dib_tag=se&keywords=yamaha+acoustic+guitar&qid=1787916152&sr=8-3
2026-08-28 17:28:09 | INFO | amazon_scrapper | [28:3] Saved D:\Amazon Scrapper\AmazonScrapper\data\products\keyword_28_product_003.html
2026-08-28 17:28:09 | INFO | amazon_scrapper | [28:2] HTTP 200 https://www.amazon.com/Yamaha-GL1-Guitalele-Natural/dp/B000RVYMWE/ref=sr_1_2?dib=eyJ2IjoiMSJ9.rcMg2EejWU6R8BibnZ6YHMgwUQlcZsNVwF5n1CdPurozKfekGjPxeVtoBib83HzcLiWcHzQCuSIFfvwRW1sYtPuXArukq63Py9aobZXhVlBOm8wTnORNl3ZhEemmKpZNQ4UVlRi_mh-HlXXXQ0e4YS2iXCL975JNmCJQnzL0WdLL-JX4SJvDXAMhvOn54UPs5O4vlnGYTCYcA0k_fGRc92ng-jkbE5TzD79hxFYO7zIZHJSuN3sjBQGbOUPNQCOFW3G2TRFP9qzopxs1XBVlgzg0vOFOhmf3eRwxKJ8qSzA.EN9vbHWVLqTFv3uRW7MgitQ7P29ROdlTOmsmbf0OAnk&dib_tag=se&keywords=yamaha+acoustic+guitar&qid=1787916152&sr=8-2
2026-08-28 17:28:09 | INFO | amazon_scrapper | [28:2] Saved D:\Amazon Scrapper\AmazonScrapper\data\products\keyword_28_product_002.html
2026-08-28 17:28:10 | INFO | amazon_scrapper | [28:5] HTTP 200 https://www.amazon.com/Fender-Acoustic-Beginner-Warranty-Perfect/dp/B0CSM2MJ55/ref=sr_1_5?dib=eyJ2IjoiMSJ9.rcMg2EejWU6R8BibnZ6YHMgwUQlcZsNVwF5n1CdPurozKfekGjPxeVtoBib83HzcLiWcHzQCuSIFfvwRW1sYtPuXArukq63Py9aobZXhVlBOm8wTnORNl3ZhEemmKpZNQ4UVlRi_mh-HlXXXQ0e4YS2iXCL975JNmCJQnzL0WdLL-JX4SJvDXAMhvOn54UPs5O4vlnGYTCYcA0k_fGRc92ng-jkbE5TzD79hxFYO7zIZHJSuN3sjBQGbOUPNQCOFW3G2TRFP9qzopxs1XBVlgzg0vOFOhmf3eRwxKJ8qSzA.EN9vbHWVLqTFv3uRW7MgitQ7P29ROdlTOmsmbf0OAnk&dib_tag=se&keywords=yamaha+acoustic+guitar&qid=1787916152&sr=8-5
2026-08-28 17:28:10 | INFO | amazon_scrapper | [28:5] Saved D:\Amazon Scrapper\AmazonScrapper\data\products\keyword_28_product_005.html
2026-08-28 17:28:10 | INFO | amazon_scrapper | [28:4] HTTP 200 https://www.amazon.com/Lankro-Beginner-Acoustic-Basswood-Guitarra/dp/B09J4V4XFM/ref=sr_1_4?dib=eyJ2IjoiMSJ9.rcMg2EejWU6R8BibnZ6YHMgwUQlcZsNVwF5n1CdPurozKfekGjPxeVtoBib83HzcLiWcHzQCuSIFfvwRW1sYtPuXArukq63Py9aobZXhVlBOm8wTnORNl3ZhEemmKpZNQ4UVlRi_mh-HlXXXQ0e4YS2iXCL975JNmCJQnzL0WdLL-JX4SJvDXAMhvOn54UPs5O4vlnGYTCYcA0k_fGRc92ng-jkbE5TzD79hxFYO7zIZHJSuN3sjBQGbOUPNQCOFW3G2TRFP9qzopxs1XBVlgzg0vOFOhmf3eRwxKJ8qSzA.EN9vbHWVLqTFv3uRW7MgitQ7P29ROdlTOmsmbf0OAnk&dib_tag=se&keywords=yamaha+acoustic+guitar&qid=1787916152&sr=8-4
2026-08-28 17:28:10 | INFO | amazon_scrapper | [28:4] Saved D:\Amazon Scrapper\AmazonScrapper\data\products\keyword_28_product_004.html
2026-08-28 17:28:11 | INFO | amazon_scrapper | [28:6] HTTP 200 https://www.amazon.com/Pyle-Beginner-Classical-Acoustic-Cleaning/dp/B0H12BW67D/ref=sr_1_6?dib=eyJ2IjoiMSJ9.rcMg2EejWU6R8BibnZ6YHMgwUQlcZsNVwF5n1CdPurozKfekGjPxeVtoBib83HzcLiWcHzQCuSIFfvwRW1sYtPuXArukq63Py9aobZXhVlBOm8wTnORNl3ZhEemmKpZNQ4UVlRi_mh-HlXXXQ0e4YS2iXCL975JNmCJQnzL0WdLL-JX4SJvDXAMhvOn54UPs5O4vlnGYTCYcA0k_fGRc92ng-jkbE5TzD79hxFYO7zIZHJSuN3sjBQGbOUPNQCOFW3G2TRFP9qzopxs1XBVlgzg0vOFOhmf3eRwxKJ8qSzA.EN9vbHWVLqTFv3uRW7MgitQ7P29ROdlTOmsmbf0OAnk&dib_tag=se&keywords=yamaha+acoustic+guitar&qid=1787916152&sr=8-6
2026-08-28 17:28:11 | INFO | amazon_scrapper | [28:6] Saved D:\Amazon Scrapper\AmazonScrapper\data\products\keyword_28_product_006.html
2026-08-28 17:28:11 | INFO | amazon_scrapper | [28:7] HTTP 200 https://www.amazon.com/Fender-Acoustic-Warranty-Fingerboard-Natural/dp/B0GJFXF52B/ref=sr_1_7?dib=eyJ2IjoiMSJ9.rcMg2EejWU6R8BibnZ6YHMgwUQlcZsNVwF5n1CdPurozKfekGjPxeVtoBib83HzcLiWcHzQCuSIFfvwRW1sYtPuXArukq63Py9aobZXhVlBOm8wTnORNl3ZhEemmKpZNQ4UVlRi_mh-HlXXXQ0e4YS2iXCL975JNmCJQnzL0WdLL-JX4SJvDXAMhvOn54UPs5O4vlnGYTCYcA0k_fGRc92ng-jkbE5TzD79hxFYO7zIZHJSuN3sjBQGbOUPNQCOFW3G2TRFP9qzopxs1XBVlgzg0vOFOhmf3eRwxKJ8qSzA.EN9vbHWVLqTFv3uRW7MgitQ7P29ROdlTOmsmbf0OAnk&dib_tag=se&keywords=yamaha+acoustic+guitar&qid=1787916152&sr=8-7
2026-08-28 17:28:11 | INFO | amazon_scrapper | [28:7] Saved D:\Amazon Scrapper\AmazonScrapper\data\products\keyword_28_product_007.html
2026-08-28 17:28:11 | INFO | amazon_scrapper | [28:8] HTTP 200 https://www.amazon.com/Gretsch-6-String-Right-Handed-Acoustic-Fingerboard/dp/B0CN1JGYKQ/ref=sr_1_8?dib=eyJ2IjoiMSJ9.rcMg2EejWU6R8BibnZ6YHMgwUQlcZsNVwF5n1CdPurozKfekGjPxeVtoBib83HzcLiWcHzQCuSIFfvwRW1sYtPuXArukq63Py9aobZXhVlBOm8wTnORNl3ZhEemmKpZNQ4UVlRi_mh-HlXXXQ0e4YS2iXCL975JNmCJQnzL0WdLL-JX4SJvDXAMhvOn54UPs5O4vlnGYTCYcA0k_fGRc92ng-jkbE5TzD79hxFYO7zIZHJSuN3sjBQGbOUPNQCOFW3G2TRFP9qzopxs1XBVlgzg0vOFOhmf3eRwxKJ8qSzA.EN9vbHWVLqTFv3uRW7MgitQ7P29ROdlTOmsmbf0OAnk&dib_tag=se&keywords=yamaha+acoustic+guitar&qid=1787916152&sr=8-8
2026-08-28 17:28:11 | INFO | amazon_scrapper | [28:8] Saved D:\Amazon Scrapper\AmazonScrapper\data\products\keyword_28_product_008.html
2026-08-28 17:28:12 | INFO | amazon_scrapper | [28:9] HTTP 200 https://www.amazon.com/Ashthorpe-38-inch-Beginner-Acoustic-Package/dp/B089P25CQ1/ref=sr_1_9?dib=eyJ2IjoiMSJ9.rcMg2EejWU6R8BibnZ6YHMgwUQlcZsNVwF5n1CdPurozKfekGjPxeVtoBib83HzcLiWcHzQCuSIFfvwRW1sYtPuXArukq63Py9aobZXhVlBOm8wTnORNl3ZhEemmKpZNQ4UVlRi_mh-HlXXXQ0e4YS2iXCL975JNmCJQnzL0WdLL-JX4SJvDXAMhvOn54UPs5O4vlnGYTCYcA0k_fGRc92ng-jkbE5TzD79hxFYO7zIZHJSuN3sjBQGbOUPNQCOFW3G2TRFP9qzopxs1XBVlgzg0vOFOhmf3eRwxKJ8qSzA.EN9vbHWVLqTFv3uRW7MgitQ7P29ROdlTOmsmbf0OAnk&dib_tag=se&keywords=yamaha+acoustic+guitar&qid=1787916152&sr=8-9
2026-08-28 17:28:12 | INFO | amazon_scrapper | [28:9] Saved D:\Amazon Scrapper\AmazonScrapper\data\products\keyword_28_product_009.html
2026-08-28 17:28:12 | INFO | amazon_scrapper | [28:10] HTTP 200 https://www.amazon.com/Washburn-String-Acoustic-Electric-Guitar-BTS9VCECH-D/dp/B07TJXQ1TL/ref=sr_1_10?dib=eyJ2IjoiMSJ9.rcMg2EejWU6R8BibnZ6YHMgwUQlcZsNVwF5n1CdPurozKfekGjPxeVtoBib83HzcLiWcHzQCuSIFfvwRW1sYtPuXArukq63Py9aobZXhVlBOm8wTnORNl3ZhEemmKpZNQ4UVlRi_mh-HlXXXQ0e4YS2iXCL975JNmCJQnzL0WdLL-JX4SJvDXAMhvOn54UPs5O4vlnGYTCYcA0k_fGRc92ng-jkbE5TzD79hxFYO7zIZHJSuN3sjBQGbOUPNQCOFW3G2TRFP9qzopxs1XBVlgzg0vOFOhmf3eRwxKJ8qSzA.EN9vbHWVLqTFv3uRW7MgitQ7P29ROdlTOmsmbf0OAnk&dib_tag=se&keywords=yamaha+acoustic+guitar&qid=1787916152&sr=8-10
2026-08-28 17:28:12 | INFO | amazon_scrapper | [28:10] Saved D:\Amazon Scrapper\AmazonScrapper\data\products\keyword_28_product_010.html
2026-08-28 17:28:13 | INFO | amazon_scrapper | [28:11] HTTP 200 https://www.amazon.com/Ibanez-AEG5012-Single-Cutaway-12-String-Acoustic-Electric/dp/B08W1YKCH5/ref=sr_1_12?dib=eyJ2IjoiMSJ9.rcMg2EejWU6R8BibnZ6YHMgwUQlcZsNVwF5n1CdPurozKfekGjPxeVtoBib83HzcLiWcHzQCuSIFfvwRW1sYtPuXArukq63Py9aobZXhVlBOm8wTnORNl3ZhEemmKpZNQ4UVlRi_mh-HlXXXQ0e4YS2iXCL975JNmCJQnzL0WdLL-JX4SJvDXAMhvOn54UPs5O4vlnGYTCYcA0k_fGRc92ng-jkbE5TzD79hxFYO7zIZHJSuN3sjBQGbOUPNQCOFW3G2TRFP9qzopxs1XBVlgzg0vOFOhmf3eRwxKJ8qSzA.EN9vbHWVLqTFv3uRW7MgitQ7P29ROdlTOmsmbf0OAnk&dib_tag=se&keywords=yamaha+acoustic+guitar&qid=1787916152&sr=8-12
2026-08-28 17:28:13 | INFO | amazon_scrapper | [28:11] Saved D:\Amazon Scrapper\AmazonScrapper\data\products\keyword_28_product_011.html
2026-08-28 17:28:13 | INFO | amazon_scrapper | [28:12] HTTP 200 https://www.amazon.com/NOVA-GO-SP1-Carbon-Travel/dp/B0FX98ZWZZ/ref=sr_1_13?dib=eyJ2IjoiMSJ9.rcMg2EejWU6R8BibnZ6YHMgwUQlcZsNVwF5n1CdPurozKfekGjPxeVtoBib83HzcLiWcHzQCuSIFfvwRW1sYtPuXArukq63Py9aobZXhVlBOm8wTnORNl3ZhEemmKpZNQ4UVlRi_mh-HlXXXQ0e4YS2iXCL975JNmCJQnzL0WdLL-JX4SJvDXAMhvOn54UPs5O4vlnGYTCYcA0k_fGRc92ng-jkbE5TzD79hxFYO7zIZHJSuN3sjBQGbOUPNQCOFW3G2TRFP9qzopxs1XBVlgzg0vOFOhmf3eRwxKJ8qSzA.EN9vbHWVLqTFv3uRW7MgitQ7P29ROdlTOmsmbf0OAnk&dib_tag=se&keywords=yamaha+acoustic+guitar&qid=1787916152&sr=8-13
2026-08-28 17:28:13 | INFO | amazon_scrapper | [28:12] Saved D:\Amazon Scrapper\AmazonScrapper\data\products\keyword_28_product_012.html
2026-08-28 17:28:13 | INFO | amazon_scrapper | [28:13] HTTP 200 https://www.amazon.com/NOVA-GO-35-Inch-Carbon-Acoustic/dp/B0FX9FVSXQ/ref=sr_1_14?dib=eyJ2IjoiMSJ9.rcMg2EejWU6R8BibnZ6YHMgwUQlcZsNVwF5n1CdPurozKfekGjPxeVtoBib83HzcLiWcHzQCuSIFfvwRW1sYtPuXArukq63Py9aobZXhVlBOm8wTnORNl3ZhEemmKpZNQ4UVlRi_mh-HlXXXQ0e4YS2iXCL975JNmCJQnzL0WdLL-JX4SJvDXAMhvOn54UPs5O4vlnGYTCYcA0k_fGRc92ng-jkbE5TzD79hxFYO7zIZHJSuN3sjBQGbOUPNQCOFW3G2TRFP9qzopxs1XBVlgzg0vOFOhmf3eRwxKJ8qSzA.EN9vbHWVLqTFv3uRW7MgitQ7P29ROdlTOmsmbf0OAnk&dib_tag=se&keywords=yamaha+acoustic+guitar&qid=1787916152&sr=8-14
2026-08-28 17:28:13 | INFO | amazon_scrapper | [28:13] Saved D:\Amazon Scrapper\AmazonScrapper\data\products\keyword_28_product_013.html
2026-08-28 17:28:14 | INFO | amazon_scrapper | [28:15] HTTP 200 https://www.amazon.com/Squier-by-Fender-Acoustic-Guitar/dp/B07FYQP9ML/ref=sr_1_20?dib=eyJ2IjoiMSJ9.rcMg2EejWU6R8BibnZ6YHMgwUQlcZsNVwF5n1CdPurozKfekGjPxeVtoBib83HzcLiWcHzQCuSIFfvwRW1sYtPuXArukq63Py9aobZXhVlBOm8wTnORNl3ZhEemmKpZNQ4UVlRi_mh-HlXXXQ0e4YS2iXCL975JNmCJQnzL0WdLL-JX4SJvDXAMhvOn54UPs5O4vlnGYTCYcA0k_fGRc92ng-jkbE5TzD79hxFYO7zIZHJSuN3sjBQGbOUPNQCOFW3G2TRFP9qzopxs1XBVlgzg0vOFOhmf3eRwxKJ8qSzA.EN9vbHWVLqTFv3uRW7MgitQ7P29ROdlTOmsmbf0OAnk&dib_tag=se&keywords=yamaha+acoustic+guitar&qid=1787916152&sr=8-20
2026-08-28 17:28:15 | INFO | amazon_scrapper | [28:15] Saved D:\Amazon Scrapper\AmazonScrapper\data\products\keyword_28_product_015.html
2026-08-28 17:28:15 | INFO | amazon_scrapper | [28:14] HTTP 200 https://www.amazon.com/Yamaha-Acoustic-Amplifier-Production-Software/dp/B009NNZOEW/ref=sr_1_15?dib=eyJ2IjoiMSJ9.rcMg2EejWU6R8BibnZ6YHMgwUQlcZsNVwF5n1CdPurozKfekGjPxeVtoBib83HzcLiWcHzQCuSIFfvwRW1sYtPuXArukq63Py9aobZXhVlBOm8wTnORNl3ZhEemmKpZNQ4UVlRi_mh-HlXXXQ0e4YS2iXCL975JNmCJQnzL0WdLL-JX4SJvDXAMhvOn54UPs5O4vlnGYTCYcA0k_fGRc92ng-jkbE5TzD79hxFYO7zIZHJSuN3sjBQGbOUPNQCOFW3G2TRFP9qzopxs1XBVlgzg0vOFOhmf3eRwxKJ8qSzA.EN9vbHWVLqTFv3uRW7MgitQ7P29ROdlTOmsmbf0OAnk&dib_tag=se&keywords=yamaha+acoustic+guitar&qid=1787916152&sr=8-15
2026-08-28 17:28:15 | INFO | amazon_scrapper | [28:14] Saved D:\Amazon Scrapper\AmazonScrapper\data\products\keyword_28_product_014.html
2026-08-28 17:28:15 | INFO | amazon_scrapper | [28:16] HTTP 200 https://www.amazon.com/Traveler-Guitar-Mahogany-MK3-MHS/dp/B07JR7Y8YD/ref=sr_1_21?dib=eyJ2IjoiMSJ9.rcMg2EejWU6R8BibnZ6YHMgwUQlcZsNVwF5n1CdPurozKfekGjPxeVtoBib83HzcLiWcHzQCuSIFfvwRW1sYtPuXArukq63Py9aobZXhVlBOm8wTnORNl3ZhEemmKpZNQ4UVlRi_mh-HlXXXQ0e4YS2iXCL975JNmCJQnzL0WdLL-JX4SJvDXAMhvOn54UPs5O4vlnGYTCYcA0k_fGRc92ng-jkbE5TzD79hxFYO7zIZHJSuN3sjBQGbOUPNQCOFW3G2TRFP9qzopxs1XBVlgzg0vOFOhmf3eRwxKJ8qSzA.EN9vbHWVLqTFv3uRW7MgitQ7P29ROdlTOmsmbf0OAnk&dib_tag=se&keywords=yamaha+acoustic+guitar&qid=1787916152&sr=8-21
2026-08-28 17:28:15 | INFO | amazon_scrapper | [28:16] Saved D:\Amazon Scrapper\AmazonScrapper\data\products\keyword_28_product_016.html
2026-08-28 17:28:15 | INFO | amazon_scrapper | [28:18] HTTP 200 https://www.amazon.com/Ibanez-AEG70L-Left-Handed-Tiger-Burst/dp/B084BZH9PG/ref=sr_1_23?dib=eyJ2IjoiMSJ9.rcMg2EejWU6R8BibnZ6YHMgwUQlcZsNVwF5n1CdPurozKfekGjPxeVtoBib83HzcLiWcHzQCuSIFfvwRW1sYtPuXArukq63Py9aobZXhVlBOm8wTnORNl3ZhEemmKpZNQ4UVlRi_mh-HlXXXQ0e4YS2iXCL975JNmCJQnzL0WdLL-JX4SJvDXAMhvOn54UPs5O4vlnGYTCYcA0k_fGRc92ng-jkbE5TzD79hxFYO7zIZHJSuN3sjBQGbOUPNQCOFW3G2TRFP9qzopxs1XBVlgzg0vOFOhmf3eRwxKJ8qSzA.EN9vbHWVLqTFv3uRW7MgitQ7P29ROdlTOmsmbf0OAnk&dib_tag=se&keywords=yamaha+acoustic+guitar&qid=1787916152&sr=8-23
2026-08-28 17:28:15 | INFO | amazon_scrapper | [28:18] Saved D:\Amazon Scrapper\AmazonScrapper\data\products\keyword_28_product_018.html
2026-08-28 17:28:15 | INFO | amazon_scrapper | [28:17] HTTP 200 https://www.amazon.com/Ashthorpe-38-inch-Beginner-Acoustic-Package/dp/B089P1LLFS/ref=sr_1_22?dib=eyJ2IjoiMSJ9.rcMg2EejWU6R8BibnZ6YHMgwUQlcZsNVwF5n1CdPurozKfekGjPxeVtoBib83HzcLiWcHzQCuSIFfvwRW1sYtPuXArukq63Py9aobZXhVlBOm8wTnORNl3ZhEemmKpZNQ4UVlRi_mh-HlXXXQ0e4YS2iXCL975JNmCJQnzL0WdLL-JX4SJvDXAMhvOn54UPs5O4vlnGYTCYcA0k_fGRc92ng-jkbE5TzD79hxFYO7zIZHJSuN3sjBQGbOUPNQCOFW3G2TRFP9qzopxs1XBVlgzg0vOFOhmf3eRwxKJ8qSzA.EN9vbHWVLqTFv3uRW7MgitQ7P29ROdlTOmsmbf0OAnk&dib_tag=se&keywords=yamaha+acoustic+guitar&qid=1787916152&sr=8-22
2026-08-28 17:28:15 | INFO | amazon_scrapper | [28:17] Saved D:\Amazon Scrapper\AmazonScrapper\data\products\keyword_28_product_017.html
2026-08-28 17:28:16 | INFO | amazon_scrapper | [28:20] HTTP 200 https://www.amazon.com/Pyle-Beginner-Acoustic-Instrument-Beginners/dp/B0DJPYN19Z/ref=sr_1_29?dib=eyJ2IjoiMSJ9.rcMg2EejWU6R8BibnZ6YHMgwUQlcZsNVwF5n1CdPurozKfekGjPxeVtoBib83HzcLiWcHzQCuSIFfvwRW1sYtPuXArukq63Py9aobZXhVlBOm8wTnORNl3ZhEemmKpZNQ4UVlRi_mh-HlXXXQ0e4YS2iXCL975JNmCJQnzL0WdLL-JX4SJvDXAMhvOn54UPs5O4vlnGYTCYcA0k_fGRc92ng-jkbE5TzD79hxFYO7zIZHJSuN3sjBQGbOUPNQCOFW3G2TRFP9qzopxs1XBVlgzg0vOFOhmf3eRwxKJ8qSzA.EN9vbHWVLqTFv3uRW7MgitQ7P29ROdlTOmsmbf0OAnk&dib_tag=se&keywords=yamaha+acoustic+guitar&qid=1787916152&sr=8-29
2026-08-28 17:28:16 | INFO | amazon_scrapper | [28:20] Saved D:\Amazon Scrapper\AmazonScrapper\data\products\keyword_28_product_020.html
2026-08-28 17:28:17 | INFO | amazon_scrapper | [28:23] HTTP 200 https://www.amazon.com/Acoustic-Beginner-Acustica-Guitarra-Beginners/dp/B0H28ZM4NL/ref=sr_1_35?dib=eyJ2IjoiMSJ9.rcMg2EejWU6R8BibnZ6YHMgwUQlcZsNVwF5n1CdPurozKfekGjPxeVtoBib83HzcLiWcHzQCuSIFfvwRW1sYtPuXArukq63Py9aobZXhVlBOm8wTnORNl3ZhEemmKpZNQ4UVlRi_mh-HlXXXQ0e4YS2iXCL975JNmCJQnzL0WdLL-JX4SJvDXAMhvOn54UPs5O4vlnGYTCYcA0k_fGRc92ng-jkbE5TzD79hxFYO7zIZHJSuN3sjBQGbOUPNQCOFW3G2TRFP9qzopxs1XBVlgzg0vOFOhmf3eRwxKJ8qSzA.EN9vbHWVLqTFv3uRW7MgitQ7P29ROdlTOmsmbf0OAnk&dib_tag=se&keywords=yamaha+acoustic+guitar&qid=1787916152&sr=8-35
2026-08-28 17:28:17 | INFO | amazon_scrapper | [28:23] Saved D:\Amazon Scrapper\AmazonScrapper\data\products\keyword_28_product_023.html
2026-08-28 17:28:17 | INFO | amazon_scrapper | [28:19] HTTP 200 https://www.amazon.com/Guitar-U-Shaped-Acoustic-Electric-Mandolin/dp/B09WVZMKWG/ref=sr_1_28?dib=eyJ2IjoiMSJ9.rcMg2EejWU6R8BibnZ6YHMgwUQlcZsNVwF5n1CdPurozKfekGjPxeVtoBib83HzcLiWcHzQCuSIFfvwRW1sYtPuXArukq63Py9aobZXhVlBOm8wTnORNl3ZhEemmKpZNQ4UVlRi_mh-HlXXXQ0e4YS2iXCL975JNmCJQnzL0WdLL-JX4SJvDXAMhvOn54UPs5O4vlnGYTCYcA0k_fGRc92ng-jkbE5TzD79hxFYO7zIZHJSuN3sjBQGbOUPNQCOFW3G2TRFP9qzopxs1XBVlgzg0vOFOhmf3eRwxKJ8qSzA.EN9vbHWVLqTFv3uRW7MgitQ7P29ROdlTOmsmbf0OAnk&dib_tag=se&keywords=yamaha+acoustic+guitar&qid=1787916152&sr=8-28
2026-08-28 17:28:17 | INFO | amazon_scrapper | [28:19] Saved D:\Amazon Scrapper\AmazonScrapper\data\products\keyword_28_product_019.html
2026-08-28 17:28:17 | INFO | amazon_scrapper | [28:21] HTTP 200 https://www.amazon.com/Traveler-Guitar-Acoustic-Electric-ULA-ABNS/dp/B07K7J4CMY/ref=sr_1_30?dib=eyJ2IjoiMSJ9.rcMg2EejWU6R8BibnZ6YHMgwUQlcZsNVwF5n1CdPurozKfekGjPxeVtoBib83HzcLiWcHzQCuSIFfvwRW1sYtPuXArukq63Py9aobZXhVlBOm8wTnORNl3ZhEemmKpZNQ4UVlRi_mh-HlXXXQ0e4YS2iXCL975JNmCJQnzL0WdLL-JX4SJvDXAMhvOn54UPs5O4vlnGYTCYcA0k_fGRc92ng-jkbE5TzD79hxFYO7zIZHJSuN3sjBQGbOUPNQCOFW3G2TRFP9qzopxs1XBVlgzg0vOFOhmf3eRwxKJ8qSzA.EN9vbHWVLqTFv3uRW7MgitQ7P29ROdlTOmsmbf0OAnk&dib_tag=se&keywords=yamaha+acoustic+guitar&qid=1787916152&sr=8-30
2026-08-28 17:28:17 | INFO | amazon_scrapper | [28:21] Saved D:\Amazon Scrapper\AmazonScrapper\data\products\keyword_28_product_021.html
2026-08-28 17:28:17 | INFO | amazon_scrapper | [28:22] HTTP 200 https://www.amazon.com/CAHAYA-Acoustic-Waterproof-Adjustable-Shoulder/dp/B079FRVSPH/ref=sr_1_31?dib=eyJ2IjoiMSJ9.rcMg2EejWU6R8BibnZ6YHMgwUQlcZsNVwF5n1CdPurozKfekGjPxeVtoBib83HzcLiWcHzQCuSIFfvwRW1sYtPuXArukq63Py9aobZXhVlBOm8wTnORNl3ZhEemmKpZNQ4UVlRi_mh-HlXXXQ0e4YS2iXCL975JNmCJQnzL0WdLL-JX4SJvDXAMhvOn54UPs5O4vlnGYTCYcA0k_fGRc92ng-jkbE5TzD79hxFYO7zIZHJSuN3sjBQGbOUPNQCOFW3G2TRFP9qzopxs1XBVlgzg0vOFOhmf3eRwxKJ8qSzA.EN9vbHWVLqTFv3uRW7MgitQ7P29ROdlTOmsmbf0OAnk&dib_tag=se&keywords=yamaha+acoustic+guitar&qid=1787916152&sr=8-31
2026-08-28 17:28:17 | INFO | amazon_scrapper | [28:22] Saved D:\Amazon Scrapper\AmazonScrapper\data\products\keyword_28_product_022.html
2026-08-28 17:28:18 | INFO | amazon_scrapper | [28:24] HTTP 200 https://www.amazon.com/Ibanez-AEG50LBKH/dp/B0849ZFBGS/ref=sr_1_36?dib=eyJ2IjoiMSJ9.rcMg2EejWU6R8BibnZ6YHMgwUQlcZsNVwF5n1CdPurozKfekGjPxeVtoBib83HzcLiWcHzQCuSIFfvwRW1sYtPuXArukq63Py9aobZXhVlBOm8wTnORNl3ZhEemmKpZNQ4UVlRi_mh-HlXXXQ0e4YS2iXCL975JNmCJQnzL0WdLL-JX4SJvDXAMhvOn54UPs5O4vlnGYTCYcA0k_fGRc92ng-jkbE5TzD79hxFYO7zIZHJSuN3sjBQGbOUPNQCOFW3G2TRFP9qzopxs1XBVlgzg0vOFOhmf3eRwxKJ8qSzA.EN9vbHWVLqTFv3uRW7MgitQ7P29ROdlTOmsmbf0OAnk&dib_tag=se&keywords=yamaha+acoustic+guitar&qid=1787916152&sr=8-36
2026-08-28 17:28:18 | INFO | amazon_scrapper | [28:24] Saved D:\Amazon Scrapper\AmazonScrapper\data\products\keyword_28_product_024.html
2026-08-28 17:28:19 | INFO | amazon_scrapper | [28:25] HTTP 200 https://www.amazon.com/Zager-Pillow-Coated-Guitar-Strings/dp/B0D2PNMDJZ/ref=sr_1_37?dib=eyJ2IjoiMSJ9.rcMg2EejWU6R8BibnZ6YHMgwUQlcZsNVwF5n1CdPurozKfekGjPxeVtoBib83HzcLiWcHzQCuSIFfvwRW1sYtPuXArukq63Py9aobZXhVlBOm8wTnORNl3ZhEemmKpZNQ4UVlRi_mh-HlXXXQ0e4YS2iXCL975JNmCJQnzL0WdLL-JX4SJvDXAMhvOn54UPs5O4vlnGYTCYcA0k_fGRc92ng-jkbE5TzD79hxFYO7zIZHJSuN3sjBQGbOUPNQCOFW3G2TRFP9qzopxs1XBVlgzg0vOFOhmf3eRwxKJ8qSzA.EN9vbHWVLqTFv3uRW7MgitQ7P29ROdlTOmsmbf0OAnk&dib_tag=se&keywords=yamaha+acoustic+guitar&qid=1787916152&sr=8-37
2026-08-28 17:28:19 | INFO | amazon_scrapper | [28:25] Saved D:\Amazon Scrapper\AmazonScrapper\data\products\keyword_28_product_025.html
2026-08-28 17:28:19 | INFO | amazon_scrapper | [28:28] HTTP 200 https://www.amazon.com/Acoustic-Steel-String-Elementary-Tutorial-Beginners/dp/B0F9P519ZM/ref=sr_1_40?dib=eyJ2IjoiMSJ9.rcMg2EejWU6R8BibnZ6YHMgwUQlcZsNVwF5n1CdPurozKfekGjPxeVtoBib83HzcLiWcHzQCuSIFfvwRW1sYtPuXArukq63Py9aobZXhVlBOm8wTnORNl3ZhEemmKpZNQ4UVlRi_mh-HlXXXQ0e4YS2iXCL975JNmCJQnzL0WdLL-JX4SJvDXAMhvOn54UPs5O4vlnGYTCYcA0k_fGRc92ng-jkbE5TzD79hxFYO7zIZHJSuN3sjBQGbOUPNQCOFW3G2TRFP9qzopxs1XBVlgzg0vOFOhmf3eRwxKJ8qSzA.EN9vbHWVLqTFv3uRW7MgitQ7P29ROdlTOmsmbf0OAnk&dib_tag=se&keywords=yamaha+acoustic+guitar&qid=1787916152&sr=8-40
2026-08-28 17:28:19 | INFO | amazon_scrapper | [28:28] Saved D:\Amazon Scrapper\AmazonScrapper\data\products\keyword_28_product_028.html
2026-08-28 17:28:19 | INFO | amazon_scrapper | [28:27] HTTP 200 https://www.amazon.com/Wood-Acoustic-Guitar-Steel-String-Beginner/dp/B0DZ26C4PN/ref=sr_1_39?dib=eyJ2IjoiMSJ9.rcMg2EejWU6R8BibnZ6YHMgwUQlcZsNVwF5n1CdPurozKfekGjPxeVtoBib83HzcLiWcHzQCuSIFfvwRW1sYtPuXArukq63Py9aobZXhVlBOm8wTnORNl3ZhEemmKpZNQ4UVlRi_mh-HlXXXQ0e4YS2iXCL975JNmCJQnzL0WdLL-JX4SJvDXAMhvOn54UPs5O4vlnGYTCYcA0k_fGRc92ng-jkbE5TzD79hxFYO7zIZHJSuN3sjBQGbOUPNQCOFW3G2TRFP9qzopxs1XBVlgzg0vOFOhmf3eRwxKJ8qSzA.EN9vbHWVLqTFv3uRW7MgitQ7P29ROdlTOmsmbf0OAnk&dib_tag=se&keywords=yamaha+acoustic+guitar&qid=1787916152&sr=8-39
2026-08-28 17:28:19 | INFO | amazon_scrapper | [28:27] Saved D:\Amazon Scrapper\AmazonScrapper\data\products\keyword_28_product_027.html
2026-08-28 17:28:19 | INFO | amazon_scrapper | [28:26] HTTP 200 https://www.amazon.com/Pyle-Beginner-Acoustic-Classical-Cleaning/dp/B0H4HQ9XFN/ref=sr_1_38?dib=eyJ2IjoiMSJ9.rcMg2EejWU6R8BibnZ6YHMgwUQlcZsNVwF5n1CdPurozKfekGjPxeVtoBib83HzcLiWcHzQCuSIFfvwRW1sYtPuXArukq63Py9aobZXhVlBOm8wTnORNl3ZhEemmKpZNQ4UVlRi_mh-HlXXXQ0e4YS2iXCL975JNmCJQnzL0WdLL-JX4SJvDXAMhvOn54UPs5O4vlnGYTCYcA0k_fGRc92ng-jkbE5TzD79hxFYO7zIZHJSuN3sjBQGbOUPNQCOFW3G2TRFP9qzopxs1XBVlgzg0vOFOhmf3eRwxKJ8qSzA.EN9vbHWVLqTFv3uRW7MgitQ7P29ROdlTOmsmbf0OAnk&dib_tag=se&keywords=yamaha+acoustic+guitar&qid=1787916152&sr=8-38
2026-08-28 17:28:19 | INFO | amazon_scrapper | [28:26] Saved D:\Amazon Scrapper\AmazonScrapper\data\products\keyword_28_product_026.html
2026-08-28 17:28:20 | INFO | amazon_scrapper | [28:29] HTTP 200 https://www.amazon.com/Hohner-HAG250P-Sized-Classical-Guitar/dp/B001U0OWTO/ref=sr_1_41?dib=eyJ2IjoiMSJ9.rcMg2EejWU6R8BibnZ6YHMgwUQlcZsNVwF5n1CdPurozKfekGjPxeVtoBib83HzcLiWcHzQCuSIFfvwRW1sYtPuXArukq63Py9aobZXhVlBOm8wTnORNl3ZhEemmKpZNQ4UVlRi_mh-HlXXXQ0e4YS2iXCL975JNmCJQnzL0WdLL-JX4SJvDXAMhvOn54UPs5O4vlnGYTCYcA0k_fGRc92ng-jkbE5TzD79hxFYO7zIZHJSuN3sjBQGbOUPNQCOFW3G2TRFP9qzopxs1XBVlgzg0vOFOhmf3eRwxKJ8qSzA.EN9vbHWVLqTFv3uRW7MgitQ7P29ROdlTOmsmbf0OAnk&dib_tag=se&keywords=yamaha+acoustic+guitar&qid=1787916152&sr=8-41
2026-08-28 17:28:20 | INFO | amazon_scrapper | [28:29] Saved D:\Amazon Scrapper\AmazonScrapper\data\products\keyword_28_product_029.html
2026-08-28 17:28:21 | INFO | amazon_scrapper | [28:30] HTTP 200 https://www.amazon.com/Yamaha-Guitar-Amp-THR30II-WL/dp/B07XJLD2BL/ref=sr_1_42?dib=eyJ2IjoiMSJ9.rcMg2EejWU6R8BibnZ6YHMgwUQlcZsNVwF5n1CdPurozKfekGjPxeVtoBib83HzcLiWcHzQCuSIFfvwRW1sYtPuXArukq63Py9aobZXhVlBOm8wTnORNl3ZhEemmKpZNQ4UVlRi_mh-HlXXXQ0e4YS2iXCL975JNmCJQnzL0WdLL-JX4SJvDXAMhvOn54UPs5O4vlnGYTCYcA0k_fGRc92ng-jkbE5TzD79hxFYO7zIZHJSuN3sjBQGbOUPNQCOFW3G2TRFP9qzopxs1XBVlgzg0vOFOhmf3eRwxKJ8qSzA.EN9vbHWVLqTFv3uRW7MgitQ7P29ROdlTOmsmbf0OAnk&dib_tag=se&keywords=yamaha+acoustic+guitar&qid=1787916152&sr=8-42
2026-08-28 17:28:21 | INFO | amazon_scrapper | [28:30] Saved D:\Amazon Scrapper\AmazonScrapper\data\products\keyword_28_product_030.html
2026-08-28 17:28:21 | INFO | amazon_scrapper | [28:32] HTTP 200 https://www.amazon.com/YAMAHA-FS50BT-Yamaha-Acoustic-Strings/dp/B003GMP03Q/ref=sr_1_44?dib=eyJ2IjoiMSJ9.rcMg2EejWU6R8BibnZ6YHMgwUQlcZsNVwF5n1CdPurozKfekGjPxeVtoBib83HzcLiWcHzQCuSIFfvwRW1sYtPuXArukq63Py9aobZXhVlBOm8wTnORNl3ZhEemmKpZNQ4UVlRi_mh-HlXXXQ0e4YS2iXCL975JNmCJQnzL0WdLL-JX4SJvDXAMhvOn54UPs5O4vlnGYTCYcA0k_fGRc92ng-jkbE5TzD79hxFYO7zIZHJSuN3sjBQGbOUPNQCOFW3G2TRFP9qzopxs1XBVlgzg0vOFOhmf3eRwxKJ8qSzA.EN9vbHWVLqTFv3uRW7MgitQ7P29ROdlTOmsmbf0OAnk&dib_tag=se&keywords=yamaha+acoustic+guitar&qid=1787916152&sr=8-44
2026-08-28 17:28:21 | INFO | amazon_scrapper | [28:32] Saved D:\Amazon Scrapper\AmazonScrapper\data\products\keyword_28_product_032.html
2026-08-28 17:28:21 | INFO | amazon_scrapper | [28:31] HTTP 200 https://www.amazon.com/Pyle-Beginner-Acoustic-Instrument-Natural/dp/B0CW6KY2ZK/ref=sr_1_43?dib=eyJ2IjoiMSJ9.rcMg2EejWU6R8BibnZ6YHMgwUQlcZsNVwF5n1CdPurozKfekGjPxeVtoBib83HzcLiWcHzQCuSIFfvwRW1sYtPuXArukq63Py9aobZXhVlBOm8wTnORNl3ZhEemmKpZNQ4UVlRi_mh-HlXXXQ0e4YS2iXCL975JNmCJQnzL0WdLL-JX4SJvDXAMhvOn54UPs5O4vlnGYTCYcA0k_fGRc92ng-jkbE5TzD79hxFYO7zIZHJSuN3sjBQGbOUPNQCOFW3G2TRFP9qzopxs1XBVlgzg0vOFOhmf3eRwxKJ8qSzA.EN9vbHWVLqTFv3uRW7MgitQ7P29ROdlTOmsmbf0OAnk&dib_tag=se&keywords=yamaha+acoustic+guitar&qid=1787916152&sr=8-43
2026-08-28 17:28:21 | INFO | amazon_scrapper | [28:31] Saved D:\Amazon Scrapper\AmazonScrapper\data\products\keyword_28_product_031.html
2026-08-28 17:28:21 | INFO | amazon_scrapper | [28:33] HTTP 200 https://www.amazon.com/CAHAYA-Acoustic-Universal-Portable-Classical/dp/B0991MYYH3/ref=sr_1_45?dib=eyJ2IjoiMSJ9.rcMg2EejWU6R8BibnZ6YHMgwUQlcZsNVwF5n1CdPurozKfekGjPxeVtoBib83HzcLiWcHzQCuSIFfvwRW1sYtPuXArukq63Py9aobZXhVlBOm8wTnORNl3ZhEemmKpZNQ4UVlRi_mh-HlXXXQ0e4YS2iXCL975JNmCJQnzL0WdLL-JX4SJvDXAMhvOn54UPs5O4vlnGYTCYcA0k_fGRc92ng-jkbE5TzD79hxFYO7zIZHJSuN3sjBQGbOUPNQCOFW3G2TRFP9qzopxs1XBVlgzg0vOFOhmf3eRwxKJ8qSzA.EN9vbHWVLqTFv3uRW7MgitQ7P29ROdlTOmsmbf0OAnk&dib_tag=se&keywords=yamaha+acoustic+guitar&qid=1787916152&sr=8-45
2026-08-28 17:28:21 | INFO | amazon_scrapper | [28:33] Saved D:\Amazon Scrapper\AmazonScrapper\data\products\keyword_28_product_033.html
2026-08-28 17:28:22 | INFO | amazon_scrapper | [28:34] HTTP 200 https://www.amazon.com/Ashthorpe-30-inch-Beginner-Acoustic-Package/dp/B099NVPZ3Q/ref=sr_1_46?dib=eyJ2IjoiMSJ9.rcMg2EejWU6R8BibnZ6YHMgwUQlcZsNVwF5n1CdPurozKfekGjPxeVtoBib83HzcLiWcHzQCuSIFfvwRW1sYtPuXArukq63Py9aobZXhVlBOm8wTnORNl3ZhEemmKpZNQ4UVlRi_mh-HlXXXQ0e4YS2iXCL975JNmCJQnzL0WdLL-JX4SJvDXAMhvOn54UPs5O4vlnGYTCYcA0k_fGRc92ng-jkbE5TzD79hxFYO7zIZHJSuN3sjBQGbOUPNQCOFW3G2TRFP9qzopxs1XBVlgzg0vOFOhmf3eRwxKJ8qSzA.EN9vbHWVLqTFv3uRW7MgitQ7P29ROdlTOmsmbf0OAnk&dib_tag=se&keywords=yamaha+acoustic+guitar&qid=1787916152&sr=8-46
2026-08-28 17:28:22 | INFO | amazon_scrapper | [28:34] Saved D:\Amazon Scrapper\AmazonScrapper\data\products\keyword_28_product_034.html
2026-08-28 17:28:22 | INFO | amazon_scrapper | [28:35] HTTP 200 https://www.amazon.com/Pyle-34-Inch-Beginner-Classical-Acoustic/dp/B0H4HT65QL/ref=sr_1_47?dib=eyJ2IjoiMSJ9.rcMg2EejWU6R8BibnZ6YHMgwUQlcZsNVwF5n1CdPurozKfekGjPxeVtoBib83HzcLiWcHzQCuSIFfvwRW1sYtPuXArukq63Py9aobZXhVlBOm8wTnORNl3ZhEemmKpZNQ4UVlRi_mh-HlXXXQ0e4YS2iXCL975JNmCJQnzL0WdLL-JX4SJvDXAMhvOn54UPs5O4vlnGYTCYcA0k_fGRc92ng-jkbE5TzD79hxFYO7zIZHJSuN3sjBQGbOUPNQCOFW3G2TRFP9qzopxs1XBVlgzg0vOFOhmf3eRwxKJ8qSzA.EN9vbHWVLqTFv3uRW7MgitQ7P29ROdlTOmsmbf0OAnk&dib_tag=se&keywords=yamaha+acoustic+guitar&qid=1787916152&sr=8-47
2026-08-28 17:28:22 | INFO | amazon_scrapper | [28:35] Saved D:\Amazon Scrapper\AmazonScrapper\data\products\keyword_28_product_035.html
2026-08-28 17:28:23 | INFO | amazon_scrapper | [28:36] HTTP 200 https://www.amazon.com/Onmiwod-Hangers-Classical-Acoustic-Electric/dp/B0CP2DT6SH/ref=sr_1_48?dib=eyJ2IjoiMSJ9.rcMg2EejWU6R8BibnZ6YHMgwUQlcZsNVwF5n1CdPurozKfekGjPxeVtoBib83HzcLiWcHzQCuSIFfvwRW1sYtPuXArukq63Py9aobZXhVlBOm8wTnORNl3ZhEemmKpZNQ4UVlRi_mh-HlXXXQ0e4YS2iXCL975JNmCJQnzL0WdLL-JX4SJvDXAMhvOn54UPs5O4vlnGYTCYcA0k_fGRc92ng-jkbE5TzD79hxFYO7zIZHJSuN3sjBQGbOUPNQCOFW3G2TRFP9qzopxs1XBVlgzg0vOFOhmf3eRwxKJ8qSzA.EN9vbHWVLqTFv3uRW7MgitQ7P29ROdlTOmsmbf0OAnk&dib_tag=se&keywords=yamaha+acoustic+guitar&qid=1787916152&sr=8-48
2026-08-28 17:28:23 | INFO | amazon_scrapper | [28:36] Saved D:\Amazon Scrapper\AmazonScrapper\data\products\keyword_28_product_036.html
2026-08-28 17:28:23 | INFO | amazon_scrapper | [28:37] HTTP 200 https://www.amazon.com/YAMAHA-FS-530-Yamaha-Acoustic-Strings/dp/B0014D8GTY/ref=sr_1_49?dib=eyJ2IjoiMSJ9.rcMg2EejWU6R8BibnZ6YHMgwUQlcZsNVwF5n1CdPurozKfekGjPxeVtoBib83HzcLiWcHzQCuSIFfvwRW1sYtPuXArukq63Py9aobZXhVlBOm8wTnORNl3ZhEemmKpZNQ4UVlRi_mh-HlXXXQ0e4YS2iXCL975JNmCJQnzL0WdLL-JX4SJvDXAMhvOn54UPs5O4vlnGYTCYcA0k_fGRc92ng-jkbE5TzD79hxFYO7zIZHJSuN3sjBQGbOUPNQCOFW3G2TRFP9qzopxs1XBVlgzg0vOFOhmf3eRwxKJ8qSzA.EN9vbHWVLqTFv3uRW7MgitQ7P29ROdlTOmsmbf0OAnk&dib_tag=se&keywords=yamaha+acoustic+guitar&qid=1787916152&sr=8-49
2026-08-28 17:28:23 | INFO | amazon_scrapper | [28:37] Saved D:\Amazon Scrapper\AmazonScrapper\data\products\keyword_28_product_037.html
2026-08-28 17:28:23 | INFO | amazon_scrapper | [28:38] HTTP 200 https://www.amazon.com/Beginner-Classical-Acoustic-Guitar-Traditional/dp/B004BXLVO6/ref=sr_1_50?dib=eyJ2IjoiMSJ9.rcMg2EejWU6R8BibnZ6YHMgwUQlcZsNVwF5n1CdPurozKfekGjPxeVtoBib83HzcLiWcHzQCuSIFfvwRW1sYtPuXArukq63Py9aobZXhVlBOm8wTnORNl3ZhEemmKpZNQ4UVlRi_mh-HlXXXQ0e4YS2iXCL975JNmCJQnzL0WdLL-JX4SJvDXAMhvOn54UPs5O4vlnGYTCYcA0k_fGRc92ng-jkbE5TzD79hxFYO7zIZHJSuN3sjBQGbOUPNQCOFW3G2TRFP9qzopxs1XBVlgzg0vOFOhmf3eRwxKJ8qSzA.EN9vbHWVLqTFv3uRW7MgitQ7P29ROdlTOmsmbf0OAnk&dib_tag=se&keywords=yamaha+acoustic+guitar&qid=1787916152&sr=8-50
2026-08-28 17:28:23 | INFO | amazon_scrapper | [28:38] Saved D:\Amazon Scrapper\AmazonScrapper\data\products\keyword_28_product_038.html
2026-08-28 17:28:24 | INFO | amazon_scrapper | [28:39] HTTP 200 https://www.amazon.com/Washburn-Auditorium-Cutaway-Acoustic-Electric/dp/B0006ZAU22/ref=sr_1_51?dib=eyJ2IjoiMSJ9.rcMg2EejWU6R8BibnZ6YHMgwUQlcZsNVwF5n1CdPurozKfekGjPxeVtoBib83HzcLiWcHzQCuSIFfvwRW1sYtPuXArukq63Py9aobZXhVlBOm8wTnORNl3ZhEemmKpZNQ4UVlRi_mh-HlXXXQ0e4YS2iXCL975JNmCJQnzL0WdLL-JX4SJvDXAMhvOn54UPs5O4vlnGYTCYcA0k_fGRc92ng-jkbE5TzD79hxFYO7zIZHJSuN3sjBQGbOUPNQCOFW3G2TRFP9qzopxs1XBVlgzg0vOFOhmf3eRwxKJ8qSzA.EN9vbHWVLqTFv3uRW7MgitQ7P29ROdlTOmsmbf0OAnk&dib_tag=se&keywords=yamaha+acoustic+guitar&qid=1787916152&sr=8-51
2026-08-28 17:28:24 | INFO | amazon_scrapper | [28:39] Saved D:\Amazon Scrapper\AmazonScrapper\data\products\keyword_28_product_039.html
2026-08-28 17:28:24 | INFO | amazon_scrapper | [28:40] HTTP 200 https://www.amazon.com/Qivorimith-Acoustic-Electric-Accessories-Available/dp/B0DMR1K61R/ref=sr_1_52?dib=eyJ2IjoiMSJ9.rcMg2EejWU6R8BibnZ6YHMgwUQlcZsNVwF5n1CdPurozKfekGjPxeVtoBib83HzcLiWcHzQCuSIFfvwRW1sYtPuXArukq63Py9aobZXhVlBOm8wTnORNl3ZhEemmKpZNQ4UVlRi_mh-HlXXXQ0e4YS2iXCL975JNmCJQnzL0WdLL-JX4SJvDXAMhvOn54UPs5O4vlnGYTCYcA0k_fGRc92ng-jkbE5TzD79hxFYO7zIZHJSuN3sjBQGbOUPNQCOFW3G2TRFP9qzopxs1XBVlgzg0vOFOhmf3eRwxKJ8qSzA.EN9vbHWVLqTFv3uRW7MgitQ7P29ROdlTOmsmbf0OAnk&dib_tag=se&keywords=yamaha+acoustic+guitar&qid=1787916152&sr=8-52
2026-08-28 17:28:24 | INFO | amazon_scrapper | [28:40] Saved D:\Amazon Scrapper\AmazonScrapper\data\products\keyword_28_product_040.html
2026-08-28 17:28:25 | INFO | amazon_scrapper | [28:43] HTTP 200 https://www.amazon.com/Journey-Instruments-Solid-Travel-Guitar/dp/B088D7XQYT/ref=sr_1_55?dib=eyJ2IjoiMSJ9.rcMg2EejWU6R8BibnZ6YHMgwUQlcZsNVwF5n1CdPurozKfekGjPxeVtoBib83HzcLiWcHzQCuSIFfvwRW1sYtPuXArukq63Py9aobZXhVlBOm8wTnORNl3ZhEemmKpZNQ4UVlRi_mh-HlXXXQ0e4YS2iXCL975JNmCJQnzL0WdLL-JX4SJvDXAMhvOn54UPs5O4vlnGYTCYcA0k_fGRc92ng-jkbE5TzD79hxFYO7zIZHJSuN3sjBQGbOUPNQCOFW3G2TRFP9qzopxs1XBVlgzg0vOFOhmf3eRwxKJ8qSzA.EN9vbHWVLqTFv3uRW7MgitQ7P29ROdlTOmsmbf0OAnk&dib_tag=se&keywords=yamaha+acoustic+guitar&qid=1787916152&sr=8-55
2026-08-28 17:28:25 | INFO | amazon_scrapper | [28:43] Saved D:\Amazon Scrapper\AmazonScrapper\data\products\keyword_28_product_043.html
2026-08-28 17:28:25 | INFO | amazon_scrapper | [28:42] HTTP 200 https://www.amazon.com/Fender-Acoustasonic-15-Acoustic-Amplifier/dp/B00B28HDH2/ref=sr_1_54?dib=eyJ2IjoiMSJ9.rcMg2EejWU6R8BibnZ6YHMgwUQlcZsNVwF5n1CdPurozKfekGjPxeVtoBib83HzcLiWcHzQCuSIFfvwRW1sYtPuXArukq63Py9aobZXhVlBOm8wTnORNl3ZhEemmKpZNQ4UVlRi_mh-HlXXXQ0e4YS2iXCL975JNmCJQnzL0WdLL-JX4SJvDXAMhvOn54UPs5O4vlnGYTCYcA0k_fGRc92ng-jkbE5TzD79hxFYO7zIZHJSuN3sjBQGbOUPNQCOFW3G2TRFP9qzopxs1XBVlgzg0vOFOhmf3eRwxKJ8qSzA.EN9vbHWVLqTFv3uRW7MgitQ7P29ROdlTOmsmbf0OAnk&dib_tag=se&keywords=yamaha+acoustic+guitar&qid=1787916152&sr=8-54
2026-08-28 17:28:25 | INFO | amazon_scrapper | [28:42] Saved D:\Amazon Scrapper\AmazonScrapper\data\products\keyword_28_product_042.html
2026-08-28 17:28:25 | INFO | amazon_scrapper | [28:41] HTTP 200 https://www.amazon.com/Classical-Guitarra-Footstool-Beginners-Vangoa/dp/B0B7NGBTKH/ref=sr_1_53?dib=eyJ2IjoiMSJ9.rcMg2EejWU6R8BibnZ6YHMgwUQlcZsNVwF5n1CdPurozKfekGjPxeVtoBib83HzcLiWcHzQCuSIFfvwRW1sYtPuXArukq63Py9aobZXhVlBOm8wTnORNl3ZhEemmKpZNQ4UVlRi_mh-HlXXXQ0e4YS2iXCL975JNmCJQnzL0WdLL-JX4SJvDXAMhvOn54UPs5O4vlnGYTCYcA0k_fGRc92ng-jkbE5TzD79hxFYO7zIZHJSuN3sjBQGbOUPNQCOFW3G2TRFP9qzopxs1XBVlgzg0vOFOhmf3eRwxKJ8qSzA.EN9vbHWVLqTFv3uRW7MgitQ7P29ROdlTOmsmbf0OAnk&dib_tag=se&keywords=yamaha+acoustic+guitar&qid=1787916152&sr=8-53
2026-08-28 17:28:25 | INFO | amazon_scrapper | [28:41] Saved D:\Amazon Scrapper\AmazonScrapper\data\products\keyword_28_product_041.html
2026-08-28 17:28:26 | INFO | amazon_scrapper | [28:44] HTTP 200 https://www.amazon.com/Gretsch-Dreadnought-6-String-Right-Handed-Fingerboard/dp/B0CN1L2BG8/ref=sr_1_56?dib=eyJ2IjoiMSJ9.rcMg2EejWU6R8BibnZ6YHMgwUQlcZsNVwF5n1CdPurozKfekGjPxeVtoBib83HzcLiWcHzQCuSIFfvwRW1sYtPuXArukq63Py9aobZXhVlBOm8wTnORNl3ZhEemmKpZNQ4UVlRi_mh-HlXXXQ0e4YS2iXCL975JNmCJQnzL0WdLL-JX4SJvDXAMhvOn54UPs5O4vlnGYTCYcA0k_fGRc92ng-jkbE5TzD79hxFYO7zIZHJSuN3sjBQGbOUPNQCOFW3G2TRFP9qzopxs1XBVlgzg0vOFOhmf3eRwxKJ8qSzA.EN9vbHWVLqTFv3uRW7MgitQ7P29ROdlTOmsmbf0OAnk&dib_tag=se&keywords=yamaha+acoustic+guitar&qid=1787916152&sr=8-56
2026-08-28 17:28:26 | INFO | amazon_scrapper | [28:44] Saved D:\Amazon Scrapper\AmazonScrapper\data\products\keyword_28_product_044.html
2026-08-28 17:28:26 | INFO | amazon_scrapper | [28:45] HTTP 200 https://www.amazon.com/CAHAYA-Upgraded-Waterproof-Acoustic-Classical/dp/B07HF4ZCGS/ref=sr_1_57?dib=eyJ2IjoiMSJ9.rcMg2EejWU6R8BibnZ6YHMgwUQlcZsNVwF5n1CdPurozKfekGjPxeVtoBib83HzcLiWcHzQCuSIFfvwRW1sYtPuXArukq63Py9aobZXhVlBOm8wTnORNl3ZhEemmKpZNQ4UVlRi_mh-HlXXXQ0e4YS2iXCL975JNmCJQnzL0WdLL-JX4SJvDXAMhvOn54UPs5O4vlnGYTCYcA0k_fGRc92ng-jkbE5TzD79hxFYO7zIZHJSuN3sjBQGbOUPNQCOFW3G2TRFP9qzopxs1XBVlgzg0vOFOhmf3eRwxKJ8qSzA.EN9vbHWVLqTFv3uRW7MgitQ7P29ROdlTOmsmbf0OAnk&dib_tag=se&keywords=yamaha+acoustic+guitar&qid=1787916152&sr=8-57
2026-08-28 17:28:26 | INFO | amazon_scrapper | [28:45] Saved D:\Amazon Scrapper\AmazonScrapper\data\products\keyword_28_product_045.html
2026-08-28 17:28:27 | INFO | amazon_scrapper | [28:46] HTTP 200 https://www.amazon.com/Fender-Acoustic-Junior-100-watt-Amp/dp/B08GL4CW3B/ref=sr_1_58?dib=eyJ2IjoiMSJ9.rcMg2EejWU6R8BibnZ6YHMgwUQlcZsNVwF5n1CdPurozKfekGjPxeVtoBib83HzcLiWcHzQCuSIFfvwRW1sYtPuXArukq63Py9aobZXhVlBOm8wTnORNl3ZhEemmKpZNQ4UVlRi_mh-HlXXXQ0e4YS2iXCL975JNmCJQnzL0WdLL-JX4SJvDXAMhvOn54UPs5O4vlnGYTCYcA0k_fGRc92ng-jkbE5TzD79hxFYO7zIZHJSuN3sjBQGbOUPNQCOFW3G2TRFP9qzopxs1XBVlgzg0vOFOhmf3eRwxKJ8qSzA.EN9vbHWVLqTFv3uRW7MgitQ7P29ROdlTOmsmbf0OAnk&dib_tag=se&keywords=yamaha+acoustic+guitar&qid=1787916152&sr=8-58
2026-08-28 17:28:27 | INFO | amazon_scrapper | [28:46] Saved D:\Amazon Scrapper\AmazonScrapper\data\products\keyword_28_product_046.html
2026-08-28 17:28:27 | INFO | amazon_scrapper | [28:48] HTTP 200 https://www.amazon.com/PPOPPO-Acoustic-Resistant-Adjustable-Shoulder/dp/B0FC6KNJ4J/ref=sr_1_60?dib=eyJ2IjoiMSJ9.rcMg2EejWU6R8BibnZ6YHMgwUQlcZsNVwF5n1CdPurozKfekGjPxeVtoBib83HzcLiWcHzQCuSIFfvwRW1sYtPuXArukq63Py9aobZXhVlBOm8wTnORNl3ZhEemmKpZNQ4UVlRi_mh-HlXXXQ0e4YS2iXCL975JNmCJQnzL0WdLL-JX4SJvDXAMhvOn54UPs5O4vlnGYTCYcA0k_fGRc92ng-jkbE5TzD79hxFYO7zIZHJSuN3sjBQGbOUPNQCOFW3G2TRFP9qzopxs1XBVlgzg0vOFOhmf3eRwxKJ8qSzA.EN9vbHWVLqTFv3uRW7MgitQ7P29ROdlTOmsmbf0OAnk&dib_tag=se&keywords=yamaha+acoustic+guitar&qid=1787916152&sr=8-60
2026-08-28 17:28:27 | INFO | amazon_scrapper | [28:48] Saved D:\Amazon Scrapper\AmazonScrapper\data\products\keyword_28_product_048.html
2026-08-28 17:28:27 | INFO | amazon_scrapper | [28:47] HTTP 200 https://www.amazon.com/Acoustic-Guitar-Remover-Replacement-Accessories/dp/B0C2HLD9W9/ref=sr_1_59?dib=eyJ2IjoiMSJ9.rcMg2EejWU6R8BibnZ6YHMgwUQlcZsNVwF5n1CdPurozKfekGjPxeVtoBib83HzcLiWcHzQCuSIFfvwRW1sYtPuXArukq63Py9aobZXhVlBOm8wTnORNl3ZhEemmKpZNQ4UVlRi_mh-HlXXXQ0e4YS2iXCL975JNmCJQnzL0WdLL-JX4SJvDXAMhvOn54UPs5O4vlnGYTCYcA0k_fGRc92ng-jkbE5TzD79hxFYO7zIZHJSuN3sjBQGbOUPNQCOFW3G2TRFP9qzopxs1XBVlgzg0vOFOhmf3eRwxKJ8qSzA.EN9vbHWVLqTFv3uRW7MgitQ7P29ROdlTOmsmbf0OAnk&dib_tag=se&keywords=yamaha+acoustic+guitar&qid=1787916152&sr=8-59
2026-08-28 17:28:27 | INFO | amazon_scrapper | [28:47] Saved D:\Amazon Scrapper\AmazonScrapper\data\products\keyword_28_product_047.html
2026-08-28 17:28:27 | INFO | amazon_scrapper | Finished fetching product pages
2026-09-02 15:28:01 | INFO | amazon_scrapper | Translation failed for review: Best
2026-09-02 15:31:22 | INFO | amazon_scrapper | Translation failed for review: O fio é protegido contra o ressecamento e a quebra, há diferentes níveis de sensibilidade e a escolha de luzes é bem legal também. Eu compraria novamente sem pensar duas vezes! Muito bonito, resistente, funcional e durável como promete.
2026-09-02 15:31:32 | INFO | amazon_scrapper | Language detection failed for review: 
2026-09-02 15:31:32 | INFO | amazon_scrapper | Translation failed for review: los botones laterales están casi un 80% flojos no se sienten rígidos, hasta da la sensación de viejos, causan muchos errores de clic y puede ser hasta frustrante
2026-09-02 15:31:37 | INFO | amazon_scrapper | Translation failed for review: Me encantó esta compra, tiene para conectar. Bluetooth, usb de 2.4GB y cable para conectar,  también tiene un botón para cambiar la sensibilidad del mouse que lo hace aún mejor ya que en unos juegos es mejor con menos o más sensibilidad que en otros, recomendado
2026-09-02 15:32:19 | INFO | amazon_scrapper | Translation failed for review: Très pratique, le port HDMI mis à part que je n'utilise pas il rempli bien sa fonction.
2026-09-02 15:32:45 | INFO | amazon_scrapper | Translation failed for review: Good
2026-09-02 15:33:38 | INFO | amazon_scrapper | Translation failed for review: Très belle montre, très facile à connecter au téléphone.La luminosité est super. Elle est fornie avec le cable pour la charger. Elle est idéal pour lire les messages recevoir des appels téléphoniques, calculer le rythme cardiaque, etc...Je suis ravie de mon achat.
2026-09-02 15:33:57 | INFO | amazon_scrapper | Translation failed for review: Questo smartwatch della AEAC si è dimostrato un prodotto davvero valido e qualitativamente ben fatto. Arriva a casa in una scatolina carina bianca con l’immagine di un orologio e la scritta smartwatch. Aprendo il packing troviamo lo smartwatch con cassa quadrata di colore dorato con un cinturino in silicone di colore rosa già montato. In dotazione abbiamo poi il cavo di ricarica usb con attacco magnetico e il libretto di istruzioni con la lingua italiana.L’orologio, che è un articolo da donna, si presenta molto elegante e adatto ad ogni tipo di occasione. Presenta 1 pulsante al lato che serve per accenderlo/spegnerlo e per navigare nei vari menù e sottomenù, in alternativa al touch screen che risulta comunque preciso e sensibile. Una volta acceso compare la schermata iniziale ed effettuando swipe si scelgono le varie funzioni.Le cose che questo smartwatch può fare sono davvero tante: per le sportive ci sono tutte quelle funzioni relative al benessere del corpo dovute a più di 100 attività tra le quali nuoto, trekking, corsa etc.etc. Ci sono anche molte funzioni più o meno utili come contapassi, cardiofrequenzimetro, monitoraggio ossigeno, monitoraggio del sonno e misuratore di pressione. Poi ci sono le funzioni di un orologio classico come la sveglia e il datario e le funzioni smart che attraverso un collegamento bluetooth ad uno smartphone ci permettono di leggere messaggi da app social come instagram e facebook o da applicazioni come messanger o whatsapp.La connessione ci permette anche di utilizzare le varie play list presenti sul device o di utilizzare la fotocamera dello stesso senza bisogno di prenderlo. L’orologio ha un quadrante rettangolare LCD da 1,8 pollici con una ottima risoluzione di 240x280p in full HD e luminosità, che può essere ulteriormente modificata attraverso le impostazioni. La chiusura del cinturino risulta molto forte e resiste anche a strattoni abbastanza violenti. La connessione con il cellulare è immediata ed è stabile fino a 10 mt circa dal dispositivo (in presenza di ostacoli come porte o muri ovviamente è minore). L’orologio comparirà nella sezione del bluetooth del dispositivo con il nome IDW19 BT. Se tutto questo non bastasse Il costruttore ci mette a disposizione un app gratuita di nome “Very fit” anche in lingua italiana che completa ulteriormente questo smartwatch. Quest'app è davvero utile in quanto una volta scaricata e abbinato l’orologio ci permette di rispondere e chiamare senza prendere il cellulare con una qualità audio sufficientemente buona per conversare anche all’aperto in mezzo ai rumori del traffico. L’app fornisce ulteriori possibilità di settare lo smartwatch nelle sue funzioni e scaricare tanti quadranti diversi o utilizzare una foto personale come sfondo ed ovviamente scaricare eventuali aggiornamenti. Sempre con l’aiuto dell'app possiamo avere un data base dei nostri progressi nelle varie attività sportive e nel monitoraggio delle funzioni corporali ed è possibile anche importare vari contatti telefonici, quelli che magari si chiamano più frequentemente, cosi da non prendere affatto il cellulare. Il costruttore asserisce che questo orologio è impermeabile infatti ha la certificazione IP68 però io il bagno o la doccia con l’orologio eviterei di farlo in quanto il vapore potrebbe danneggiare la batteria. Può essere collegato a dispositivi che hanno android 6.0 o superiore o iOS 9.0 o superiore.Le mie impressioni su questo prodotto sono davvero ottime. Menu e sottomenu sono cosi facili ed intuitivi che non c’è alcun bisogno di vedere il libretto di istruzioni. La batteria al litio è di buona qualità con una durata superiore ai 6/7 giorni utilizzandolo in maniera normale con una ricarica che non dura più di 2 ore. Il cinturino in silicone sembra di buona qualità morbido e flessibile risulta molto comodo e anche dopo averlo indossato una intera giornata non porta prurito o rossore. Vedremo con il tempo anche la durabilità. La lunghezza totale di questo smartwatch è di 25 cm circa il che significa che può essere indossato da persone con una circonferenza del polso che va da 15 cm fino a 20 cm e oltre. Questo tipo di smartwatch non permette di installare applicazioni aggiuntive, non è fornito di GPS integrato per un eventuale navigatore e non da la possibilità di scrivere messaggi o vedere foto. Io l’ho regalato a mia moglie e devo dire che le è subito piaciuto. Lei non è particolarmente affine con la tecnologia ma ha subito imparato ad usarlo, almeno nelle sue funzioni principali. Lo indossa tutto il giorno anche quando lavora e mi ha detto che è cosi leggero che a volte dimentica di indossarlo. Il prezzo di questo al momento della recensione non è disponibile quindi non posso fare una comparazione ed una eventuale valutazione in merito.In conclusione questo è un prodotto di cui sicuramente ne consiglio l’acquisto anche per un eventuale idea regalo appena ritornerà disponibile alla vendita.Spero di essere stato utile nell'esporre tutte le caratteristiche di questo prodotto che mi è stato proposto tramite il programma Vine di Amazon, in cui cerco di dare sempre valutazioni oggettive ed obiettive dei prodotti offerti e testati. Resto comunque a disposizione per chiarire ulteriori dubbi sul prodotto.
2026-09-02 15:34:18 | INFO | amazon_scrapper | Translation failed for review: Fue un regalo. La persona a la que se lo regalé me dijo que salió muy bueno, no tuvo fallas. Fácil de sincronizar y muy útil. Llegó a tiempo y muy bien empacado.El único problema, pero es ajeno al producto, es que, por estar cambiándole las correas muy seguido, la última vez no debió haber quedado bien puesto y se le perdió. Pero compró otro, porque estaba muy contenta con el reloj.
2026-09-02 15:34:20 | INFO | amazon_scrapper | Translation failed for review: Extremely slippery
2026-09-02 15:34:22 | INFO | amazon_scrapper | Translation failed for review: La funda encaja perfectamente en el telefono (Iphone 12), pero la compre porque decian que no amarilleaba, y no han pasado dos meses y esta totalmente amarilla, se ve muy fea y claro no se puede usar, no queda transparente, devalua el telefono nuevo, es una pena.Ademas me puse en contacto con el vendedor, me dijo que me iba a mandar una funda nueva no esa, si no otra que tenian muy buena, la funda despues de casi dos meses no ha llegado y cuando les he escrito, me dicen que por la pandemia, de verguenza.........
2026-09-02 15:34:25 | INFO | amazon_scrapper | Translation failed for review: اللذي وصلني ليس لايفون ١٦ بلس
2026-09-02 15:34:26 | INFO | amazon_scrapper | Translation failed for review: Capinha de ótima qualidade. Imagens real do produto.
2026-09-02 15:34:28 | INFO | amazon_scrapper | Translation failed for review: Mi ha soddisfatto
2026-09-02 15:34:28 | INFO | amazon_scrapper | Translation failed for review: J’ai pris cette coque transparente sans clapet parce que je voulais protéger mon téléphone tout en gardant son design visible, et elle fait parfaitement le job ! Le plastique est clair et assez rigide, sans jaunir après plusieurs semaines d’utilisation, ce qui est un vrai plus.Elle s’adapte bien au téléphone, avec des découpes précises pour les boutons et les ports, rien ne gêne. La coque est fine, donc elle ne rajoute pas trop de volume, ce qui garde la prise en main agréable.Côté protection, c’est efficace contre les rayures et les petites chutes du quotidien. Attention, ce n’est pas un modèle antichoc renforcé, mais pour une utilisation normale, elle protège bien. J’aime aussi que la finition brillante lui donne un aspect soigné.
2026-09-02 15:34:30 | INFO | amazon_scrapper | Translation failed for review: Ottima qualità consigliatissimo
2026-09-02 15:34:32 | INFO | amazon_scrapper | Translation failed for review: Très satisfaite de cette coque ! Elle protège vraiment bien le téléphone tout en restant jolie et agréable en main. Elle épouse parfaitement l’iPhone, les boutons restent faciles à utiliser et la protection autour des appareils photo est un vrai plus. Elle a très bien résisté à l’utilisation quotidienne. Un excellent rapport qualité-prix, je recommande !
2026-09-02 15:34:33 | INFO | amazon_scrapper | Translation failed for review: habe nun das Case für mein 9a seit einem Monat.Eines Vorweg: Das Case ist nicht durchsichtig - Das Google Logo sieht man nicht, wie auf dem Foto.Bis jetzt kann ich sagen:-fühlt sich gut an-rutschfest-eng anliegend, jedoch nicht zu eng für die tasten.-magsafe ist fest
2026-09-02 15:34:34 | INFO | amazon_scrapper | Translation failed for review: Hülle ist top! Stabil, schön und günstig.Für den Preis ist das echt eine Mega Qualität! Werde mir die auf jeden Fall noch in anderen Farben bestellen!!
2026-09-02 15:34:39 | INFO | amazon_scrapper | Translation failed for review: Ottima qualità consigliatissimo
2026-09-02 15:34:42 | INFO | amazon_scrapper | Translation failed for review: 色もいいし丈夫だしリンゴマークはちゃんと見えるし、満足です。
2026-09-02 15:34:48 | INFO | amazon_scrapper | Translation failed for review: habe nun das Case für mein 9a seit einem Monat.Eines Vorweg: Das Case ist nicht durchsichtig - Das Google Logo sieht man nicht, wie auf dem Foto.Bis jetzt kann ich sagen:-fühlt sich gut an-rutschfest-eng anliegend, jedoch nicht zu eng für die tasten.-magsafe ist fest
2026-09-02 15:34:54 | INFO | amazon_scrapper | Translation failed for review: Tout estvparfait
2026-09-02 15:35:43 | INFO | amazon_scrapper | Translation failed for review: Si estás buscando jubilar los dichosos cables de una vez por todas y te llama la atención el nuevo estándar de carga inalámbrica Qi2 y tienes dispositivos que aceptan la carga inalámbrica, quédate por aquí porque te voy a contar detalladamente mi experiencia real con este pack de 2 cargadores magnéticos.Después de estar trasteando con ellos a diario, usándolos tanto en el escritorio de casa como llevándomelos de viaje, aquí te dejo mi análisis a fondo, sin rodeos, con lo bueno, lo genial y también con esos pequeños detalles que conviene saber antes de lanzarse a por ellos.📦 ¿Qué nos encontramos en la caja?De primeras, lo mejor de este producto es que es un pack doble. Te vienen dos bases de carga inalámbrica magnética de color violeta oscuro (tampoco es demasiado oscuro).Visualmente llaman la atención ya que tienen un perfil ultra delgado (apenas unos 5 milímetros de grosor) y pesan poquísimo (unos 54 gramos). El chasis es metálico, lo que le da un toque premium muy limpio, y el cable viene integrado con conector USB-C y un acabado trenzado que se nota bastante resistente al trote diario (dobleces, tirones en la mochila, etc.).⚠️ Un detalle crucial de inicio: El pack no incluye los adaptadores de pared (los enchufes). En la caja solo vienen las dos bases con sus cables.⚡ Rendimiento y Velocidad: ¿De verdad carga a 25W?Aquí hay que ponerse un poco técnicos, pero de forma sencilla. Estos cargadores cuentan con la nueva certificación Qi2 / Qi2.2, que es básicamente la evolución universal del sistema MagSafe de Apple. Promete hasta 25W de potencia máxima.En el día a día, con los teléfonos compatibles más recientes, la velocidad se nota un montón. En apenas 30 minutos te puede plantar la batería en torno al 50%, siendo notablemente más rápido que las típicas bases inalámbricas antiguas de 15W.Pero ojo, que aquí viene el "truco" de la potencia:1. El enchufe importa: Para exprimir esos 25W de punta, necesitas conectar la base a un adaptador de pared de 30W o superior con salida de 12V (el típico cargador rápido potente que uses para la tablet o el portátil). Si lo conectas a un enchufe antiguo de menos de 20W, la velocidad caerá en picado.2. Carga desde el portátil: Si eres de los que, como yo, viaja mucho y conecta la base directamente al puerto USB-C de tu ordenador portátil en una reunión o cafetería, la potencia real se verá limitada por la del ordenador (suele dar entre 10W y 15W). Sigue siendo comodísimo para mantener el móvil con energía mientras trabajas, pero no irá a su velocidad punta.🧲 El imán y el ajuste magnético: El cargador lleva internamente imanes de neodimio N52. En dispositivos de la manzana o teléfonos preparados nativamente para alineación magnética, la experiencia es súper cómoda: acercas el teléfono por la parte trasera, se "pega" solo en la posición exacta milimétrica y empieza a cargar. Es ideal para la mesita de noche porque no tienes que andar tanteando a oscuras a ver si ha encajado en la bobina.Dado que es mucho más pequeño (aproximadamente la mitad) que las bases de carga inalámbrica, si tu dispositivo no tiene la alineación magnética has de asegurarte que realmente está bien colocado, ya que además no tiene ningún led que indique que está cargando, sólo puedes saberlo por lo que te indica tu dispositivo.A tener muy en cuenta con Android y fundas:• Si usas dispositivos como los últimos Samsung Galaxy o Google Pixel, o incluso si llevas el iPhone con una funda convencional, necesitas obligatoriamente que la funda sea compatible con MagSafe/Qi2 (las que llevan el anillo magnético integrado).• Si intentas usarlo con una funda de plástico normal o de piel gruesa sin imanes, el agarre se debilita muchísimo y el teléfono se soltará con cualquier movimiento. En algunos terminales Android sin funda o con carcasas inadecuadas, el imán puede sentirse algo flojo, así que el secreto para que no se mueva nada es una buena funda magnética.🥶 Gestión de temperatura y seguridad.Al ser tan sumamente compacto y delgado, la disipación del calor es puramente pasiva a través de su carcasa metálica. Durante las cargas rápidas intensas, vas a notar que el cargador y la trasera del teléfono se calientan bastante.Es un comportamiento normal en la carga inalámbrica de alta potencia, aunque en ciertos modelos de teléfonos más pequeños o compactos (como ediciones SE o similares) esa sensación de calor puede ser un poco más acusada de lo esperado. Por suerte, incluye chip inteligente con protección contra sobrecalentamiento y detección de objetos extraños, por lo que corta el flujo si detecta anomalías.🔍 Lo que se echa en falta (puntos a mejorar)Para ser totalmente honestos, hay un par de detalles de diseño que podrían haber redondeado el producto:• Sin indicador LED: El disco no tiene ninguna lucecita que te confirme visualmente que está pasando energía. Tienes que fiarte del pantallazo o la vibración de tu propio móvil al colocarlo.• Tamaño reducido: Como el disco es tan minimalista y delgado si no usas una funda que guíe el imán de forma automática, al principio te puede costar un par de intentos centrarlo perfectamente sobre la zona de carga trasera a la primera.⭐ Conclusión: ¿Vale la pena?Rotundamente sí, sobre todo por la versatilidad del pack de dos unidades. Por el magnífico precio que tiene, es ideal para dejar uno fijo en tu zona de trabajo habitual (el escritorio de casa o la oficina) y meter el otro directamente en la mochila o el neceser de viaje.El color violeta oscuro es super original y elegante, rompiendo con el aburrido monopolio de las bases habituales de siempre. Si tienes claro que necesitas un adaptador potente en casa para sacarle los 25W y usas fundas magnéticas adecuadas (o tu dispositivo tiene alineación magnética), este kit te va a dar una comodidad muy importante en tu rutina diaria, ahorrándote el engorro de andar buscando y rompiendo cables físicos a cada momento.Una compra de lo más práctica y recomendada.
2026-09-02 15:36:44 | INFO | amazon_scrapper | Translation failed for review: La Webcam llegó en solo tres dias despues de hacer el pedido, venia en una bolsa bien protegida. El paquete solo incluia la camara y una llave de 6 meses de Xsplit.Plug and play, pero si quieres hacer uso de la opcion para remover el fondo debes descargar un software aparte de la pagina de Logitech USA. O usar el Gaming Center si tienes otros dispositivos Logitech.Para hacer videos de Gameplay o Stream a 720p30fps se ve genial, es mi primer webcam fuera de la integrada y los colores y el autofocus no me han descepcionado para nada, aún con solo la luz del monitor de noche se ve muy bien y muy poca distorsión.Ampliamente recommendable, aunque si no piensas grabar videos a 60fps recomiendo major comprar la 920.El audio no es malo pero tampoco es de lo mejor si lo comparas con algun headset o un micrófono externo.
2026-09-02 15:36:55 | INFO | amazon_scrapper | Translation failed for review: Me encantó el color y todo tal cual la foto y la cajita tan hermosa en donde llego rosita 💖
2026-09-02 15:36:57 | INFO | amazon_scrapper | Translation failed for review: Lamapada molto bella e utile. Luce regolabile, per intensità e colore; perfetta per ogni condIzione di lettura. Lo stelo lungo e l'ampia plafoniera permettono un'illuminazione diffusa su tutto il piano di lavoro. Dopo aver provato diverse lampade a LED, ho finalmente trovato quella giusta per non affaticare la vista. Le due prese USB sul retro, permettono di utilizzare l'alimentatore in dotazione per la lampada anche per ricaricare, contemporaneamente, altri dispositivi.
2026-09-02 15:37:07 | INFO | amazon_scrapper | Translation failed for review: Perfecto para una mesita de luzLlevo meses usándola y va perfecta
2026-09-02 15:38:32 | INFO | amazon_scrapper | Translation failed for review: Pros:- Disminuye un poco el polvo en la habitaciónContras:- No sirve para los 1875 pies cuadrados (174m2) que indica en su publicidad. En efectos prácticos sólo sirve para 388 pies cuadrados (36m2) como lo indica en la última foto la publicación. Se requieren más de cuatro cambios de aire por hora para que un filtro de aire sea efectivo y esa cantidad sólo la alcanza en un cuarto de 36m2 y a MÁXIMA VELOCIDAD (punto importante).- Sólo es grado HEPA a MÍNIMA VELOCIDAD. Lo pueden consultar en la página oficial del producto. No es un filtro HEPA certificado. Incluso quitaron la leyenda de filtro HEPA del propio filtro, como se observa en la imagen. Los obligaron a remover algo que, básicamente, era falsa publicidad.- A MÁXIMA VELOCIDAD además de no ser HEPA fácilmente alcanza 60db de ruido, más menos, como se escucha en el video. Es extremadamente silencioso en primera velocidad para dormir, pero en tercera y cuarta no es para que estés dentro del mismo cuarto.- El sensor siempre esta en azul, calidad de aire "óptima". Aún encerrándolo en un cuarto donde hay moho es incapaz de detectar dichas partículas. Sólo se pone en rojo cuando barres el cuarto dónde se encuentra el filtro, sólo detecta partículas verdaderamente grandes. Ni al cocinar frente a él baja la "calidad del aire", aún si se te está quemando la comida. Así que el modo automático básicamente no sirve de mucho. Esto contando que el sensor se limpió y calibró como se indica en las instrucciones. Casi casi tienes que encender y apagar un cerillo frente al sensor para que detecte el humo y la luz pase de azul a roja.- Trae muy poco carbón, si tu problema es olores, te vas a consumir este filtro en semanas o pocos meses, no en 1 año.- Plástico barato de muy mala calidad. El panel se rayó a la primera pasada de una tela de microfibra. En las fotos se ven detalles de lo barato que se ven todos los materiales
2026-09-02 15:38:36 | INFO | amazon_scrapper | Language detection failed for review: 10/10
2026-09-02 15:39:21 | INFO | amazon_scrapper | Translation failed for review: Compre la Instant Pot (IP) después de escuchar muchas opiniones de mis amigas diciéndome que tenía que tener una. Yo era una persona 100% satisfecha con mi slow cooker, pero por razones varias tuve que venderla. Después de 7 meses me decidí a comprar la IP. Soy una persona joven que no tiene demasiada experiencia cocinando. Hice muchos experimentos para acostumbrarme al uso y explorar todas las opciones.Prueba 1: Caldo de pollo (Opción: Slow cook). Hice las mismas caldos y sopas que hacía en mi slow cooker. Me pareció muy cómodo que podía programar un tiempo para cocinar y después solo mantendría tibia la comida.Prueba 2: Arroz blanco (Opción: Rice). Decidí incursionar a las funciones con presión y hacer arroz con la opción predeterminada. Fue un éxito rotundo. El arroz estaba esponjoso y suave. Nada se pegó en el fondo de la olla.Prueba 3: Chayotes asados (Opción: Sauté). Si bien fue divertido hacer esto en la IP, fue un poco mas torpe cocinar en este modo que si lo hiciese en un sartén u olla convencional. Sin embargo, esta opción es útil para recalentar.Prueba 4: Arroz integral (Opción: Manual). Por ser un cereal mas duro, la opción de Rice no es suficiente. Aun así, obtuve un resultado exitoso utilizando el modo manual.Prueba 5: Avena con manzanas (Opción: Porridge). El resultado final no es grato a la vista pero el sabor es impresionante. A partir de ese día, la Instant Porridge se ha convertido en el desayuno estrella de la casa.Prueba 6: Caldo de pollo (Opción: Soup/Broth). Intente hacer un caldo de pollo a presión, y un éxito mas.En esta época trabajando en casa, la IP ha sido una gran aliada pues no tengo la preocupación de que la comida se va a quemar mientras estoy en alguna junta. He hecho platos que nunca me había animado a cocinar (p. ej. mole de olla con costilla cargada y suadero), y he optimizado mi tiempo en la cocina con platos con los que normalmente tendría que estar pendiente como frijoles, lentejas o arroz.Todo lo que me decían mis amigas era cierto. Vale completamente la pena y recomiendo encarecidamente a toda persona que busque cocinar de manera eficiente en espacios y tiempos optimizados.
2026-09-02 15:39:26 | INFO | amazon_scrapper | Translation failed for review: Compré la Instant Pot y genuinamente fue una de las mejores decisiones para mi cocina. La uso varias veces por semana y me ha resuelto cosas que antes eran un dolor, sobre todo cuando la carne o el pollo están congelados. Literal: de congelador a plato servido, sin drama.Uno de los momentos donde más la amé fue en Navidad. Pude hacer la cena completa en aproximadamente 2 horas, cuando normalmente habría pasado toda la noche cocinando. Carnes suaves, bien cocidas, con sabor, sin estar pegada a la estufa ni estresada por tiempos.La presión funciona excelente, los resultados son consistentes y te da mucha tranquilidad saber que puedes cocinar incluso cuando no planeaste nada con anticipación. Es ideal para:pollo o carne congelada,guisos,caldos,arroz,comidas “de diario” y también para ocasiones especiales.Al principio intimidan un poco los botones, pero es cuestión de usarla un par de veces. Después se vuelve automática en tu rutina. Además, la olla interior es fácil de limpiar y el sistema de seguridad se siente muy confiable.No exagero cuando digo que me ahorra tiempo, energía y estrés. Si cocinas en casa y quieres resultados buenos sin pasar horas, vale totalmente la pena.La recomiendo sin dudar y definitivamente la volvería a comprar y de hecho estoy pensando comprar más tamaños :D.
2026-09-02 15:39:31 | INFO | amazon_scrapper | Translation failed for review: Es uno de esas cosas como los celulares, microondas, el internet que uno se pregunta, “como pude existir tanto tiempo sin ello?” Hace la vida mucho más sencilla en la cocina y es muy fácil de entender y usar. Soy persona de edad y no me gusta tener que aprender nuevas técnicas pero es muy fácil su uso. Yo compré el mini 3 quart Duo Pot Que es más que suficiente para mi marido y yo. TLa verdad, no duden en adquirir uno. Estoy tan feliz y contenta con esta compra.
2026-09-02 15:39:32 | INFO | amazon_scrapper | Translation failed for review: Tengo otra igual grande y me gusta mucho. Compre la version mas pequeña para un trailer chico y con esta me siento preparada para cocinar yna amplia variedad de alimentos.
2026-09-02 15:39:33 | INFO | amazon_scrapper | Translation failed for review: La mejor compra que he hecho en 2025, La recomiendo muchísimo, no se van a arrepentir. El ahorro de tiempo para cocinar es fenomenal. Ya no se que haría sin mi instapot
2026-09-02 15:39:34 | INFO | amazon_scrapper | Translation failed for review: Compre la Instant Pot (IP) después de escuchar muchas opiniones de mis amigas diciéndome que tenía que tener una. Yo era una persona 100% satisfecha con mi slow cooker, pero por razones varias tuve que venderla. Después de 7 meses me decidí a comprar la IP. Soy una persona joven que no tiene demasiada experiencia cocinando. Hice muchos experimentos para acostumbrarme al uso y explorar todas las opciones.Prueba 1: Caldo de pollo (Opción: Slow cook). Hice las mismas caldos y sopas que hacía en mi slow cooker. Me pareció muy cómodo que podía programar un tiempo para cocinar y después solo mantendría tibia la comida.Prueba 2: Arroz blanco (Opción: Rice). Decidí incursionar a las funciones con presión y hacer arroz con la opción predeterminada. Fue un éxito rotundo. El arroz estaba esponjoso y suave. Nada se pegó en el fondo de la olla.Prueba 3: Chayotes asados (Opción: Sauté). Si bien fue divertido hacer esto en la IP, fue un poco mas torpe cocinar en este modo que si lo hiciese en un sartén u olla convencional. Sin embargo, esta opción es útil para recalentar.Prueba 4: Arroz integral (Opción: Manual). Por ser un cereal mas duro, la opción de Rice no es suficiente. Aun así, obtuve un resultado exitoso utilizando el modo manual.Prueba 5: Avena con manzanas (Opción: Porridge). El resultado final no es grato a la vista pero el sabor es impresionante. A partir de ese día, la Instant Porridge se ha convertido en el desayuno estrella de la casa.Prueba 6: Caldo de pollo (Opción: Soup/Broth). Intente hacer un caldo de pollo a presión, y un éxito mas.En esta época trabajando en casa, la IP ha sido una gran aliada pues no tengo la preocupación de que la comida se va a quemar mientras estoy en alguna junta. He hecho platos que nunca me había animado a cocinar (p. ej. mole de olla con costilla cargada y suadero), y he optimizado mi tiempo en la cocina con platos con los que normalmente tendría que estar pendiente como frijoles, lentejas o arroz.Todo lo que me decían mis amigas era cierto. Vale completamente la pena y recomiendo encarecidamente a toda persona que busque cocinar de manera eficiente en espacios y tiempos optimizados.
2026-09-02 15:39:37 | INFO | amazon_scrapper | Translation failed for review: Muy buena y práctica. Tal como se ve en la foto. Por su tamaño muy funcional.
2026-09-02 15:39:37 | INFO | amazon_scrapper | Translation failed for review: Es muy bonita y funcional me encanto
2026-09-02 15:39:41 | INFO | amazon_scrapper | Translation failed for review: Produto ótimo. Panela interna de inox que pode ser retirada e usada no fogão. Facilita limpeza e vai durar para sempre. Faço iogurte em potes em banho Maria toda a semana. Pasteurizei ovos inteiros com a função sous vide. Silenciosa quando usa pressão, que funciona maravilhosamente.
2026-09-02 15:39:43 | INFO | amazon_scrapper | Translation failed for review: Me encantó¡ es muy facil de usar, la comida sale en muy poco tiempo¡No he probado muchas recetas pero esta super¡ Espero que tambien dure.
2026-09-02 15:39:45 | INFO | amazon_scrapper | Translation failed for review: Muy buena y práctica. Tal como se ve en la foto. Por su tamaño muy funcional.
2026-09-02 15:39:48 | INFO | amazon_scrapper | Translation failed for review: Es muy bonita y funcional me encanto
2026-09-02 15:39:51 | INFO | amazon_scrapper | Translation failed for review: Excelente calidadMuy buen funcionamiento
2026-09-02 15:39:52 | INFO | amazon_scrapper | Translation failed for review: Muy practica. Me encanto
2026-09-02 15:39:54 | INFO | amazon_scrapper | Translation failed for review: La olla llego golpeada y abollada que tristeza porque si esta bien bonita
2026-09-02 15:39:54 | INFO | amazon_scrapper | Translation failed for review: Se le salía el vapor por la asa, lo devolví y me regresaron 1.00 peso jaja, después compré la instat por, plus. Chulada, esa si.
2026-09-02 15:39:57 | INFO | amazon_scrapper | Translation failed for review: Esta es la 5ta IP que compro, las otras dos que actualmente uso son el modelo normal Pro de 8qt y la Pro que incluye tapa Airfry.A pesar de que las 3 sean “Pro”, está sería mi opción si sólo tuviera 1, en verdad se siente superior a las otras. Desde lo estético de la pantalla hasta los niveles de personalización de los programas y que todo esto lo puedes controlar desde la App.Lo único es que es de 6qt. que en mi caso fue por lo que al final me decidí a adquirirla (las otras 2 que uso son 8qt). Si la capacidad no es problema, 100% recomiendo este modelo por sobre todos los demás.Si buscas tu primera IP, agrego que de todas las que he tenido, es la más fácil de utilizar.
2026-09-02 15:40:00 | INFO | amazon_scrapper | Translation failed for review: شكرا لكم على خدمتكم
2026-09-02 15:40:01 | INFO | amazon_scrapper | Translation failed for review: جداً ممتازه
2026-09-02 15:40:03 | INFO | amazon_scrapper | Translation failed for review: Se siente la diferencia :)
2026-09-02 15:40:04 | INFO | amazon_scrapper | Translation failed for review: سهلة الاستخدام ، قوية وفعالة ، خفيفة.
2026-09-02 15:40:06 | INFO | amazon_scrapper | Translation failed for review: Great product
2026-09-02 15:40:07 | INFO | amazon_scrapper | Translation failed for review: Was braucht man mehr? Zwei Stufen, Drucksensor für wenn man mal gestresst ist, und einen Timer.Akkulaufzeit ist auch bei Stufe 2 für 7 Tage noch einwandfrei. Alle 9 Tage mal laden und dann passt das.Würd ich immer wieder kaufen.
2026-09-02 15:40:08 | INFO | amazon_scrapper | Translation failed for review: Este es mi segundo cepillo eléctrico oral-b, me encantan, ya no regreso a los tradicionales. Siento los dientes más limpios y es más sencillo el cepillado de dientes.Un tip para mantener la base del cargador y el cuerpo del cepillo limpios es que al terminar de lavarse los dientes no pongan el cepillo directo al cargador. Primero separen el cabezal y el cuerpo del cepillo, enjuaguenlos bien, sequelos y ya después ponen solo el cuerpo del cepillo en el cargador.Actualización (12/sep/2024): a ya casi dos años de la reseña, mi cepillo y el cargador siguen en excelentes condiciones. Solo es cuestion de cuidarlo y mantenerlo limpio.
2026-09-02 15:40:09 | INFO | amazon_scrapper | Translation failed for review: Works well
2026-09-02 15:40:12 | INFO | amazon_scrapper | Translation failed for review: Amazing
2026-09-02 15:40:12 | INFO | amazon_scrapper | Translation failed for review: Nunca había usado uno y escuchaba que eran muy buenos y que valían la pena. Por los dientes sensibles no opté por los que giran, me fui por este que vibra y pensé que quizá sería algo Meh! …Lejos de la realidad. Es un súper cepillo! Se siente MUY POTENTE en velocidad baja hasta puedes llegar a sentir tus dientes en peligro jaja pero no te causa daño, al contrario, con los manuales me estaba lastimando el esmalte y sobre todo había partes que se sentían difíciles de alcanzar. Este lo conseguí en oferta, solo viene un cabezal y es pequeño, alcanza lugares difíciles y se siente suave con las encías, definitivamente lo recomiendo para dientes sensibles. Hay muchas opciones de cabezales para diferentes propósitos. Solo 2 velocidades y muy sencillo de usar.Lo volvería a comprar sin dudarlo.
2026-09-02 15:40:13 | INFO | amazon_scrapper | Translation failed for review: جميل
2026-09-02 15:40:14 | INFO | amazon_scrapper | Translation failed for review: Good
2026-09-02 15:40:15 | INFO | amazon_scrapper | Translation failed for review: Excelente!
2026-09-02 15:40:16 | INFO | amazon_scrapper | Translation failed for review: Ho provato lo spazzolino elettrico sonico COSLUS e ha cambiato completamente la mia igiene orale quotidiana! Le 5 modalità – pulizia profonda, sbiancamento, massaggio gengive, denti sensibili e potente – con 3 livelli di intensità si adattano a tutti: delicato per i bambini e forte per apparecchi ortodontici. Le vibrazioni soniche ad alta frequenza spazzano via la placca in profondità, lasciando i denti lucidissimi e le gengive sane, con un timer intelligente che segna i 2 minuti perfetti. La batteria resiste settimane con una ricarica USB rapida, è impermeabile e super ergonomico, facile da pulire dopo l'uso sotto la doccia. Dopo poche settimane noto già denti più bianchi, alito fresco e meno sensibilità – un vero alleato per sorrisi perfetti senza sforzi extra. Lo uso mattina e sera e non ne farei più a meno!
2026-09-02 15:40:28 | INFO | amazon_scrapper | Translation failed for review: oggetto arrivato, ha spina inglese-americana non indicato nella descrizione. serve un adattatore (non incluso) o richiede modifica. impossibile contattare venditore
2026-09-02 15:40:33 | INFO | amazon_scrapper | Translation failed for review: He estado usando el Oral-B Pro 1000 CrossAction y me ha gustado mucho. La limpieza es más profunda que con un cepillo manual: ayuda a eliminar placa y cuidar las encías de manera más eficiente. El temporizador integrado facilita completar los dos minutos recomendados, guiando 30 segundos en cada cuadrante. Además, el cabezal redondo llega a zonas difíciles con mucha más facilidad que un cepillo convencional.
2026-09-02 15:40:46 | INFO | amazon_scrapper | Translation failed for review: Llevo 3 días de uso, los dientes quedan muy limpios, si sucede algo negativo regresaré a dar una actualización de esta opinión. Pero hasta ahora estoy muy agusto con este producto.
2026-09-02 15:41:03 | INFO | amazon_scrapper | Translation failed for review: Après plusieurs semaines d’utilisation, je peux dire que la brosse à dents électrique Oral-B iO7 a largement dépassé mes attentes. Dès la première utilisation, on ressent une réelle différence au niveau de la propreté des dents. Elles sont lisses, propres et donnent une sensation comparable à celle d’un nettoyage professionnel chez le dentiste.La prise en main est excellente et la brosse est très confortable à utiliser. Les différents modes de brossage permettent d’adapter le nettoyage selon les besoins, que ce soit pour un nettoyage quotidien, en douceur ou plus intensif. Le capteur de pression est un excellent ajout, car il aide à éviter de brosser trop fort et protège les gencives.L’autonomie est très bonne et la recharge est simple grâce à la base magnétique. J’apprécie également l’application Oral-B, qui permet de suivre chaque séance de brossage, de voir si toutes les zones de la bouche ont été correctement nettoyées, d’obtenir des statistiques sur ses habitudes et de recevoir des conseils pour améliorer sa technique. C’est une fonctionnalité très utile qui aide à adopter une meilleure routine d’hygiène bucco-dentaire.Points forts :* Nettoyage exceptionnel et sensation de dents très propres.* Fonctionnement silencieux et très agréable.* Plusieurs modes de brossage adaptés à différents besoins.* Capteur de pression efficace pour protéger les gencives.* Suivi détaillé des brossages avec l’application Oral-B.* Conseils personnalisés et statistiques de progression.* Excellente autonomie de la batterie.* Qualité de fabrication haut de gamme.* Recharge magnétique pratique.En résumé, la Oral-B iO7 est une brosse à dents électrique de très grande qualité qui offre une expérience de brossage nettement supérieure à une brosse manuelle. Les fonctionnalités connectées avec l’application ajoutent une réelle valeur en permettant de suivre et d’améliorer ses habitudes de brossage au fil du temps. Malgré un prix plus élevé, les performances, le confort d’utilisation et les fonctionnalités justifient largement l’investissement. Je la recommande sans hésitation à toute personne souhaitant améliorer son hygiène bucco-dentaire.
2026-09-02 15:41:06 | INFO | amazon_scrapper | Translation failed for review: ¡Excelente cepillo! compre uno de pilas y fue un dolor de cabeza, vale mas la pena imvertir en uno recargable y este fue una muy buena opción.
2026-09-02 15:41:45 | INFO | amazon_scrapper | Translation failed for review: Acheté 34E99 en juin 2024La brosse à dent tient verticalement dans la salle de bain et quand on veut la recharger il y'a un câble USB.Un étui très pratique est fourni avec et je l'ai utilisé pour partir en week-end pour emporter proprement l'appareil et deux brossettes.J'en suis à un peu plus de 2 mois d'utilisation.J'ai rechargé cette brosse une seule fois et changé de brossette une seule fois.Les brossettes fournies me semblent efficaces.J'avais une Oral-B et je trouve cette brosse là un peu meilleure.La Oral-B se salissait beaucoup au niveau du socle, là ou l'induction recharge.Les brossettes Oral-B sont chères et ne tiennent deux semaines.
2026-09-02 15:42:12 | INFO | amazon_scrapper | Language detection failed for review: 5/5
2026-09-02 15:42:26 | INFO | amazon_scrapper | Translation failed for review: WORKS GREAT, NO PROBLEMS
2026-09-02 15:42:31 | INFO | amazon_scrapper | Translation failed for review: Perfekt
2026-09-02 15:42:33 | INFO | amazon_scrapper | Translation failed for review: ممتازة جداصوت جهوري رائع
2026-09-02 15:42:54 | INFO | amazon_scrapper | Translation failed for review: Bärremmen till högtalaren var trasig från start
2026-09-02 15:43:09 | INFO | amazon_scrapper | Translation failed for review: Lindinha, som alto. Gostei
2026-09-02 15:43:11 | INFO | amazon_scrapper | Translation failed for review: الصوت قوي وجميل وخفيف انصح بيه
2026-09-02 15:43:13 | INFO | amazon_scrapper | Translation failed for review: En una execelente bocina, creo que vale su precio, tiene buen volumen, buena duración de batería, ha 6 meses de la compra no he tenido ningún tipo de detalle con su funcionamiento, recomiendo ampliamente este artículo.
2026-09-02 15:43:16 | INFO | amazon_scrapper | Translation failed for review: Fake
2026-09-02 15:43:21 | INFO | amazon_scrapper | Translation failed for review: Sleek. Sharp. Love
2026-09-02 15:43:23 | INFO | amazon_scrapper | Translation failed for review: Great price, Great Product
2026-09-02 15:43:26 | INFO | amazon_scrapper | Translation failed for review: Beautiful knives, great minimal storage!
2026-09-02 15:43:26 | INFO | amazon_scrapper | Translation failed for review: Me encantó
2026-09-02 15:43:30 | INFO | amazon_scrapper | Translation failed for review: Producto altamente recomendable y a buen precio.
2026-09-02 15:43:42 | INFO | amazon_scrapper | Translation failed for review: Produit d'une grande quantité, pour tous usage, de la préparation a l'assiette.Je recommande ce produit.
2026-09-02 15:43:46 | INFO | amazon_scrapper | Translation failed for review: Heel goed voorzichtig want zijn goed scherp.
2026-09-02 15:43:56 | INFO | amazon_scrapper | Translation failed for review: Bonne
2026-09-02 15:44:07 | INFO | amazon_scrapper | Translation failed for review: São de excelente qualidade. Lindas, ergonômicas, precisas e afiadas. Toda cozinha merece um kit de facas assim. Demorou para chegar, mas, valeu a pena esperar.
2026-09-02 15:44:09 | INFO | amazon_scrapper | Translation failed for review: Best knives I've ever had!!
2026-09-02 15:44:16 | INFO | amazon_scrapper | Translation failed for review: Amo! Me funcionan perfecto
2026-09-02 15:44:17 | INFO | amazon_scrapper | Translation failed for review: Excelente calidad, padrísima la madera y los cuchillos cortan increíble!!!
2026-09-02 15:44:27 | INFO | amazon_scrapper | Translation failed for review: Unbelievable cool - makes my man kitchen look good
2026-09-02 15:44:30 | INFO | amazon_scrapper | Translation failed for review: Mon conjoint est complètement fou de cette gamme. Je lui ai offert pour notre anniversaire et la qualité de la trousse est au rendez-vous. Elle pèse son poids ce qui prouve aussi la qualité des matériaux. Quant aux couteaux, ils sont très qualitatif et le tranchant est exceptionnel.Je pense que ce sont des couteaux qui peuvent durer dans le temps avec un bon entretien
2026-09-02 15:44:51 | INFO | amazon_scrapper | Translation failed for review: Super messerblock auch nach 3 Jahren noch einziger Nachteil mam muss mit der Zeit die Messer von Hand schärfen da sich im Messerblock der Schärfungsstein verbraucht
2026-09-02 15:44:52 | INFO | amazon_scrapper | Translation failed for review: All good.
2026-09-02 15:45:06 | INFO | amazon_scrapper | Translation failed for review: Excelente artículo, mejor precio, calidad de fotografías.
2026-09-02 15:45:21 | INFO | amazon_scrapper | Translation failed for review: Ótima câmera! Excelente qualidade
2026-09-02 15:46:08 | INFO | amazon_scrapper | Translation failed for review: تجاهلت التعلقيات على هالآلة وجبتها عشان تشبه آلة لورلاي من قيلمور قيرلز ولما جات سويت فيها قهوة حلوة و لما جيت اسوي مره ثانية معد صارت تشتغل معرف شفيها اضغط الزر و ما يسوي شي حرفياً 💔💔
2026-09-02 15:46:17 | INFO | amazon_scrapper | Translation failed for review: Ótima
2026-09-02 15:46:35 | INFO | amazon_scrapper | Translation failed for review: Cafeteira maravilhosa! Tenho uma emUso e comprei outra para garantir, antes que saia de linha.
2026-09-02 15:48:19 | INFO | amazon_scrapper | Translation failed for review: Lo primero, un 10 a la entrega, me ha llegado 1 semana antes de lo inicialmente previsto.La calidad de los materiales es muy alta, destaca el tacto y la precisión de las piezas.El montaje es muy sencillo, siguiendo las instrucciones no cabe lugar a dudas (recomiendo un atornillador eléctrico para apretar los tornillos o es muy tedioso estar dándole vueltas a la llavecita).El funcionamiento, la comodidad, el que tenga de todo (bluetooth, altavoces, los reposabrazos ajustables (rotatoriamente también un poco) y el reposapiés la hace genial para sesiones intensas de ordenador, sea por trabajo, ocio o gaming. Incluso es cómoda para echar una siesta si se quiere.La única pega, y espero que el vendedor o fabricante me resuelva esta duda, es que el altavoz izquierdo no suena. Entiendo que estos altavoces son para una experiencia envolvente y por ende no tienen mucho volumen, ya que se escucha muy tenuemente. Pero el altavoz izquierdo no me suena. Mirando el receptor bluetooth, parece que cada altavoz debería tener un cable jack independiente, y conectar ambos cables al receptor. Yo sólo encontre uno, y antes de abrir la funda (que implica desmontarlo) quiero asegurarme de que sí que tiene que haber un cable, y que éste se encontrará dentro de la funda por haberse colado por el agujero de salida.Sin duda, al precio que está, la recomiendo encarecidamente.
2026-09-02 15:48:19 | INFO | amazon_scrapper | Translation failed for review: Muy buen producto, robusto y cómodo. Fácil de montar, solo con la llave que trae. Veremos como envejece.
2026-09-02 15:48:25 | INFO | amazon_scrapper | Translation failed for review: Por ahora bastante bien. La estrella adicional se la daré pasado un año, si veo que los materiales y las estructuras se mantienen perfectamente
2026-09-02 15:48:26 | INFO | amazon_scrapper | Translation failed for review: Kurz in eigener Sache:Der DPD Fahrer behauptete einfach das ich nicht da war und lieferte das Paket an einen Shop.Ärgerlich, schlimmer noch ich bin Schlaganfallpatient!So musste ich dann das sperrige Paket zu Fuß abholen, da der DPD Fahrer zu faul war bis an die Tür (1. Etage) zu liefern.Der Verkäufer hat wirklich sehr nett reagiert und mir von sich aus Rabatt für meine Unannehmlichkeiten gewährt.Ein sehr freundlicher Kontakt und auch der Service ist herausragend!Nun zum Gaming Stuhl:Der Aufbau und die Montage des Stuhls waren wirklich einfach, auch benötigt man nur das einzige mitgelieferte Werkzeug.Es gibt einen QR-CODE das ein Aufbau Video zur Verfügung stellt, praktisch, aber es geht auch ohne sehr gut.Nach etwa einer halben Stunde war der Gaming Stuhl aufgebaut und konnte benutzt werden.Der Stuhl ist wirklich komfortabel, für meinen Rücken der sehr empfindlich ist optimal.Gerade das Lendenwirbel-Kissen unterstützt den Rücken optimal bei längeren Gaming Sessions, bei mir sind es LKW Fahrten im Simulatorbereich.Ich nutze ein Lenkrad mit Pedalen, daher habe ich hohe Anforderungen, die ich an einem Gaming Stuhl stelle.Auch das Nackenkissen lässt sich variabel verschieben, so wird der Nacken gut gestützt!Dieser Stuhl bietet wahnsinnig viele Anpassungsmöglichkeiten und Einstellungen, genau das habe ich gesucht!Ich bin 1.74cm groß und die Maße des Stuhls sind optimal für mich.Auch die Beinauflage kommt mir sehr entgegen, bei größeren Menschen könnte diese nicht mehr gut passen.Das sollte man vielleicht vor dem Kauf beachten!Der Gaming Stuhl hat einen mittleren Härtegrad, man versinkt nicht darin, aber es ist jederzeit bequem auch nach längerer Nutzung.Der Clou ist natürlich die abnehmbare Rückseite, so das man im Sommer nicht festklebt!Dann ist der Rückenbereich luftig und die Wärme kann zirkulieren.Dafür verzichte ich gerne auf eine Massage Funktion, denn der Designer hat hier eine wesentliche Verbesserung des Komforts erreicht.Mein Gaming Computer erzeugt eine Menge Hitze, die heißen Sommer tun das übrige und schon klebt man in handelsüblichen Gaming Stühlen förmlich fest.Durch das Netzgewebe in der Rückenlehne kann nun der Ventilator die Luft verteilen, eine super Sache wie ich finde.So behält man stets einen kühlen Kopf beim zocken und ein Massage Kissen kann man für 10€ nachrüsten falls erforderlich.Der Stuhl eignet sich auch gut als TV Sessel, dieser lässt sich wunderbar nach hinten klappen.Äußerst bequem mit der Beinauflage!Auch ein kleines Nickerchen ist möglich, ohne danach gleich einen Chiropraktiker zu benötigen.Die Rollen sind leichtgängig, unangenehme Geräusche des Stuhls im Allgemeinen sind mir noch nicht aufgefallen.Die Nähte sind sehr sauber verarbeitet und der Gaming Stuhl wirkt ästhetisch hochwertig, wie ein Sportsitz im Auto.Ähnlich ist auch der Seitenhalt, die Armlehnen sind breit und angenehm gepolstert!Fazit:Für mich persönlich ein rundum gelungenes Produkt von hoher Qualität und zu einem vernünftigen Preis dazu.Der abnehmbare Rückenbezug ist eine super Idee und äußerst praktisch für die heißen Sommer!Der Komfort des Gaming Stuhls ist meiner Meinung nach sehr hoch, die Ästhetik kommt auch nicht zu kurz, tolles Design gepaart mit sauberer Verarbeitung!Schwachpunkte konnte ich bisher nicht ausmachen, Haltbarkeit kann ich noch nicht bewerten.Der Service stimmt, sollte ich wieder ähnliches Gaming Zubehör benötigen, ist der Verkäufer sicher mein erster Ansprechpartner!⭐⭐⭐⭐⭐ absolut verdient und ich empfehle dieses Produkt gerne weiter.
2026-09-02 15:48:48 | INFO | amazon_scrapper | Translation failed for review: Meilleur chaise que j’ai eu dans ma vie, terminé le mal de dos, le support fonctionne très bien pour moi. Super confortable le siège est fait grand c’est géniale
2026-09-02 15:48:53 | INFO | amazon_scrapper | Translation failed for review: Sólida pero no es hecha para maltratarse.Una de las cosas más shockeantes a la hora de recibir este producto es su packaging. Uno cree que compró algo barato cuando la realidad es que todo está optimizado para que recibas el mejor producto posible por el precio que pagaste.Esta silla no es para nada frágil. La mayor parte de la construcción es de metal y de plástico de buen material, además de contar con un diseño ingenioso para ajustar los tornillos para tener el mejor ensamblaje con relación de dificultad. Los tornillos están posicionados de tal manera que aunque simple, permite garantizar una presión y sostenibilidad superior a lo que te esperas por este rango de precio.Eso si, esto no esta hecho para armarse a la rapidez y con mucha fuerza. Requiere paciencia y "maña" a la hora de insertar los tornillos de las patas, la espalda de la silla y sobre todo los brazos. Le doy un 7/10 de dificultad de armando que aunque es sencillo requiere que prestes atención.¿Recomendaría este producto a los más "exigentes"? La respuesta es compleja, pero en mi experiencia. Un si, si deseas tratar tu silla con debido cuidado de no agitarte demasiado o no tener malas posturas que el mismo instructivo te dice que debes evitar para un uso óptimo de la silla. Un no, si lo que buscas es una silla ergonómica que aguante el uso más rudo de lo rudo.En resumen, gran silla, packaging que da algo de miedo pero es una experiencia satisfactoria al final. Altamente recomendable si estás en un apuro económico o si es tu primera silla de escritorio.
2026-09-02 15:48:57 | INFO | amazon_scrapper | Translation failed for review: Ich habe den GTPLAYER Gaming Stuhl in Hellblau seit einiger Zeit im Einsatz und bin sehr zufrieden. Der Aufbau war einfach und alle Teile waren vollständig und gut verarbeitet.Besonders überzeugt das bequeme Federsitzkissen, das auch nach mehreren Stunden noch hohen Sitzkomfort bietet. Die Stoffoberfläche ist angenehm und gerade bei Wärme deutlich besser als Kunstleder.Die Rückenlehne lässt sich gut verstellen, und zusammen mit der ausziehbaren Fußstütze kann man entspannt zurücklehnen. Die mitbewegenden Armlehnen sind ebenfalls sehr praktisch.Optisch wirkt der Stuhl modern und hochwertig und passt gut ins Arbeitszimmer. Insgesamt bietet er ein sehr gutes Preis-Leistungs-Verhältnis.Klare Kaufempfehlung für alle, die einen komfortablen Gaming oder Bürostuhl suchen.
2026-09-02 15:49:03 | INFO | amazon_scrapper | Translation failed for review: Superbe fauteuil qui respire la qualité.Montage en 15 minutes et sans outil à part celui qui est fournis.Stable et très confortable
2026-09-02 15:49:44 | INFO | amazon_scrapper | Translation failed for review: Super soddisfatto!!!Sedia veramente comoda, bella e molto stabile anche per me che sono 1.80 per più di 100kg. La seduta è ideale con un ottimo supporto lombare.Anche da reclinata è molto comoda al punto che potrei anche farci un pisolino.L'unica cosa che non mi convince è il poggiapiedi ma non avevo comunque intenzione di utilizzarlo.Il montaggio è facile e le viti sono organizzate perfettamente,io l'ho montata in mezz'oretta.Per rapporto qualità prezzo direi che è ottima e merita un bel 9! CONSIGLIATISSIMA!!!
2026-09-02 15:49:44 | INFO | amazon_scrapper | Translation failed for review: Der Stuhl war super einfach aufzubauen, auch ganz alleine. Er ist bequem und durch das kleine Fußbrett kann ich auch im Schneidersitz am Schreibtisch arbeiten.Lohnt sich auf jeden Fall
2026-09-02 15:50:11 | INFO | amazon_scrapper | Translation failed for review: Ottimo per viaggiare
2026-09-02 15:50:18 | INFO | amazon_scrapper | Translation failed for review: عملية و أنيقة..مليانة أماكن للتخزين المنظم و الخامة الخارجية ممتازة. البطانة محتاجة حرص في الاستعمال. قفل السوستة بتاعة اللابتوب ميزة كويسة للي بيشيل الشنطة في أماكن زحمة.خامة بطانة الحمالات ممتازة و مريحة.مليانة أماكن للتعليق لونها أحمر ده غير الهوك اللي تحت قدام اللي شكله حلو.
2026-09-02 15:50:57 | INFO | amazon_scrapper | Translation failed for review: لها ١٦ يوم عندي ماشاء الله حلوه وصافيه واللعب فيها سلس وركبت عليها سماعه خارجيه  والشاشه حلوه عامودها حديد ثقيل واقدر ارفعها وانزلها يتحرك العامود اللعب فيها بلاستيشن فايف  واشغل عليها اليوتيوب رهيبه
2026-09-02 15:51:50 | INFO | amazon_scrapper | Translation failed for review: Muito boa, não vaza, conserva a temperatura.
2026-09-02 15:52:07 | INFO | amazon_scrapper | Translation failed for review: Estético y funcional! Este termo de Owala es perfecto, gran capacidad, mantiene el líquido frío durante muchas horas, su asa permite cargarlo fácilmente a cualquier lugar y lo mejor su sistema antiderrames es completamente seguro!! Lo compraría de nuevo.
2026-09-02 15:52:11 | INFO | amazon_scrapper | Translation failed for review: La marca es buena y la calidad y precio tambien ademas de haberlo obtenido con una muy buen aoferta del hot sale, mantiene los hielos por mas de 12 horas sin duda volveria a comprarlo
2026-09-02 15:53:59 | INFO | amazon_scrapper | Translation failed for review: A garrafa é ótima, e achei a cor LINDA, mas começou a aparecer uns “arranhoes” estragando um pouco a cor. Levo na bolsa as vezes mas nunca deixei em contato com algo que pudesse arranhar e danificar a tinta (caneta, chave, piranha de cabelo, tesoura, nada do tipo).Tinha uma outra, do mesmo modelo, azul, que comprei no Brasil mesmo e isso nunca havia acontecido.
2026-09-02 15:54:00 | INFO | amazon_scrapper | Translation failed for review: Echt super 👍
2026-09-02 15:54:03 | INFO | amazon_scrapper | Translation failed for review: Tengo con ellas ya casi medio año, el material se siente bien aún, el color no ha cambiado (teniendo sus cuidado claro) solo siento que las de que son color gris obscuro y negro se estiraron un poco, pero nada grave.En general son una muy buena opción calidad/precio. Voy a comprar otros 2 juego.Actualización del segundo paquete, la tela sigue siendo de buena calidad, las medidas son acorde a lo descrito y se sienten muy bien.
2026-09-02 15:54:03 | INFO | amazon_scrapper | Language detection failed for review: 👍
2026-09-02 15:54:05 | INFO | amazon_scrapper | Translation failed for review: Ansonsten ein schönes T-Shirt, sehr gut geschnitten. Das Shirt ist schmal, aber nicht zu sehr und hat eine sehr schöne Länge. Der Stoff wirkt etwas durchscheinend, es bleibt abzuwarten, wie das Shirt nach mehrmaligem Waschen aussieht.
2026-09-02 15:54:07 | INFO | amazon_scrapper | Language detection failed for review: 👍
2026-09-02 15:54:09 | INFO | amazon_scrapper | Translation failed for review: Tengo con ellas ya casi medio año, el material se siente bien aún, el color no ha cambiado (teniendo sus cuidado claro) solo siento que las de que son color gris obscuro y negro se estiraron un poco, pero nada grave.En general son una muy buena opción calidad/precio. Voy a comprar otros 2 juego.Actualización del segundo paquete, la tela sigue siendo de buena calidad, las medidas son acorde a lo descrito y se sienten muy bien.
2026-09-02 15:54:09 | INFO | amazon_scrapper | Language detection failed for review: 👍
2026-09-02 15:54:11 | INFO | amazon_scrapper | Translation failed for review: Bonne taille
2026-09-02 15:54:13 | INFO | amazon_scrapper | Language detection failed for review: 👍
2026-09-02 15:54:14 | INFO | amazon_scrapper | Translation failed for review: La tela está súper suavecita, pero el color no se parece al de la foto (seguramente porque el color está photoshopeado en todos las opciones de color)
2026-09-02 15:54:23 | INFO | amazon_scrapper | Translation failed for review: Lite tjockare tyg och bättre krage än andra märken. Håller formen.
2026-09-02 15:54:25 | INFO | amazon_scrapper | Translation failed for review: Ok
2026-09-02 15:54:42 | INFO | amazon_scrapper | Language detection failed for review: 👍
2026-09-02 15:55:41 | INFO | amazon_scrapper | Translation failed for review: Cómodas, suaves y no se huelen mal a pesar de sudar mucho con el paso del tiempo.
2026-09-02 15:55:44 | INFO | amazon_scrapper | Translation failed for review: Excellent produit , tissu et couleur plus que correct. Excellent rapport qualité-prix
2026-09-02 15:55:49 | INFO | amazon_scrapper | Translation failed for review: Good
2026-09-02 15:55:50 | INFO | amazon_scrapper | Translation failed for review: talla correcta buena tela
2026-09-02 15:55:50 | INFO | amazon_scrapper | Translation failed for review: Kleinzoon was er erg blij mee,Maat klopt en de kleur en kwaliteit is goed.
2026-09-02 15:55:53 | INFO | amazon_scrapper | Translation failed for review: Me gustó mucho. Aunque no sé porque la tienen que vender en par.
2026-09-02 15:56:05 | INFO | amazon_scrapper | Translation failed for review: Die Qualität könnte besser sein
2026-09-02 15:56:29 | INFO | amazon_scrapper | Translation failed for review: Gute T-Shirts ! Habe sie für meinen 15 Jährigen Sohn gekauft. Er nimmt sie gerne zum unterziehen bei Pullovern oder Hoodies . Sie sind bequem und haben ein angenehmes Tragegefühl vom Stoff.  Haben sie jetzt bestimmt schon 10 - 15 mal gewaschen.  Leiern nicht aus oder laufen nicht ein beim waschen bzw. im Trockner. Farbe ist immer noch wie beim Kauf.  Werden sie nochmal bestellen.
2026-09-02 15:56:36 | INFO | amazon_scrapper | Translation failed for review: love it
2026-09-02 15:56:39 | INFO | amazon_scrapper | Translation failed for review: Bonne t-shirt mais attention à taille..  demander 1 ou 2 taille de moins.. tailles grande..
2026-09-02 15:56:43 | INFO | amazon_scrapper | Translation failed for review: Good
2026-09-02 15:56:47 | INFO | amazon_scrapper | Translation failed for review: Playera muy cómoda y tela de excelente calidad.
2026-09-02 15:56:59 | INFO | amazon_scrapper | Translation failed for review: Execelente calidad, le encantaron!
2026-09-02 15:57:01 | INFO | amazon_scrapper | Translation failed for review: very nice notbooks
2026-09-02 15:57:02 | INFO | amazon_scrapper | Translation failed for review: Excelentes cuadernos, muy buena calidad, hojas de buen grosor
2026-09-02 15:57:04 | INFO | amazon_scrapper | Translation failed for review: نفس دفتر جرير اللهم مافي الفاصل الي بالنص
2026-09-02 15:57:04 | INFO | amazon_scrapper | Translation failed for review: Muy buenos, buena calidad los colores de pastas de moda, muy recomendable
2026-09-02 15:57:08 | INFO | amazon_scrapper | Translation failed for review: Gute Qualität, habe ich Mitarbeitern zur Einarbeitung geschenkt...
2026-09-02 15:57:49 | INFO | amazon_scrapper | Translation failed for review: Buena calidad del material. Bien cocidos, no se desarman con facilidad y la calidad del papel se siente adecuada.
2026-09-02 15:57:54 | INFO | amazon_scrapper | Translation failed for review: Great value
2026-09-02 15:58:07 | INFO | amazon_scrapper | Translation failed for review: Lindo!! Amei.. e veio super rápido!
2026-09-02 15:58:08 | INFO | amazon_scrapper | Translation failed for review: My absolute favorite journals!
2026-09-02 15:58:09 | INFO | amazon_scrapper | Translation failed for review: Me encantó, excelente libreta para el día a día en el trabajo.
2026-09-02 15:58:12 | INFO | amazon_scrapper | Translation failed for review: Great notebooks
2026-09-02 15:58:13 | INFO | amazon_scrapper | Translation failed for review: Good
2026-09-02 15:58:20 | INFO | amazon_scrapper | Translation failed for review: Das Papier ist sehr dünn und mein Fineliner schreibt durch das Papier. Somit wird die Rückseite unbrauch und die übernächste Seite bekommt leichte Tintenspuren. Sogar ein gewöhnlicher Kugelschreiber hinterlässt sichtbare Spuren auf der übernächsten Seite.Die 3 Sterne gibt es nur für die schnelle Lieferung und die Vergünstigung zum Black Friday. Mehr als 2€ pro Block ist es aber wirklich nicht wert.
2026-09-02 15:58:22 | INFO | amazon_scrapper | Translation failed for review: Great quality
2026-09-02 15:58:24 | INFO | amazon_scrapper | Translation failed for review: Great quality, great value
2026-09-02 15:58:27 | INFO | amazon_scrapper | Language detection failed for review: 👍
2026-09-02 15:58:30 | INFO | amazon_scrapper | Translation failed for review: conforme à la description papier agréable
2026-09-02 15:58:31 | INFO | amazon_scrapper | Translation failed for review: Me encanta es grande y tienes la letras grandes y muy bella obviamente 🥰😍
2026-09-02 15:58:35 | INFO | amazon_scrapper | Translation failed for review: Perfeito. Igualzinho ao último que comprei. Nem vai parecer que troquei o caderno. 😊
2026-09-02 15:58:36 | INFO | amazon_scrapper | Translation failed for review: me serviu muito bem, único problema é que a gramatura do papel não suporta marca texto, ele não chega a manchar a próxima folha, mas dá pra ver nitidamente atrás da mesma.
2026-09-02 15:58:39 | INFO | amazon_scrapper | Translation failed for review: Me llegó algo doblado de las esquinas, pero estéticamente bien
2026-09-02 15:58:41 | INFO | amazon_scrapper | Translation failed for review: Excelente, lo compre para mejorar la letra de mi niño y le ha funcionado bien.
2026-09-02 15:58:41 | INFO | amazon_scrapper | Translation failed for review: لا يوجد ملاحظات
2026-09-02 15:58:44 | INFO | amazon_scrapper | Translation failed for review: Not like picture
2026-09-02 15:58:46 | INFO | amazon_scrapper | Translation failed for review: Très grand cahier.Beaucoup d'espace pour rédiger.Je l'adore. Je crois que je vais m'abonner pour en recevoir un régulièrement !
2026-09-02 15:58:54 | INFO | amazon_scrapper | Translation failed for review: Good
2026-09-02 16:00:19 | INFO | amazon_scrapper | Translation failed for review: Hace mucho que descubrí que NB era mi marca de zapas favorita.Una vez más:Tamaño de la horma ideal si tienes la planta del pie un poco más ancha de lo normal.Durabilidad garantizada para horas y horas con las zapas puestas.Calidad precio imbatible si tenemos en cuenta el número de horas que las utilizas y el estado en el que se conservan.Diseño excelente si tenemos en cuenta las tendencias actuales.En definitiva, mejor compra de zapatillas casual imposible.
2026-09-02 16:00:32 | INFO | amazon_scrapper | Translation failed for review: Le scarpe sono arrivate nei tempi previsti che giudico comunque lunghi rispetto alle spese di spedizione pagate, grazie alle recensioni ho preso un numero di più e vanno benissimo sono davvero comode
2026-09-02 16:00:45 | INFO | amazon_scrapper | Translation failed for review: 白いスニーカーは色々あるけれど、これはデザインがゴツすぎず、可愛い感じがするので気に入っています。底のクッションも快適で、他のスニーカーより歩いても足裏が痛くなりません。コン★ースの靴はすぐ痛くなる私ですが、これはだいぶ良いです。
2026-09-02 16:00:53 | INFO | amazon_scrapper | Translation failed for review: Llegaron en perfectas condiciones. En estética y calidad se notan muy bien. Se nota que son más cómodos de lo que parecen. Ya veremos al usarlos.Quizás lo único que me parece les faltaría, es que vengan cocidos, como es en otros tenis que son de materiales de piel o cuero.Pero fuera de ello, sin duda son una buena opción.
2026-09-02 16:00:54 | INFO | amazon_scrapper | Translation failed for review: Excelente calidad, cómodos, talla adecuada, ligeros. Tienen muy buena vista
2026-09-02 16:01:04 | INFO | amazon_scrapper | Translation failed for review: Me gustan mucho porque son ligeros y cómodos. Además de que están lindos.
2026-09-02 16:01:06 | INFO | amazon_scrapper | Translation failed for review: まだ使用してませんが通気性が良さそうで、暑い時期に丁度良いスニーカーだと思いますゴム紐タイプなので、ワンサイズ上にして良かったです
2026-09-02 16:01:08 | INFO | amazon_scrapper | Translation failed for review: OK
2026-09-02 16:01:09 | INFO | amazon_scrapper | Translation failed for review: Rubbish - does not work in UK
2026-09-02 16:01:10 | INFO | amazon_scrapper | Translation failed for review: Super lindos me encantaron, soy número 25 y me quedaron perfecto, son fieles a la talla.  El color lindo y muy fresco los recomiendo muy buena calidad. Súper cómodos.  Gracias Project  Cloud
2026-09-02 16:01:23 | INFO | amazon_scrapper | Translation failed for review: J'ai aimer
2026-09-02 16:01:30 | INFO | amazon_scrapper | Translation failed for review: Super bequemer Schuh alles super
2026-09-02 16:01:41 | INFO | amazon_scrapper | Translation failed for review: Une chandelle qui sent bon
2026-09-02 16:01:50 | INFO | amazon_scrapper | Language detection failed for review: 
2026-09-02 16:02:01 | INFO | amazon_scrapper | Translation failed for review: Smells Amazing
2026-09-02 16:02:04 | INFO | amazon_scrapper | Translation failed for review: Muito cheirosa, mas não dá para acender, pois veio sem os pavios.
2026-09-02 16:02:08 | INFO | amazon_scrapper | Translation failed for review: Great candle at a great price
2026-09-02 16:02:11 | INFO | amazon_scrapper | Translation failed for review: Great smell
2026-09-02 16:02:12 | INFO | amazon_scrapper | Translation failed for review: وصلني غير عن الصوره انتبهو
2026-09-02 16:02:15 | INFO | amazon_scrapper | Translation failed for review: J'aaaaaaadore ces bougies!
2026-09-02 16:02:17 | INFO | amazon_scrapper | Translation failed for review: die ganze wohnung riecht danach, kann ich nur empfehlen
2026-09-02 16:02:18 | INFO | amazon_scrapper | Translation failed for review: Super Duft
2026-09-02 16:02:21 | INFO | amazon_scrapper | Translation failed for review: Luktar underbart men priset är ofta ett problem.
2026-09-02 16:02:21 | INFO | amazon_scrapper | Translation failed for review: La meilleure bougie, elle laisse une odeur gourmande de vanille intense dans toute la pièce
2026-09-02 16:02:23 | INFO | amazon_scrapper | Translation failed for review: Ho acquistato questa candela come regalo per mia mamma, che ha un triplo salone, quindi cercavo qualcosa con un profumo persistente. L'aroma si diffonde nell'aria in maniera delicata, non da proprio l'idea di deodorante per ambienti e non ha nemmeno una fragranza troppo forte da interferire con i pasti - ad alcuni da fastido sentire altri odori mentre cenano. Se volete posizionarla in un ambiente più piccolo, potete acquistarne anche una più piccola, anche se questa, avendo uno stoppino più grande, riproduce un crepitio meraviglioso, consigliata!
2026-09-02 16:02:27 | INFO | amazon_scrapper | Translation failed for review: Cet ensemble de bougies d’automne est un enchantement pour les sens !Le lot de bougies AOOVOO, comprend quatre parfums d’automne à la divine senteur : Pumpkin Spice, Canelle-Pomme, Vanille de Blé, et Girofle-Cannelle.Toutes contiennent des huiles végétales, sont non toxiques, propres et durables. Elles ont été fabriquées avec de la cire de soja pure, et leurs mèches sont en coton sans plomb, ce sont donc des produits naturels.Chacune des bougies est prévue pour brûler pendant 40 à 50 heures, ce qui est très correct. Présentées à l’intérieur d’un coffret en carton aux élégantes couleurs de l’automne, avec un dessin particulièrement joli et délicat sur le dessus de la boîte, elles sont parfaitement protégées, logées dans leurs emplacements en mousse polyuréthane.La cire a été coulée dans un contenant en verre fumé de couleur marron et fermée par un couvercle aux tons cuivrés. Une délicate étiquette orne la paroi de verre, ajoutant un certain charme à l’ensemble.Ces bougies auront autant leurs places dans une chambre, qu’un salon, ou encore un espace travail comme un bureau. Leurs senteurs apaisent les tensions et procurent un bien-être et une satisfaction évidente.Ces bougies accompagneront tout naturellement la venue, l’installation et la fin de la saison automnale, l’une des plus belles saisons qui soit, et agrémenteront des moments précieux grâce aux 160 à 200 heures de parfum agréable qu’elles promettent.Une senteur différente pour chaque humeur ! Je ne peux que recommander ces bougies parfumées dont chacune des senteurs est une réelle découverte !
2026-09-02 16:02:28 | INFO | amazon_scrapper | Translation failed for review: Ho preso questo set di candele un po' per curiosità e un po' per rendere la casa più accogliente e devo dire che me ne sono innamorato al primo sguardo. La scatola è rifinita benissimo, sono così belle da vedere che quasi ti dispiace accenderle fanno figura ancora prima di usarle.Ma la cosa fondamentale è il profumo e qui ci siamo alla grande. Le fragranze come lavanda e gelsomino sono delicatissime, riempiono la stanza in modo naturale senza mai risultare stucchevoli o dare quel senso di "chimico" che spesso si sente con altre candele. La cera brucia benissimo, piano e in modo uniforme, senza fare fumo o lasciare buchi strani al centro, il che significa che durano davvero un'eternità.Dopo diverse sere accese sono ancora praticamente intatte quindi sulle 200 ore complessive ci siamo assolutamente. In più quando finiranno mi resteranno dei vasetti deliziosi da riutilizzare in giro per casa. Se cercate una coccola per voi o un regalo con cui fare un figurone spendendo il giusto andate a colpo sicuro.
2026-09-02 16:02:29 | INFO | amazon_scrapper | Translation failed for review: Smells wonderful!!
2026-09-02 16:02:35 | INFO | amazon_scrapper | Translation failed for review: Nice scent
2026-09-02 16:02:35 | INFO | amazon_scrapper | Translation failed for review: Love - smells like summer.  😊
2026-09-02 16:02:41 | INFO | amazon_scrapper | Translation failed for review: Smells like very faint soap. Not great at all. Does not smell like Teakwood & Mahogany.
2026-09-02 16:02:41 | INFO | amazon_scrapper | Translation failed for review: Le contenant de la chandelle était tout brisé. Je l'ai gardé pareil mais c'est juste plate
2026-09-02 16:02:43 | INFO | amazon_scrapper | Translation failed for review: Strong smell and long lasting
2026-09-02 16:02:51 | INFO | amazon_scrapper | Translation failed for review: perfect scent
2026-09-02 16:03:19 | INFO | amazon_scrapper | Translation failed for review: رائحته نفس روائح السباء
2026-09-02 16:03:26 | INFO | amazon_scrapper | Language detection failed for review: .
2026-09-02 16:03:28 | INFO | amazon_scrapper | Translation failed for review: Ótima qualidade pelo preço pago. São muito bonitos, leves e encaixam bem no rosto.
2026-09-02 16:04:04 | INFO | amazon_scrapper | Translation failed for review: Ürün çok basit almayı önermiyorum
2026-09-02 16:04:05 | INFO | amazon_scrapper | Translation failed for review: belli
2026-09-02 16:04:05 | INFO | amazon_scrapper | Translation failed for review: Las gafas son de plástico a mí me marean un poco, no las veo adecuadas para la vista
2026-09-02 16:04:06 | INFO | amazon_scrapper | Translation failed for review: Muy bonitas.
2026-09-02 16:04:09 | INFO | amazon_scrapper | Translation failed for review: جيد جدا
2026-09-02 16:04:12 | INFO | amazon_scrapper | Translation failed for review: Kesinlikle fiyat performans ürünü,çok şık duruyor,malzeme kaliteli hissettiriyor ,bu fiyata merdiven altı üretim,ne olduğu belli olmayan gözlük alacağımıza bize böyle bir gözlük alma olanağı sağladığı için Amazon a teşekkürler
2026-09-02 16:04:12 | INFO | amazon_scrapper | Translation failed for review: Utilisées comme sur-lunettes, possible grâce aux ponts réglables ; très efficaces, polarisation efficienteRepliées, compactes pouvant se ranger dans étui à clipser sur pare-soleilA recommander
2026-09-02 16:05:09 | INFO | amazon_scrapper | Translation failed for review: No es de la mejor calidad, pero creo por precio está en rango.Sin embargo el tiempo de espera para que llegara fue muy largo, y además me llegó roto.
2026-09-02 16:05:17 | INFO | amazon_scrapper | Translation failed for review: Je suis vraiment TRÈS satisfait de ce support, il est assez lourd pour une bonne stabilité, Il est bien conçu, les réglages sont multiples et il a un bonne hauteur pour ce qui est du bras de réception du téléphone ou de la tablette, ce qui est assez rare pour ce genre de support où ce bras est souvent trop court.De plus il est équipé d'un caoutchouc anti glissement sur le support et dans les deux griffes de bloquage, et c'est deux griffes sont assez large pour recevoir un téléphone avec housse ou une tablette.
2026-09-02 16:05:47 | INFO | amazon_scrapper | Translation failed for review: Jag är väldigt nöjd!
2026-09-02 16:05:54 | INFO | amazon_scrapper | Translation failed for review: Amo mi guitarra ! El diseño es bello ! Y no solo la compré para tocarla sino que también decora mi casa ❤️
2026-09-02 16:06:51 | INFO | amazon_scrapper | Translation failed for review: 音もいいですが低音を求めている人には向かないです!バラードにあいます!弦を変えたらまた変わるんじゃないかなと思ってます(*^^*)良きです🙆‍♀️
2026-09-02 16:07:05 | INFO | amazon_scrapper | Language detection failed for review: 
2026-09-02 16:07:29 | INFO | amazon_scrapper | Translation failed for review: good
2026-09-02 16:07:31 | INFO | amazon_scrapper | Translation failed for review: Super Gitarre mit viel Zubehör. Kommt sehr gut verpackt an. Auch die Tasche ist sehr hochwertig. Für den Anfang perfekt
2026-09-02 16:07:31 | INFO | amazon_scrapper | Translation failed for review: Ma guitare est arrivée un jour plus tôt que prévu et en parfait état, il faut dire qu'elle était particulièrement bien emballée, guitare et accessoires dans un carton adapté, lui-même parfaitement calé dans un autre grand carton. Je suis ravi, elle est très jolie et sonne très bien. C'est un véritable plaisir et je suis très satisfait de mon achat.
2026-09-02 16:07:34 | INFO | amazon_scrapper | Translation failed for review: Excelente armado y calidad de materialesExcelente sonido a pesar de ser pequeño
2026-09-02 16:07:34 | INFO | amazon_scrapper | Translation failed for review: 他の商品と比較すると少し高いですが、それはブランドという事で、、配送スピードや梱包は完璧です。
2026-09-02 16:07:36 | INFO | amazon_scrapper | Translation failed for review: Es una funda excelente. Bastante gruesa (para el tipo de funda), con una serie de bolsillo funcionales perfectos para colocar todos los accesorios necesarios para tocar. Me gustó el color también, es un tono café nogal que recuerda un poco a la madera de la tapa trasera de las guitarras. Evidentemente la mejor protección para los golpes es una funda rígida, pero si la guitarra no está expuesta a condiciones extremas, esta es una excelente opción a muy buen precio.Lo único que no me gustó mucho es que viene empaquetada doblada en una caja pequeña, así que tarda mucho en eliminar los pliegues y adquirir la forma extendida total. Aunque claro, es para ahorrar espacio en el envío, y es algo más bien estético, no le resta nada de funcionalidad.
2026-09-02 16:07:47 | INFO | amazon_scrapper | Translation failed for review: facile à utiliser et bon son, j ai été surpris !!!
